Test          , Units , Count , Flags , Expected    , Lower       , Upper       , Min         , Min Channel , Max         , Max Channel , Average     , Sigma       , Cp       , Cpk     
005:005:00000 , V     , 4     ,       ,  0.000E+000 , -9.750E-004 ,  9.750E-004 ,  0.000E+000 , 19.1ch0@16  ,  0.000E+000 , 19.1ch0@16  ,  0.000E+000 ,  0.000E+000 ,  0.000   ,  0.000  
005:010:00000 , V     , 4     ,       ,  3.500E-001 ,  3.256E-001 ,  3.744E-001 ,  3.552E-001 , 19.4ch0@16  ,  3.576E-001 , 19.2ch0@16  ,  3.564E-001 ,  1.017E-003 ,  7.993   ,  5.896  
005:015:00000 , V     , 4     ,       ,  7.000E+000 ,  6.513E+000 ,  7.488E+000 ,  7.104E+000 , 19.4ch0@16  ,  7.151E+000 , 19.2ch0@16  ,  7.127E+000 ,  2.023E-002 ,  8.031   ,  5.933  
005:020:00000 , V     , 4     ,       ,  0.000E+000 , -8.085E-003 ,  8.085E-003 ,  5.727E-007 , 19.3ch0@16  ,  2.124E-006 , 19.1ch0@16  ,  1.053E-006 ,  7.218E-007 ,  100.000 ,  100.000
005:025:00000 , V     , 4     ,       ,  0.000E+000 , -1.540E-004 ,  1.540E-004 ,  4.021E-005 , 19.2ch0@16  ,  4.973E-005 , 19.3ch0@16  ,  4.413E-005 ,  4.017E-006 ,  12.780  ,  9.118  
005:030:00000 , V     , 4     ,       ,  0.000E+000 , -1.617E-001 ,  1.617E-001 , -1.843E-005 , 19.2ch0@16  ,  1.598E-005 , 19.4ch0@16  , -5.842E-006 ,  1.534E-005 ,  100.000 ,  100.000
005:035:00000 , V     , 4     ,       ,  0.000E+000 , -1.540E-004 ,  1.540E-004 ,  4.343E-005 , 19.4ch0@16  ,  4.884E-005 , 19.1ch0@16  ,  4.622E-005 ,  2.526E-006 ,  20.320  ,  14.221 
005:040:00000 , V     , 4     ,       ,  3.500E-001 ,  3.256E-001 ,  3.744E-001 ,  3.552E-001 , 19.4ch0@16  ,  3.576E-001 , 19.2ch0@16  ,  3.564E-001 ,  1.017E-003 ,  7.993   ,  5.896  
005:045:00000 , V     , 4     ,       ,  0.000E+000 , -1.540E-004 ,  1.540E-004 ,  4.575E-005 , 19.4ch0@16  ,  5.143E-005 , 19.1ch0@16  ,  4.893E-005 ,  2.826E-006 ,  18.166  ,  12.394 
005:050:00000 ,       , 4     ,       ,  0.000E+000 , -2.310E-005 ,  2.310E-005 , -2.694E-006 , 19.2ch0@16  ,  2.153E-006 , 19.4ch0@16  , -9.637E-007 ,  2.198E-006 ,  3.503   ,  3.356  
005:055:00000 ,       , 4     ,       ,  1.000E+000 ,  9.769E-001 ,  1.023E+000 ,  1.000E+000 , 19.4ch0@16  ,  1.000E+000 , 19.2ch0@16  ,  1.000E+000 ,  7.522E-007 ,  100.000 ,  100.000
005:060:00000 , V     , 4     ,       ,  0.000E+000 , -2.310E-004 ,  2.310E-004 ,  2.132E-014 , 19.1ch0@16  ,  2.132E-014 , 19.1ch0@16  ,  2.132E-014 ,  0.000E+000 ,  0.000   ,  0.000  
005:065:00000 , V     , 4     ,       ,  0.000E+000 , -1.617E-001 ,  1.617E-001 , -1.854E-004 , 19.3ch0@16  , -7.275E-005 , 19.4ch0@16  , -1.399E-004 ,  4.829E-005 ,  100.000 ,  100.000
005:070:00000 , V     , 4     ,       ,  0.000E+000 , -1.540E-004 ,  1.540E-004 ,  4.808E-005 , 19.2ch0@16  ,  5.456E-005 , 19.3ch0@16  ,  5.165E-005 ,  2.768E-006 ,  18.548  ,  12.327 
005:075:00000 , V     , 4     ,       ,  0.000E+000 , -1.617E-001 ,  1.617E-001 , -1.857E-004 , 19.3ch0@16  , -7.474E-005 , 19.4ch0@16  , -1.415E-004 ,  4.769E-005 ,  100.000 ,  100.000
005:080:00000 , V     , 4     ,       ,  0.000E+000 , -1.540E-004 ,  1.540E-004 ,  4.701E-005 , 19.3ch0@16  ,  5.845E-005 , 19.1ch0@16  ,  5.255E-005 ,  5.437E-006 ,  9.441   ,  6.219  
005:085:00000 , V     , 4     ,       ,  7.100E+000 ,  7.100E+000 ,  7.100E+000 ,  7.100E+000 , 19.1ch0@16  ,  7.100E+000 , 19.1ch0@16  ,  7.100E+000 ,  0.000E+000 ,  0.000   ,  0.000  
005:090:00000 , V     , 4     ,       ,  0.000E+000 , -1.617E-001 ,  1.617E-001 , -3.176E-004 , 19.3ch0@16  , -5.790E-006 , 19.1ch0@16  , -1.481E-004 ,  1.532E-004 ,  100.000 ,  100.000
005:095:00000 , V     , 4     ,       ,  0.000E+000 , -1.540E-004 ,  1.540E-004 ,  7.624E-005 , 19.4ch0@16  ,  8.637E-005 , 19.2ch0@16  ,  8.120E-005 ,  4.145E-006 ,  12.386  ,  5.855  
005:100:00000 , V     , 4     ,       ,  0.000E+000 , -1.617E-001 ,  1.617E-001 , -1.860E-004 , 19.3ch0@16  , -7.343E-005 , 19.4ch0@16  , -1.409E-004 ,  4.846E-005 ,  100.000 ,  100.000
005:105:00000 , V     , 4     ,       ,  0.000E+000 , -1.617E-001 ,  1.617E-001 , -1.862E-004 , 19.3ch0@16  , -7.542E-005 , 19.4ch0@16  , -1.426E-004 ,  4.787E-005 ,  100.000 ,  100.000
005:110:00000 , V     , 4     , OS    ,  7.119E+000 ,  6.958E+000 ,  7.281E+000 ,  7.119E+000 , 19.3ch0@16  ,  7.119E+000 , 19.1ch0@16  ,  7.119E+000 ,  1.633E-004 ,  100.000 ,  100.000
005:115:00000 ,       , 4     ,       ,  1.000E+000 ,  9.769E-001 ,  1.023E+000 ,  9.928E-001 , 19.2ch0@16  ,  9.995E-001 , 19.4ch0@16  ,  9.962E-001 ,  2.839E-003 ,  2.712   ,  2.262  
005:120:00000 , V     , 4     ,       ,  0.000E+000 , -1.617E-001 ,  1.617E-001 ,  7.538E-005 , 19.4ch0@16  ,  1.853E-004 , 19.3ch0@16  ,  1.420E-004 ,  4.753E-005 ,  100.000 ,  100.000
005:125:00000 , V     , 4     ,       ,  0.000E+000 , -1.617E-001 ,  1.617E-001 ,  7.339E-005 , 19.4ch0@16  ,  1.851E-004 , 19.3ch0@16  ,  1.403E-004 ,  4.813E-005 ,  100.000 ,  100.000
005:130:00000 , C     , 4     ,       ,  3.000E+001 ,  1.460E+001 ,  4.540E+001 ,  3.438E+001 , 19.3ch0@16  ,  3.459E+001 , 19.2ch0@16  ,  3.447E+001 ,  9.972E-002 ,  51.479  ,  36.534 
005:130:00001 , C     , 4     ,       ,  3.000E+001 ,  1.460E+001 ,  4.540E+001 ,  3.370E+001 , 19.3ch0@16  ,  3.396E+001 , 19.2ch0@16  ,  3.380E+001 ,  1.145E-001 ,  44.820  ,  33.753 
005:130:00002 , C     , 4     ,       ,  3.000E+001 ,  1.460E+001 ,  4.540E+001 ,  3.551E+001 , 19.3ch0@16  ,  3.575E+001 , 19.2ch0@16  ,  3.561E+001 ,  1.160E-001 ,  44.266  ,  28.153 
005:130:00003 , C     , 4     ,       ,  3.000E+001 ,  1.460E+001 ,  4.540E+001 ,  3.509E+001 , 19.3ch0@16  ,  3.532E+001 , 19.2ch0@16  ,  3.517E+001 ,  1.054E-001 ,  48.705  ,  32.348 
005:135:00000 , C     , 4     ,       ,  3.000E+001 ,  1.460E+001 ,  4.540E+001 ,  3.467E+001 , 19.3ch0@16  ,  3.491E+001 , 19.2ch0@16  ,  3.476E+001 ,  1.079E-001 ,  47.583  ,  32.867 
010:005:00000 , V     , 8     ,       ,  0.000E+000 , -9.750E-004 ,  9.750E-004 ,  0.000E+000 , 19.1ch0@16  ,  0.000E+000 , 19.1ch0@16  ,  0.000E+000 ,  0.000E+000 ,  0.000   ,  0.000  
010:010:00000 , V     , 8     ,       ,  7.000E+000 ,  6.513E+000 ,  7.488E+000 ,  7.104E+000 , 19.4ch0@16  ,  7.151E+000 , 19.2ch0@16  ,  7.127E+000 ,  1.873E-002 ,  8.674   ,  6.408  
010:015:00000 , V     , 8     ,       ,  0.000E+000 , -1.617E-001 ,  1.617E-001 , -3.466E-004 , 19.1ch13@16 ,  1.790E-004 , 19.2ch13@16 , -1.432E-004 ,  1.838E-004 ,  100.000 ,  100.000
010:020:00000 , V     , 8     ,       ,  0.000E+000 , -1.617E-001 ,  1.617E-001 , -2.480E-004 , 19.3ch13@16 ,  3.500E-004 , 19.2ch13@16 , -3.589E-006 ,  1.808E-004 ,  100.000 ,  100.000
010:025:00000 ,       , 8     ,       ,  0.000E+000 , -1.540E-004 ,  1.540E-004 ,  5.488E-006 , 19.3ch13@16 ,  4.595E-005 , 19.4ch0@16  ,  1.960E-005 ,  1.485E-005 ,  3.457   ,  3.017  
010:005:00001 , V     , 8     ,       ,  0.000E+000 , -9.750E-004 ,  9.750E-004 ,  0.000E+000 , 19.1ch0@16  ,  0.000E+000 , 19.1ch0@16  ,  0.000E+000 ,  0.000E+000 ,  0.000   ,  0.000  
010:010:00001 , V     , 8     ,       ,  7.000E+000 ,  6.513E+000 ,  7.488E+000 ,  7.104E+000 , 19.4ch0@16  ,  7.151E+000 , 19.2ch0@16  ,  7.127E+000 ,  1.873E-002 ,  8.674   ,  6.408  
010:015:00001 , V     , 8     ,       ,  0.000E+000 , -8.085E-002 ,  8.085E-002 , -1.827E-004 , 19.1ch0@16  ,  7.907E-005 , 19.2ch13@16 , -7.709E-005 ,  9.503E-005 ,  100.000 ,  100.000
010:020:00001 , V     , 8     ,       ,  0.000E+000 , -8.085E-002 ,  8.085E-002 , -1.588E-004 , 19.3ch13@16 ,  1.513E-004 , 19.2ch13@16 , -2.112E-005 ,  9.511E-005 ,  100.000 ,  100.000
010:025:00001 ,       , 8     ,       ,  0.000E+000 , -7.700E-005 ,  7.700E-005 ,  5.555E-007 , 19.3ch13@16 ,  2.152E-005 , 19.4ch0@16  ,  7.859E-006 ,  7.521E-006 ,  3.413   ,  3.064  
010:005:00002 , V     , 8     ,       ,  0.000E+000 , -9.750E-004 ,  9.750E-004 ,  0.000E+000 , 19.1ch0@16  ,  0.000E+000 , 19.1ch0@16  ,  0.000E+000 ,  0.000E+000 ,  0.000   ,  0.000  
010:010:00002 , V     , 8     ,       ,  7.000E+000 ,  6.513E+000 ,  7.488E+000 ,  7.104E+000 , 19.4ch0@16  ,  7.151E+000 , 19.2ch0@16  ,  7.127E+000 ,  1.873E-002 ,  8.674   ,  6.408  
010:015:00002 , V     , 8     ,       ,  0.000E+000 , -3.234E-002 ,  3.234E-002 , -1.129E-004 , 19.1ch0@16  ,  1.869E-005 , 19.2ch13@16 , -4.599E-005 ,  4.637E-005 ,  100.000 ,  100.000
010:020:00002 , V     , 8     ,       ,  0.000E+000 , -3.234E-002 ,  3.234E-002 , -1.108E-004 , 19.1ch0@16  ,  3.361E-005 , 19.2ch13@16 , -3.944E-005 ,  4.856E-005 ,  100.000 ,  100.000
010:025:00002 ,       , 8     ,       ,  0.000E+000 , -5.775E-005 ,  5.775E-005 , -2.446E-006 , 19.3ch13@16 ,  7.033E-006 , 19.4ch0@16  ,  9.218E-007 ,  3.219E-006 ,  5.980   ,  5.885  
010:005:00003 , V     , 8     ,       ,  0.000E+000 , -9.750E-004 ,  9.750E-004 ,  0.000E+000 , 19.1ch0@16  ,  0.000E+000 , 19.1ch0@16  ,  0.000E+000 ,  0.000E+000 ,  0.000   ,  0.000  
010:010:00003 , V     , 8     ,       ,  7.000E+000 ,  6.513E+000 ,  7.488E+000 ,  7.104E+000 , 19.4ch0@16  ,  7.151E+000 , 19.2ch0@16  ,  7.127E+000 ,  1.873E-002 ,  8.674   ,  6.408  
010:015:00003 , V     , 8     ,       ,  0.000E+000 , -1.617E-002 ,  1.617E-002 , -9.077E-005 , 19.1ch0@16  ,  2.217E-006 , 19.4ch13@16 , -3.685E-005 ,  3.279E-005 ,  100.000 ,  100.000
010:020:00003 , V     , 8     ,       ,  0.000E+000 , -1.617E-002 ,  1.617E-002 , -1.071E-004 , 19.1ch0@16  , -6.240E-006 , 19.2ch13@16 , -4.685E-005 ,  3.526E-005 ,  100.000 ,  100.000
010:025:00003 ,       , 8     ,       ,  0.000E+000 , -5.775E-005 ,  5.775E-005 , -3.461E-006 , 19.3ch13@16 ,  2.233E-006 , 19.4ch0@16  , -1.401E-006 ,  1.820E-006 ,  10.577  ,  10.321 
010:005:00004 , V     , 8     ,       ,  0.000E+000 , -9.750E-004 ,  9.750E-004 ,  0.000E+000 , 19.1ch0@16  ,  0.000E+000 , 19.1ch0@16  ,  0.000E+000 ,  0.000E+000 ,  0.000   ,  0.000  
010:010:00004 , V     , 8     ,       ,  7.000E+000 ,  6.513E+000 ,  7.488E+000 ,  7.104E+000 , 19.4ch0@16  ,  7.151E+000 , 19.2ch0@16  ,  7.127E+000 ,  1.873E-002 ,  8.674   ,  6.408  
010:015:00004 , V     , 8     ,       ,  0.000E+000 , -8.085E-003 ,  8.085E-003 , -8.434E-005 , 19.1ch0@16  ,  2.177E-006 , 19.4ch13@16 , -3.340E-005 ,  3.050E-005 ,  88.347  ,  87.982 
010:020:00004 , V     , 8     ,       ,  0.000E+000 , -8.085E-003 ,  8.085E-003 , -1.007E-004 , 19.1ch0@16  , -6.816E-006 , 19.2ch13@16 , -4.323E-005 ,  3.321E-005 ,  81.144  ,  80.710 
010:025:00004 ,       , 8     ,       ,  0.000E+000 , -2.310E-005 ,  2.310E-005 , -3.394E-006 , 19.3ch13@16 ,  2.178E-006 , 19.4ch0@16  , -1.378E-006 ,  1.815E-006 ,  4.243   ,  3.990  
015:010:00000 , V     , 8     ,       ,  7.000E+000 ,  6.513E+000 ,  7.488E+000 ,  7.104E+000 , 19.4ch0@16  ,  7.151E+000 , 19.2ch0@16  ,  7.127E+000 ,  1.873E-002 ,  8.674   ,  6.408  
015:005:00000 , V     , 8     , WS    ,  7.119E+000 ,  6.010E+000 ,  8.229E+000 ,  6.827E+000 , 19.3ch0@16  ,  6.859E+000 , 19.3ch13@16 ,  6.844E+000 ,  1.024E-002 ,  36.116  ,  27.149 
015:010:00001 , V     , 8     ,       ,  3.500E+000 ,  3.256E+000 ,  3.744E+000 ,  3.552E+000 , 19.4ch0@16  ,  3.576E+000 , 19.2ch0@16  ,  3.564E+000 ,  9.436E-003 ,  8.611   ,  6.360  
015:005:00001 , V     , 8     , WS    ,  3.560E+000 ,  2.957E+000 ,  4.162E+000 ,  3.402E+000 , 19.3ch0@16  ,  3.421E+000 , 19.3ch13@16 ,  3.415E+000 ,  7.029E-003 ,  28.560  ,  21.686 
015:010:00002 , V     , 8     ,       ,  0.000E+000 , -9.750E-004 ,  9.750E-004 ,  0.000E+000 , 19.1ch0@16  ,  0.000E+000 , 19.1ch0@16  ,  0.000E+000 ,  0.000E+000 ,  0.000   ,  0.000  
015:005:00002 , V     , 8     ,       ,  0.000E+000 , -9.500E-002 ,  9.500E-002 , -2.353E-002 , 19.4ch13@16 , -7.253E-003 , 19.2ch13@16 , -1.455E-002 ,  6.283E-003 ,  5.040   ,  4.268  
015:015:00000 ,       , 8     ,       ,  1.000E+000 ,  8.575E-001 ,  1.143E+000 ,  1.035E+000 , 19.3ch13@16 ,  1.040E+000 , 19.2ch0@16  ,  1.038E+000 ,  1.438E-003 ,  33.025  ,  24.208 
015:020:00000 , V     , 8     ,       ,  0.000E+000 , -1.617E-001 ,  1.617E-001 ,  7.248E-003 , 19.2ch13@16 ,  2.353E-002 , 19.4ch13@16 ,  1.454E-002 ,  6.273E-003 ,  8.592   ,  7.820  
015:010:00100 , V     , 8     ,       ,  7.000E+000 ,  6.513E+000 ,  7.488E+000 ,  7.104E+000 , 19.4ch0@16  ,  7.151E+000 , 19.2ch0@16  ,  7.127E+000 ,  1.873E-002 ,  8.674   ,  6.408  
015:005:00100 , V     , 8     , WS    ,  7.119E+000 ,  6.914E+000 ,  7.325E+000 ,  7.118E+000 , 19.1ch13@16 ,  7.120E+000 , 19.4ch0@16  ,  7.119E+000 ,  7.954E-004 ,  86.227  ,  86.222 
015:010:00101 , V     , 8     ,       ,  3.500E+000 ,  3.256E+000 ,  3.744E+000 ,  3.552E+000 , 19.4ch0@16  ,  3.576E+000 , 19.2ch0@16  ,  3.564E+000 ,  9.436E-003 ,  8.611   ,  6.360  
015:005:00101 , V     , 8     , WS    ,  3.560E+000 ,  3.455E+000 ,  3.664E+000 ,  3.559E+000 , 19.1ch13@16 ,  3.560E+000 , 19.2ch13@16 ,  3.560E+000 ,  4.153E-004 ,  83.715  ,  83.689 
015:010:00102 , V     , 8     ,       ,  0.000E+000 , -9.750E-004 ,  9.750E-004 ,  0.000E+000 , 19.1ch0@16  ,  0.000E+000 , 19.1ch0@16  ,  0.000E+000 ,  0.000E+000 ,  0.000   ,  0.000  
015:005:00102 , V     , 8     ,       ,  0.000E+000 , -2.850E-003 ,  2.850E-003 , -3.469E-004 , 19.1ch13@16 ,  1.797E-004 , 19.2ch13@16 , -1.432E-004 ,  1.843E-004 ,  5.153   ,  4.894  
015:015:00100 ,       , 8     ,       ,  1.000E+000 ,  9.715E-001 ,  1.029E+000 ,  9.998E-001 , 19.4ch0@16  ,  1.000E+000 , 19.1ch13@16 ,  1.000E+000 ,  1.080E-004 ,  87.964  ,  87.907 
015:020:00100 , V     , 8     ,       ,  0.000E+000 , -1.617E-001 ,  1.617E-001 , -2.069E-004 , 19.2ch13@16 ,  3.088E-004 , 19.1ch0@16  ,  1.282E-004 ,  1.845E-004 ,  100.000 ,  100.000
015:010:00200 , V     , 8     ,       ,  3.500E+000 ,  3.256E+000 ,  3.744E+000 ,  3.552E+000 , 19.4ch0@16  ,  3.576E+000 , 19.2ch0@16  ,  3.564E+000 ,  9.436E-003 ,  8.611   ,  6.360  
015:005:00200 , V     , 8     , WS    ,  3.560E+000 ,  3.455E+000 ,  3.664E+000 ,  3.559E+000 , 19.1ch13@16 ,  3.560E+000 , 19.2ch13@16 ,  3.560E+000 ,  4.181E-004 ,  83.157  ,  83.058 
015:010:00201 , V     , 8     ,       ,  1.400E+000 ,  1.303E+000 ,  1.498E+000 ,  1.421E+000 , 19.4ch0@16  ,  1.430E+000 , 19.2ch0@16  ,  1.425E+000 ,  3.752E-003 ,  8.663   ,  6.398  
015:005:00201 , V     , 8     , WS    ,  1.424E+000 ,  1.380E+000 ,  1.467E+000 ,  1.424E+000 , 19.1ch13@16 ,  1.424E+000 , 19.2ch13@16 ,  1.424E+000 ,  1.872E-004 ,  77.326  ,  77.288 
015:010:00202 , V     , 8     ,       ,  0.000E+000 , -9.750E-004 ,  9.750E-004 ,  0.000E+000 , 19.1ch0@16  ,  0.000E+000 , 19.1ch0@16  ,  0.000E+000 ,  0.000E+000 ,  0.000   ,  0.000  
015:005:00202 , V     , 8     ,       ,  0.000E+000 , -2.850E-003 ,  2.850E-003 , -1.821E-004 , 19.1ch0@16  ,  7.944E-005 , 19.2ch13@16 , -7.727E-005 ,  9.544E-005 ,  9.954   ,  9.684  
015:015:00200 ,       , 8     ,       ,  1.000E+000 ,  9.715E-001 ,  1.029E+000 ,  9.998E-001 , 19.4ch0@16  ,  1.000E+000 , 19.1ch13@16 ,  9.999E-001 ,  1.122E-004 ,  84.664  ,  84.499 
015:020:00200 , V     , 8     ,       ,  0.000E+000 , -8.085E-002 ,  8.085E-002 , -9.211E-005 , 19.2ch13@16 ,  1.799E-004 , 19.1ch0@16  ,  6.992E-005 ,  9.569E-005 ,  100.000 ,  100.000
015:010:00300 , V     , 8     ,       ,  1.400E+000 ,  1.303E+000 ,  1.498E+000 ,  1.421E+000 , 19.4ch0@16  ,  1.430E+000 , 19.2ch0@16  ,  1.425E+000 ,  3.752E-003 ,  8.663   ,  6.398  
015:005:00300 , V     , 8     , WS    ,  1.424E+000 ,  1.380E+000 ,  1.467E+000 ,  1.424E+000 , 19.1ch13@16 ,  1.424E+000 , 19.2ch13@16 ,  1.424E+000 ,  2.238E-004 ,  64.696  ,  64.427 
015:010:00301 , V     , 8     ,       ,  7.000E-001 ,  6.513E-001 ,  7.488E-001 ,  7.104E-001 , 19.4ch0@16  ,  7.151E-001 , 19.2ch0@16  ,  7.128E-001 ,  1.877E-003 ,  8.655   ,  6.387  
015:005:00301 , V     , 8     , WS    ,  7.120E-001 ,  6.888E-001 ,  7.351E-001 ,  7.118E-001 , 19.1ch13@16 ,  7.123E-001 , 19.2ch13@16 ,  7.121E-001 ,  1.147E-004 ,  67.262  ,  67.035 
015:010:00302 , V     , 8     ,       ,  0.000E+000 , -9.750E-004 ,  9.750E-004 ,  0.000E+000 , 19.1ch0@16  ,  0.000E+000 , 19.1ch0@16  ,  0.000E+000 ,  0.000E+000 ,  0.000   ,  0.000  
015:005:00302 , V     , 8     ,       ,  0.000E+000 , -2.850E-003 ,  2.850E-003 , -1.121E-004 , 19.1ch0@16  ,  2.024E-005 , 19.2ch13@16 , -4.589E-005 ,  4.673E-005 ,  20.328  ,  20.001 
015:015:00300 ,       , 8     ,       ,  1.000E+000 ,  9.715E-001 ,  1.029E+000 ,  9.997E-001 , 19.2ch13@16 ,  1.000E+000 , 19.1ch13@16 ,  9.998E-001 ,  1.536E-004 ,  61.858  ,  61.513 
015:020:00300 , V     , 8     ,       ,  0.000E+000 , -3.234E-002 ,  3.234E-002 , -2.470E-005 , 19.2ch13@16 ,  1.111E-004 , 19.1ch0@16  ,  4.226E-005 ,  4.783E-005 ,  100.000 ,  100.000
015:010:00400 , V     , 8     ,       ,  7.000E-001 ,  6.513E-001 ,  7.488E-001 ,  7.104E-001 , 19.4ch0@16  ,  7.151E-001 , 19.2ch0@16  ,  7.128E-001 ,  1.877E-003 ,  8.655   ,  6.387  
015:005:00400 , V     , 8     , WS    ,  7.120E-001 ,  6.888E-001 ,  7.351E-001 ,  7.120E-001 , 19.3ch0@16  ,  7.122E-001 , 19.2ch13@16 ,  7.121E-001 ,  7.527E-005 ,  100.000 ,  100.000
015:010:00401 , V     , 8     ,       ,  3.500E-001 ,  3.256E-001 ,  3.744E-001 ,  3.552E-001 , 19.4ch0@16  ,  3.576E-001 , 19.2ch0@16  ,  3.564E-001 ,  9.411E-004 ,  8.633   ,  6.368  
015:005:00401 , V     , 8     , WS    ,  3.560E-001 ,  3.430E-001 ,  3.690E-001 ,  3.560E-001 , 19.1ch0@16  ,  3.561E-001 , 19.2ch13@16 ,  3.560E-001 ,  4.510E-005 ,  96.059  ,  95.707 
015:010:00402 , V     , 8     ,       ,  0.000E+000 , -9.750E-004 ,  9.750E-004 ,  0.000E+000 , 19.1ch0@16  ,  0.000E+000 , 19.1ch0@16  ,  0.000E+000 ,  0.000E+000 ,  0.000   ,  0.000  
015:005:00402 , V     , 8     ,       ,  0.000E+000 , -2.850E-003 ,  2.850E-003 , -9.100E-005 , 19.1ch0@16  ,  2.723E-006 , 19.4ch13@16 , -3.681E-005 ,  3.321E-005 ,  28.609  ,  28.239 
015:015:00400 ,       , 8     ,       ,  1.000E+000 ,  9.715E-001 ,  1.029E+000 ,  9.996E-001 , 19.4ch0@16  ,  9.999E-001 , 19.3ch0@16  ,  9.998E-001 ,  1.041E-004 ,  91.242  ,  90.532 
015:020:00400 , V     , 8     ,       ,  0.000E+000 , -1.617E-002 ,  1.617E-002 , -7.100E-006 , 19.4ch13@16 ,  9.044E-005 , 19.1ch0@16  ,  3.503E-005 ,  3.412E-005 ,  100.000 ,  100.000
015:010:00500 , V     , 8     ,       ,  3.500E-001 ,  3.256E-001 ,  3.744E-001 ,  3.552E-001 , 19.4ch0@16  ,  3.576E-001 , 19.2ch0@16  ,  3.564E-001 ,  9.411E-004 ,  8.633   ,  6.368  
015:005:00500 , V     , 8     , WS    ,  3.560E-001 ,  3.430E-001 ,  3.690E-001 ,  3.560E-001 , 19.1ch13@16 ,  3.562E-001 , 19.2ch0@16  ,  3.561E-001 ,  5.409E-005 ,  80.085  ,  79.606 
015:010:00501 , V     , 8     ,       ,  1.950E-001 ,  1.814E-001 ,  2.086E-001 ,  1.920E-001 , 19.4ch0@16  ,  1.933E-001 , 19.2ch0@16  ,  1.926E-001 ,  5.053E-004 ,  8.959   ,  7.398  
015:005:00501 , V     , 8     , WS    ,  1.924E-001 ,  1.841E-001 ,  2.008E-001 ,  1.924E-001 , 19.1ch0@16  ,  1.925E-001 , 19.2ch13@16 ,  1.924E-001 ,  3.683E-005 ,  75.434  ,  75.170 
015:010:00502 , V     , 8     ,       ,  0.000E+000 , -9.750E-004 ,  9.750E-004 ,  0.000E+000 , 19.1ch0@16  ,  0.000E+000 , 19.1ch0@16  ,  0.000E+000 ,  0.000E+000 ,  0.000   ,  0.000  
015:005:00502 , V     , 8     ,       ,  0.000E+000 , -2.850E-003 ,  2.850E-003 , -8.442E-005 , 19.1ch0@16  ,  2.750E-006 , 19.4ch13@16 , -3.336E-005 ,  3.099E-005 ,  30.651  ,  30.292 
015:015:00500 ,       , 8     ,       ,  1.000E+000 ,  9.715E-001 ,  1.029E+000 ,  9.995E-001 , 19.2ch0@16  ,  1.000E+000 , 19.1ch13@16 ,  9.997E-001 ,  1.446E-004 ,  65.699  ,  64.980 
015:020:00500 , V     , 8     ,       ,  0.000E+000 , -8.085E-003 ,  8.085E-003 , -3.992E-006 , 19.4ch13@16 ,  8.413E-005 , 19.1ch0@16  ,  3.259E-005 ,  3.127E-005 ,  86.181  ,  85.833 
020:010:00000 , V     , 4     ,       ,  7.000E+000 ,  6.513E+000 ,  7.488E+000 ,  7.104E+000 , 19.4ch0@16  ,  7.151E+000 , 19.2ch0@16  ,  7.127E+000 ,  2.023E-002 ,  8.031   ,  5.933  
020:005:00000 , V     , 4     , WS    ,  7.119E+000 ,  6.010E+000 ,  8.229E+000 ,  6.829E+000 , 19.3ch0@16  ,  6.851E+000 , 19.4ch0@16  ,  6.841E+000 ,  1.204E-002 ,  30.707  ,  23.000 
020:010:00001 , V     , 4     ,       ,  3.500E+000 ,  3.256E+000 ,  3.744E+000 ,  3.552E+000 , 19.4ch0@16  ,  3.576E+000 , 19.2ch0@16  ,  3.564E+000 ,  1.019E-002 ,  7.972   ,  5.888  
020:005:00001 , V     , 4     , WS    ,  3.560E+000 ,  2.957E+000 ,  4.162E+000 ,  3.403E+000 , 19.3ch0@16  ,  3.421E+000 , 19.1ch0@16  ,  3.414E+000 ,  8.940E-003 ,  22.455  ,  17.004 
020:010:00002 , V     , 4     ,       ,  0.000E+000 , -9.750E-004 ,  9.750E-004 ,  0.000E+000 , 19.1ch0@16  ,  0.000E+000 , 19.1ch0@16  ,  0.000E+000 ,  0.000E+000 ,  0.000   ,  0.000  
020:005:00002 , V     , 4     ,       ,  0.000E+000 , -9.500E-002 ,  9.500E-002 , -2.290E-002 , 19.3ch0@16  , -8.220E-003 , 19.1ch0@16  , -1.415E-002 ,  6.344E-003 ,  4.991   ,  4.248  
020:015:00000 ,       , 4     ,       ,  1.000E+000 ,  8.575E-001 ,  1.143E+000 ,  1.037E+000 , 19.4ch0@16  ,  1.040E+000 , 19.2ch0@16  ,  1.039E+000 ,  1.077E-003 ,  44.097  ,  32.164 
020:020:00000 , V     , 4     ,       ,  0.000E+000 , -1.617E-001 ,  1.617E-001 ,  8.207E-003 , 19.1ch0@16  ,  2.282E-002 , 19.3ch0@16  ,  1.412E-002 ,  6.324E-003 ,  8.523   ,  7.779  
020:010:00100 , V     , 4     ,       ,  7.000E+000 ,  6.513E+000 ,  7.488E+000 ,  7.104E+000 , 19.4ch0@16  ,  7.151E+000 , 19.2ch0@16  ,  7.127E+000 ,  2.023E-002 ,  8.031   ,  5.933  
020:005:00100 , V     , 4     , WS    ,  7.119E+000 ,  6.914E+000 ,  7.325E+000 ,  7.119E+000 , 19.3ch0@16  ,  7.121E+000 , 19.4ch0@16  ,  7.120E+000 ,  8.315E-004 ,  82.479  ,  82.087 
020:010:00101 , V     , 4     ,       ,  3.500E+000 ,  3.256E+000 ,  3.744E+000 ,  3.552E+000 , 19.4ch0@16  ,  3.576E+000 , 19.2ch0@16  ,  3.564E+000 ,  1.019E-002 ,  7.972   ,  5.888  
020:005:00101 , V     , 4     , WS    ,  3.560E+000 ,  3.455E+000 ,  3.664E+000 ,  3.560E+000 , 19.3ch0@16  ,  3.561E+000 , 19.4ch0@16  ,  3.560E+000 ,  3.184E-004 ,  100.000 ,  100.000
020:010:00102 , V     , 4     ,       ,  0.000E+000 , -9.750E-004 ,  9.750E-004 ,  0.000E+000 , 19.1ch0@16  ,  0.000E+000 , 19.1ch0@16  ,  0.000E+000 ,  0.000E+000 ,  0.000   ,  0.000  
020:005:00102 , V     , 4     ,       ,  0.000E+000 , -2.850E-003 ,  2.850E-003 , -2.784E-004 , 19.1ch0@16  ,  2.303E-004 , 19.3ch0@16  , -6.638E-005 ,  2.154E-004 ,  4.411   ,  4.308  
020:015:00100 ,       , 4     ,       ,  1.000E+000 ,  9.715E-001 ,  1.029E+000 ,  9.997E-001 , 19.1ch0@16  ,  1.000E+000 , 19.3ch0@16  ,  9.999E-001 ,  1.450E-004 ,  65.517  ,  65.180 
020:020:00100 , V     , 4     ,       ,  0.000E+000 , -1.617E-001 ,  1.617E-001 , -2.359E-004 , 19.3ch0@16  ,  2.729E-004 , 19.1ch0@16  ,  6.034E-005 ,  2.154E-004 ,  100.000 ,  100.000
020:010:00200 , V     , 4     ,       ,  3.500E+000 ,  3.256E+000 ,  3.744E+000 ,  3.552E+000 , 19.4ch0@16  ,  3.576E+000 , 19.2ch0@16  ,  3.564E+000 ,  1.019E-002 ,  7.972   ,  5.888  
020:005:00200 , V     , 4     , WS    ,  3.560E+000 ,  3.455E+000 ,  3.664E+000 ,  3.560E+000 , 19.3ch0@16  ,  3.561E+000 , 19.4ch0@16  ,  3.560E+000 ,  2.604E-004 ,  100.000 ,  100.000
020:010:00201 , V     , 4     ,       ,  1.400E+000 ,  1.303E+000 ,  1.498E+000 ,  1.421E+000 , 19.4ch0@16  ,  1.430E+000 , 19.2ch0@16  ,  1.425E+000 ,  4.052E-003 ,  8.020   ,  5.924  
020:005:00201 , V     , 4     , WS    ,  1.424E+000 ,  1.380E+000 ,  1.467E+000 ,  1.424E+000 , 19.1ch0@16  ,  1.424E+000 , 19.4ch0@16  ,  1.424E+000 ,  5.116E-005 ,  100.000 ,  100.000
020:010:00202 , V     , 4     ,       ,  0.000E+000 , -9.750E-004 ,  9.750E-004 ,  0.000E+000 , 19.1ch0@16  ,  0.000E+000 , 19.1ch0@16  ,  0.000E+000 ,  0.000E+000 ,  0.000   ,  0.000  
020:005:00202 , V     , 4     ,       ,  0.000E+000 , -2.850E-003 ,  2.850E-003 , -1.594E-004 , 19.1ch0@16  ,  2.544E-004 , 19.3ch0@16  , -3.586E-006 ,  1.789E-004 ,  5.309   ,  5.303  
020:015:00200 ,       , 4     ,       ,  1.000E+000 ,  9.715E-001 ,  1.029E+000 ,  9.997E-001 , 19.4ch0@16  ,  1.000E+000 , 19.3ch0@16  ,  9.998E-001 ,  1.203E-004 ,  78.990  ,  78.448 
020:020:00200 , V     , 4     ,       ,  0.000E+000 , -8.085E-002 ,  8.085E-002 , -2.538E-004 , 19.3ch0@16  ,  1.577E-004 , 19.1ch0@16  ,  1.736E-006 ,  1.776E-004 ,  100.000 ,  100.000
020:010:00300 , V     , 4     ,       ,  1.400E+000 ,  1.303E+000 ,  1.498E+000 ,  1.421E+000 , 19.4ch0@16  ,  1.430E+000 , 19.2ch0@16  ,  1.425E+000 ,  4.052E-003 ,  8.020   ,  5.924  
020:005:00300 , V     , 4     , WS    ,  1.424E+000 ,  1.380E+000 ,  1.467E+000 ,  1.424E+000 , 19.2ch0@16  ,  1.425E+000 , 19.3ch0@16  ,  1.424E+000 ,  1.422E-004 ,  100.000 ,  100.000
020:010:00301 , V     , 4     ,       ,  7.000E-001 ,  6.513E-001 ,  7.488E-001 ,  7.104E-001 , 19.4ch0@16  ,  7.151E-001 , 19.2ch0@16  ,  7.128E-001 ,  2.028E-003 ,  8.013   ,  5.913  
020:005:00301 , V     , 4     , WS    ,  7.120E-001 ,  6.888E-001 ,  7.351E-001 ,  7.121E-001 , 19.2ch0@16  ,  7.124E-001 , 19.3ch0@16  ,  7.122E-001 ,  1.436E-004 ,  53.734  ,  53.168 
020:010:00302 , V     , 4     ,       ,  0.000E+000 , -9.750E-004 ,  9.750E-004 ,  0.000E+000 , 19.1ch0@16  ,  0.000E+000 , 19.1ch0@16  ,  0.000E+000 ,  0.000E+000 ,  0.000   ,  0.000  
020:005:00302 , V     , 4     ,       ,  0.000E+000 , -2.850E-003 ,  2.850E-003 , -9.430E-005 , 19.1ch0@16  ,  2.513E-004 , 19.3ch0@16  ,  2.385E-005 ,  1.570E-004 ,  6.051   ,  6.001  
020:015:00300 ,       , 4     ,       ,  1.000E+000 ,  9.715E-001 ,  1.029E+000 ,  9.996E-001 , 19.1ch0@16  ,  9.998E-001 , 19.2ch0@16  ,  9.997E-001 ,  7.134E-005 ,  100.000 ,  100.000
020:020:00300 , V     , 4     ,       ,  0.000E+000 , -3.234E-002 ,  3.234E-002 , -2.547E-004 , 19.3ch0@16  ,  9.198E-005 , 19.1ch0@16  , -2.592E-005 ,  1.578E-004 ,  68.301  ,  68.246 
020:010:00400 , V     , 4     ,       ,  7.000E-001 ,  6.513E-001 ,  7.488E-001 ,  7.104E-001 , 19.4ch0@16  ,  7.151E-001 , 19.2ch0@16  ,  7.128E-001 ,  2.028E-003 ,  8.013   ,  5.913  
020:005:00400 , V     , 4     , WS    ,  7.120E-001 ,  6.888E-001 ,  7.351E-001 ,  7.122E-001 , 19.2ch0@16  ,  7.124E-001 , 19.3ch0@16  ,  7.123E-001 ,  8.546E-005 ,  90.260  ,  89.173 
020:010:00401 , V     , 4     ,       ,  3.500E-001 ,  3.256E-001 ,  3.744E-001 ,  3.552E-001 , 19.4ch0@16  ,  3.576E-001 , 19.2ch0@16  ,  3.564E-001 ,  1.017E-003 ,  7.993   ,  5.896  
020:005:00401 , V     , 4     , WS    ,  3.560E-001 ,  3.430E-001 ,  3.690E-001 ,  3.561E-001 , 19.1ch0@16  ,  3.563E-001 , 19.3ch0@16  ,  3.562E-001 ,  1.197E-004 ,  36.201  ,  35.769 
020:010:00402 , V     , 4     ,       ,  0.000E+000 , -9.750E-004 ,  9.750E-004 ,  0.000E+000 , 19.1ch0@16  ,  0.000E+000 , 19.1ch0@16  ,  0.000E+000 ,  0.000E+000 ,  0.000   ,  0.000  
020:005:00402 , V     , 4     ,       ,  0.000E+000 , -2.850E-003 ,  2.850E-003 , -7.420E-005 , 19.2ch0@16  ,  2.644E-004 , 19.3ch0@16  ,  3.388E-005 ,  1.589E-004 ,  5.978   ,  5.907  
020:015:00400 ,       , 4     ,       ,  1.000E+000 ,  9.715E-001 ,  1.029E+000 ,  9.996E-001 , 19.4ch0@16  ,  9.998E-001 , 19.3ch0@16  ,  9.997E-001 ,  1.222E-004 ,  77.719  ,  76.781 
020:020:00400 , V     , 4     ,       ,  0.000E+000 , -1.617E-002 ,  1.617E-002 , -2.642E-004 , 19.3ch0@16  ,  7.309E-005 , 19.2ch0@16  , -3.348E-005 ,  1.589E-004 ,  33.912  ,  33.842 
020:010:00500 , V     , 4     ,       ,  3.500E-001 ,  3.256E-001 ,  3.744E-001 ,  3.552E-001 , 19.4ch0@16  ,  3.576E-001 , 19.2ch0@16  ,  3.564E-001 ,  1.017E-003 ,  7.993   ,  5.896  
020:005:00500 , V     , 4     , WS    ,  3.560E-001 ,  3.430E-001 ,  3.690E-001 ,  3.561E-001 , 19.1ch0@16  ,  3.564E-001 , 19.3ch0@16  ,  3.562E-001 ,  1.153E-004 ,  37.561  ,  36.983 
020:010:00501 , V     , 4     ,       ,  1.950E-001 ,  1.814E-001 ,  2.086E-001 ,  1.920E-001 , 19.4ch0@16  ,  1.933E-001 , 19.2ch0@16  ,  1.926E-001 ,  5.458E-004 ,  8.294   ,  6.849  
020:005:00501 , V     , 4     , WS    ,  1.924E-001 ,  1.841E-001 ,  2.008E-001 ,  1.924E-001 , 19.1ch0@16  ,  1.927E-001 , 19.3ch0@16  ,  1.925E-001 ,  1.356E-004 ,  20.480  ,  20.165 
020:010:00502 , V     , 4     ,       ,  0.000E+000 , -9.750E-004 ,  9.750E-004 ,  0.000E+000 , 19.1ch0@16  ,  0.000E+000 , 19.1ch0@16  ,  0.000E+000 ,  0.000E+000 ,  0.000   ,  0.000  
020:005:00502 , V     , 4     ,       ,  0.000E+000 , -2.850E-003 ,  2.850E-003 , -6.986E-005 , 19.1ch0@16  ,  2.584E-004 , 19.3ch0@16  ,  3.482E-005 ,  1.548E-004 ,  6.138   ,  6.063  
020:015:00500 ,       , 4     ,       ,  1.000E+000 ,  9.715E-001 ,  1.029E+000 ,  9.994E-001 , 19.2ch0@16  ,  9.997E-001 , 19.3ch0@16  ,  9.995E-001 ,  1.115E-004 ,  85.215  ,  83.825 
020:020:00500 , V     , 4     ,       ,  0.000E+000 , -8.085E-003 ,  8.085E-003 , -2.603E-004 , 19.3ch0@16  ,  7.089E-005 , 19.1ch0@16  , -3.606E-005 ,  1.555E-004 ,  17.333  ,  17.256 
025:005:00000 , O     , 8     ,       ,  5.000E+004 ,  4.999E+004 ,  5.001E+004 ,  5.000E+004 , 19.1ch0@16  ,  5.000E+004 , 19.3ch0@16  ,  5.000E+004 ,  5.528E-001 ,  8.141   ,  7.891  
025:010:00000 , uV    , 8     , W     ,  0.000E+000 , -1.963E+003 ,  1.963E+003 , -1.274E+002 , 19.3ch0@16  , -9.497E+001 , 19.2ch13@16 , -1.077E+002 ,  9.583E+000 ,  68.294  ,  64.546 
025:015:00000 , uV    , 8     , W     ,  0.000E+000 , -1.963E+003 ,  1.963E+003 , -4.150E+000 , 19.2ch13@16 , -9.535E-001 , 19.3ch0@16  , -2.894E+000 ,  9.952E-001 ,  100.000 ,  100.000
025:020:00000 , uV    , 8     , W     ,  0.000E+000 , -1.963E+003 ,  1.963E+003 , -1.264E+002 , 19.3ch0@16  , -9.082E+001 , 19.2ch13@16 , -1.048E+002 ,  1.053E+001 ,  62.162  ,  58.843 
025:025:00000 , nA    , 8     ,       ,  0.000E+000 , -3.850E+001 ,  3.850E+001 , -2.528E+000 , 19.3ch0@16  , -1.816E+000 , 19.2ch13@16 , -2.097E+000 ,  2.106E-001 ,  60.943  ,  57.624 
030:005:00000 , V     , 104   ,       , -2.000E+000 , -2.196E+000 , -1.804E+000 , -2.000E+000 , 19.1ch9@16  , -1.996E+000 , 19.4ch3@16  , -1.998E+000 ,  7.191E-004 ,  91.016  ,  90.131 
030:010:00000 , V     , 104   ,       ,  0.000E+000 , -7.700E-003 ,  7.700E-003 ,  4.578E-004 , 19.4ch1@16  ,  6.104E-004 , 19.2ch1@16  ,  5.157E-004 ,  4.694E-005 ,  54.679  ,  51.017 
030:005:00001 , V     , 104   ,       ,  0.000E+000 , -1.964E-001 ,  1.964E-001 , -1.702E-004 , 19.1ch9@16  ,  3.103E-003 , 19.4ch3@16  ,  1.447E-003 ,  6.798E-004 ,  96.271  ,  95.562 
030:010:00001 , V     , 104   ,       ,  0.000E+000 , -7.700E-003 ,  7.700E-003 ,  3.815E-004 , 19.2ch24@16 ,  6.866E-004 , 19.3ch3@16  ,  5.106E-004 ,  4.881E-005 ,  52.587  ,  49.100 
030:005:00002 , V     , 104   ,       ,  2.500E+000 ,  2.304E+000 ,  2.696E+000 ,  2.499E+000 , 19.2ch0@16  ,  2.502E+000 , 19.3ch14@16 ,  2.501E+000 ,  6.943E-004 ,  94.263  ,  93.828 
030:010:00002 , V     , 104   ,       ,  0.000E+000 , -7.700E-003 ,  7.700E-003 ,  3.815E-004 , 19.1ch5@16  ,  6.866E-004 , 19.4ch10@16 ,  5.245E-004 ,  5.492E-005 ,  46.734  ,  43.550 
030:005:00003 , V     , 104   ,       ,  5.000E+000 ,  4.804E+000 ,  5.196E+000 ,  4.999E+000 , 19.2ch0@16  ,  5.002E+000 , 19.3ch14@16 ,  5.000E+000 ,  7.701E-004 ,  84.989  ,  84.805 
030:010:00003 , V     , 104   ,       ,  0.000E+000 , -7.700E-003 ,  7.700E-003 ,  4.578E-004 , 19.3ch14@16 ,  6.866E-004 , 19.1ch16@16 ,  5.297E-004 ,  5.189E-005 ,  49.459  ,  46.057 
030:005:00004 , V     , 104   ,       ,  6.500E+000 ,  6.304E+000 ,  6.696E+000 ,  6.498E+000 , 19.2ch0@16  ,  6.502E+000 , 19.2ch4@16  ,  6.500E+000 ,  8.411E-004 ,  77.813  ,  77.749 
030:010:00004 , V     , 104   ,       ,  0.000E+000 , -7.700E-003 ,  7.700E-003 ,  4.578E-004 , 19.4ch13@16 ,  6.866E-004 , 19.4ch10@16 ,  5.348E-004 ,  5.575E-005 ,  46.042  ,  42.844 
030:025:00000 ,       , 104   ,       ,  1.000E+000 ,  9.769E-001 ,  1.023E+000 ,  1.000E+000 , 19.2ch4@16  ,  1.000E+000 , 19.2ch8@16  ,  1.000E+000 ,  8.588E-005 ,  89.660  ,  88.862 
030:030:00000 , V     , 104   ,       ,  0.000E+000 , -1.964E-001 ,  1.964E-001 , -3.121E-003 , 19.4ch3@16  ,  1.558E-004 , 19.1ch9@16  , -1.463E-003 ,  6.812E-004 ,  96.080  ,  95.364 
030:015:00000 ,       , 104   ,       ,  1.000E+000 ,  9.769E-001 ,  1.023E+000 ,  1.000E+000 , 19.2ch4@16  ,  1.000E+000 , 19.2ch8@16  ,  1.000E+000 ,  8.583E-005 ,  89.712  ,  88.870 
030:020:00000 , V     , 104   ,       ,  0.000E+000 , -1.964E-001 ,  1.964E-001 , -3.103E-003 , 19.4ch3@16  ,  1.702E-004 , 19.1ch9@16  , -1.447E-003 ,  6.798E-004 ,  96.271  ,  95.562 
030:015:00001 ,       , 104   ,       ,  1.000E+000 ,  9.769E-001 ,  1.023E+000 ,  1.000E+000 , 19.2ch4@16  ,  1.000E+000 , 19.2ch8@16  ,  1.000E+000 ,  8.589E-005 ,  89.645  ,  88.901 
030:020:00001 , V     , 104   ,       ,  0.000E+000 , -1.964E-001 ,  1.964E-001 , -3.045E-003 , 19.4ch3@16  ,  2.439E-004 , 19.1ch9@16  , -1.384E-003 ,  6.807E-004 ,  96.156  ,  95.478 
030:015:00002 ,       , 104   ,       ,  1.000E+000 ,  9.769E-001 ,  1.023E+000 ,  1.000E+000 , 19.2ch4@16  ,  1.000E+000 , 19.2ch8@16  ,  1.000E+000 ,  8.647E-005 ,  89.049  ,  88.366 
030:020:00002 , V     , 104   ,       ,  0.000E+000 , -1.964E-001 ,  1.964E-001 , -2.925E-003 , 19.4ch3@16  ,  2.964E-004 , 19.1ch9@16  , -1.313E-003 ,  6.741E-004 ,  97.088  ,  96.439 
030:015:00003 ,       , 104   ,       ,  1.000E+000 ,  9.769E-001 ,  1.023E+000 ,  1.000E+000 , 19.2ch4@16  ,  1.000E+000 , 19.2ch8@16  ,  1.000E+000 ,  8.647E-005 ,  89.049  ,  88.366 
030:020:00003 , V     , 104   ,       ,  0.000E+000 , -1.964E-001 ,  1.964E-001 , -2.925E-003 , 19.4ch3@16  ,  2.964E-004 , 19.1ch9@16  , -1.313E-003 ,  6.741E-004 ,  97.088  ,  96.439 
030:015:00004 ,       , 104   ,       ,  1.000E+000 ,  9.769E-001 ,  1.023E+000 ,  1.000E+000 , 19.2ch4@16  ,  1.000E+000 , 19.3ch24@16 ,  1.000E+000 ,  8.598E-005 ,  89.560  ,  88.663 
030:020:00004 , V     , 104   ,       ,  0.000E+000 , -1.964E-001 ,  1.964E-001 , -3.103E-003 , 19.4ch3@16  ,  1.702E-004 , 19.1ch9@16  , -1.447E-003 ,  6.798E-004 ,  96.271  ,  95.562 
030:015:00005 ,       , 104   ,       ,  1.000E+000 ,  9.769E-001 ,  1.023E+000 ,  1.000E+000 , 19.2ch4@16  ,  1.000E+000 , 19.3ch24@16 ,  1.000E+000 ,  8.598E-005 ,  89.560  ,  88.663 
030:020:00005 , V     , 104   ,       ,  0.000E+000 , -1.964E-001 ,  1.964E-001 , -3.103E-003 , 19.4ch3@16  ,  1.702E-004 , 19.1ch9@16  , -1.447E-003 ,  6.798E-004 ,  96.271  ,  95.562 
030:015:00006 ,       , 104   ,       ,  1.000E+000 ,  9.769E-001 ,  1.023E+000 ,  1.000E+000 , 19.2ch4@16  ,  1.000E+000 , 19.3ch24@16 ,  1.000E+000 ,  8.598E-005 ,  89.560  ,  88.663 
030:020:00006 , V     , 104   ,       ,  0.000E+000 , -1.964E-001 ,  1.964E-001 , -3.103E-003 , 19.4ch3@16  ,  1.702E-004 , 19.1ch9@16  , -1.447E-003 ,  6.798E-004 ,  96.271  ,  95.562 
030:015:00007 ,       , 104   ,       ,  1.000E+000 ,  9.769E-001 ,  1.023E+000 ,  1.000E+000 , 19.2ch4@16  ,  1.000E+000 , 19.3ch24@16 ,  1.000E+000 ,  8.598E-005 ,  89.560  ,  88.663 
030:020:00007 , V     , 104   ,       ,  0.000E+000 , -1.964E-001 ,  1.964E-001 , -3.103E-003 , 19.4ch3@16  ,  1.702E-004 , 19.1ch9@16  , -1.447E-003 ,  6.798E-004 ,  96.271  ,  95.562 
035:005:00000 , V     , 104   ,       ,  0.000E+000 , -2.310E-005 ,  2.310E-005 , -3.394E-006 , 19.3ch0@16  , -2.325E-007 , 19.1ch0@16  , -1.795E-006 ,  1.331E-006 ,  5.784   ,  5.334  
035:010:00000 , V     , 104   ,       ,  0.000E+000 , -1.964E-001 ,  1.964E-001 , -2.432E-002 , 19.4ch23@16 ,  1.025E-002 , 19.4ch11@16 , -8.829E-003 ,  6.797E-003 ,  9.630   ,  9.197  
035:015:00000 , V     , 104   ,       ,  0.000E+000 , -1.964E-001 ,  1.964E-001 , -2.432E-002 , 19.4ch23@16 ,  1.025E-002 , 19.4ch11@16 , -8.829E-003 ,  6.797E-003 ,  9.630   ,  9.197  
035:020:00000 , V     , 104   ,       ,  0.000E+000 , -1.964E-001 ,  1.964E-001 , -2.432E-002 , 19.4ch23@16 ,  1.024E-002 , 19.4ch11@16 , -8.826E-003 ,  6.795E-003 ,  9.632   ,  9.199  
035:010:00001 , V     , 104   ,       ,  0.000E+000 , -1.964E-001 ,  1.964E-001 , -2.416E-002 , 19.4ch23@16 ,  1.034E-002 , 19.4ch11@16 , -8.635E-003 ,  6.793E-003 ,  9.636   ,  9.212  
035:015:00001 , V     , 104   ,       ,  5.000E-001 ,  3.037E-001 ,  6.964E-001 ,  4.758E-001 , 19.4ch23@16 ,  5.103E-001 , 19.4ch11@16 ,  4.914E-001 ,  6.792E-003 ,  9.636   ,  9.212  
035:020:00001 , V     , 104   ,       ,  5.000E-001 ,  3.037E-001 ,  6.964E-001 ,  4.758E-001 , 19.4ch23@16 ,  5.103E-001 , 19.4ch11@16 ,  4.914E-001 ,  6.793E-003 ,  9.635   ,  9.211  
035:010:00002 , V     , 104   ,       ,  0.000E+000 , -1.964E-001 ,  1.964E-001 , -2.422E-002 , 19.4ch23@16 ,  1.026E-002 , 19.4ch11@16 , -8.605E-003 ,  6.792E-003 ,  9.636   ,  9.214  
035:015:00002 , V     , 104   ,       ,  1.000E+000 ,  8.037E-001 ,  1.196E+000 ,  9.758E-001 , 19.4ch23@16 ,  1.010E+000 , 19.4ch11@16 ,  9.914E-001 ,  6.792E-003 ,  9.636   ,  9.214  
035:020:00002 , V     , 104   ,       ,  1.000E+000 ,  8.037E-001 ,  1.196E+000 ,  9.758E-001 , 19.4ch23@16 ,  1.010E+000 , 19.4ch11@16 ,  9.914E-001 ,  6.794E-003 ,  9.633   ,  9.211  
035:010:00003 , V     , 104   ,       ,  0.000E+000 , -1.964E-001 ,  1.964E-001 , -2.406E-002 , 19.4ch23@16 ,  1.032E-002 , 19.4ch11@16 , -8.406E-003 ,  6.793E-003 ,  9.635   ,  9.223  
035:015:00003 , V     , 104   ,       ,  1.500E+000 ,  1.304E+000 ,  1.696E+000 ,  1.476E+000 , 19.4ch23@16 ,  1.510E+000 , 19.4ch11@16 ,  1.492E+000 ,  6.792E-003 ,  9.636   ,  9.223  
035:020:00003 , V     , 104   ,       ,  1.500E+000 ,  1.304E+000 ,  1.696E+000 ,  1.476E+000 , 19.4ch23@16 ,  1.510E+000 , 19.4ch11@16 ,  1.492E+000 ,  6.794E-003 ,  9.633   ,  9.221  
035:010:00004 , V     , 104   ,       ,  0.000E+000 , -1.964E-001 ,  1.964E-001 , -2.391E-002 , 19.4ch23@16 ,  1.043E-002 , 19.4ch11@16 , -8.201E-003 ,  6.793E-003 ,  9.636   ,  9.233  
035:015:00004 , V     , 104   ,       ,  2.000E+000 ,  1.804E+000 ,  2.196E+000 ,  1.976E+000 , 19.4ch23@16 ,  2.010E+000 , 19.4ch11@16 ,  1.992E+000 ,  6.792E-003 ,  9.636   ,  9.234  
035:020:00004 , V     , 104   ,       ,  2.000E+000 ,  1.804E+000 ,  2.196E+000 ,  1.976E+000 , 19.4ch23@16 ,  2.010E+000 , 19.4ch11@16 ,  1.992E+000 ,  6.794E-003 ,  9.633   ,  9.231  
035:010:00005 , V     , 104   ,       ,  0.000E+000 , -1.964E-001 ,  1.964E-001 , -2.394E-002 , 19.4ch23@16 ,  1.033E-002 , 19.4ch11@16 , -8.180E-003 ,  6.792E-003 ,  9.636   ,  9.235  
035:015:00005 , V     , 104   ,       ,  2.500E+000 ,  2.304E+000 ,  2.696E+000 ,  2.476E+000 , 19.4ch23@16 ,  2.510E+000 , 19.4ch11@16 ,  2.492E+000 ,  6.792E-003 ,  9.637   ,  9.235  
035:020:00005 , V     , 104   ,       ,  2.500E+000 ,  2.304E+000 ,  2.696E+000 ,  2.476E+000 , 19.4ch23@16 ,  2.510E+000 , 19.4ch11@16 ,  2.492E+000 ,  6.793E-003 ,  9.635   ,  9.233  
035:010:00006 , V     , 104   ,       ,  0.000E+000 , -1.964E-001 ,  1.964E-001 , -2.382E-002 , 19.4ch23@16 ,  1.037E-002 , 19.4ch11@16 , -7.976E-003 ,  6.794E-003 ,  9.633   ,  9.242  
035:015:00006 , V     , 104   ,       ,  3.000E+000 ,  2.804E+000 ,  3.196E+000 ,  2.976E+000 , 19.4ch23@16 ,  3.010E+000 , 19.4ch11@16 ,  2.992E+000 ,  6.794E-003 ,  9.634   ,  9.243  
035:020:00006 , V     , 104   ,       ,  3.000E+000 ,  2.804E+000 ,  3.196E+000 ,  2.976E+000 , 19.4ch23@16 ,  3.010E+000 , 19.4ch11@16 ,  2.992E+000 ,  6.793E-003 ,  9.634   ,  9.243  
035:010:00007 , V     , 104   ,       ,  0.000E+000 , -1.964E-001 ,  1.964E-001 , -2.365E-002 , 19.4ch23@16 ,  1.050E-002 , 19.4ch11@16 , -7.774E-003 ,  6.795E-003 ,  9.632   ,  9.251  
035:015:00007 , V     , 104   ,       ,  3.500E+000 ,  3.304E+000 ,  3.696E+000 ,  3.476E+000 , 19.4ch23@16 ,  3.511E+000 , 19.4ch11@16 ,  3.492E+000 ,  6.794E-003 ,  9.633   ,  9.252  
035:020:00007 , V     , 104   ,       ,  3.500E+000 ,  3.304E+000 ,  3.696E+000 ,  3.476E+000 , 19.4ch23@16 ,  3.510E+000 , 19.4ch11@16 ,  3.492E+000 ,  6.795E-003 ,  9.633   ,  9.251  
035:050:00000 ,       , 104   ,       ,  1.000E+000 ,  9.769E-001 ,  1.023E+000 ,  9.994E-001 , 19.1ch0@16  ,  9.999E-001 , 19.4ch11@16 ,  9.997E-001 ,  1.116E-004 ,  68.975  ,  68.106 
035:055:00000 , V     , 104   ,       ,  0.000E+000 , -1.964E-001 ,  1.964E-001 , -1.026E-002 , 19.4ch11@16 ,  2.432E-002 , 19.4ch23@16 ,  8.830E-003 ,  6.794E-003 ,  9.634   ,  9.201  
035:005:01000 , V     , 104   ,       ,  0.000E+000 , -2.310E-005 ,  2.310E-005 , -3.394E-006 , 19.3ch0@16  , -2.325E-007 , 19.1ch0@16  , -1.795E-006 ,  1.331E-006 ,  5.784   ,  5.334  
035:010:01000 , V     , 104   ,       ,  0.000E+000 , -1.964E-001 ,  1.964E-001 , -2.496E-002 , 19.4ch23@16 ,  1.021E-002 , 19.4ch11@16 , -8.733E-003 ,  6.774E-003 ,  9.662   ,  9.233  
035:015:01000 , V     , 104   ,       ,  0.000E+000 , -1.964E-001 ,  1.964E-001 , -2.496E-002 , 19.4ch23@16 ,  1.021E-002 , 19.4ch11@16 , -8.733E-003 ,  6.774E-003 ,  9.662   ,  9.233  
035:020:01000 , V     , 104   ,       ,  0.000E+000 , -1.964E-001 ,  1.964E-001 , -2.496E-002 , 19.4ch23@16 ,  1.021E-002 , 19.4ch11@16 , -8.729E-003 ,  6.774E-003 ,  9.662   ,  9.233  
035:010:01001 , V     , 104   ,       ,  0.000E+000 , -1.964E-001 ,  1.964E-001 , -2.478E-002 , 19.4ch23@16 ,  1.031E-002 , 19.4ch11@16 , -8.535E-003 ,  6.770E-003 ,  9.668   ,  9.247  
035:015:01001 , V     , 104   ,       ,  5.000E-001 ,  3.037E-001 ,  6.964E-001 ,  4.752E-001 , 19.4ch23@16 ,  5.103E-001 , 19.4ch11@16 ,  4.915E-001 ,  6.770E-003 ,  9.668   ,  9.247  
035:020:01001 , V     , 104   ,       ,  5.000E-001 ,  3.037E-001 ,  6.964E-001 ,  4.752E-001 , 19.4ch23@16 ,  5.103E-001 , 19.4ch11@16 ,  4.915E-001 ,  6.769E-003 ,  9.669   ,  9.248  
035:010:01002 , V     , 104   ,       ,  0.000E+000 , -1.964E-001 ,  1.964E-001 , -2.485E-002 , 19.4ch23@16 ,  1.022E-002 , 19.4ch11@16 , -8.502E-003 ,  6.772E-003 ,  9.664   ,  9.246  
035:015:01002 , V     , 104   ,       ,  1.000E+000 ,  8.037E-001 ,  1.196E+000 ,  9.752E-001 , 19.4ch23@16 ,  1.010E+000 , 19.4ch11@16 ,  9.915E-001 ,  6.772E-003 ,  9.665   ,  9.246  
035:020:01002 , V     , 104   ,       ,  1.000E+000 ,  8.037E-001 ,  1.196E+000 ,  9.751E-001 , 19.4ch23@16 ,  1.010E+000 , 19.4ch11@16 ,  9.915E-001 ,  6.774E-003 ,  9.662   ,  9.243  
035:010:01003 , V     , 104   ,       ,  0.000E+000 , -1.964E-001 ,  1.964E-001 , -2.467E-002 , 19.4ch23@16 ,  1.029E-002 , 19.4ch11@16 , -8.299E-003 ,  6.774E-003 ,  9.662   ,  9.253  
035:015:01003 , V     , 104   ,       ,  1.500E+000 ,  1.304E+000 ,  1.696E+000 ,  1.475E+000 , 19.4ch23@16 ,  1.510E+000 , 19.4ch11@16 ,  1.492E+000 ,  6.774E-003 ,  9.662   ,  9.254  
035:020:01003 , V     , 104   ,       ,  1.500E+000 ,  1.304E+000 ,  1.696E+000 ,  1.475E+000 , 19.4ch23@16 ,  1.510E+000 , 19.4ch11@16 ,  1.492E+000 ,  6.774E-003 ,  9.662   ,  9.253  
035:010:01004 , V     , 104   ,       ,  0.000E+000 , -1.964E-001 ,  1.964E-001 , -2.452E-002 , 19.4ch23@16 ,  1.039E-002 , 19.4ch11@16 , -8.090E-003 ,  6.774E-003 ,  9.662   ,  9.264  
035:015:01004 , V     , 104   ,       ,  2.000E+000 ,  1.804E+000 ,  2.196E+000 ,  1.975E+000 , 19.4ch23@16 ,  2.010E+000 , 19.4ch11@16 ,  1.992E+000 ,  6.773E-003 ,  9.663   ,  9.265  
035:020:01004 , V     , 104   ,       ,  2.000E+000 ,  1.804E+000 ,  2.196E+000 ,  1.975E+000 , 19.4ch23@16 ,  2.010E+000 , 19.4ch11@16 ,  1.992E+000 ,  6.775E-003 ,  9.661   ,  9.263  
035:010:01005 , V     , 104   ,       ,  0.000E+000 , -1.964E-001 ,  1.964E-001 , -2.455E-002 , 19.4ch23@16 ,  1.029E-002 , 19.4ch11@16 , -8.065E-003 ,  6.775E-003 ,  9.660   ,  9.263  
035:015:01005 , V     , 104   ,       ,  2.500E+000 ,  2.304E+000 ,  2.696E+000 ,  2.475E+000 , 19.4ch23@16 ,  2.510E+000 , 19.4ch11@16 ,  2.492E+000 ,  6.775E-003 ,  9.661   ,  9.264  
035:020:01005 , V     , 104   ,       ,  2.500E+000 ,  2.304E+000 ,  2.696E+000 ,  2.475E+000 , 19.4ch23@16 ,  2.510E+000 , 19.4ch11@16 ,  2.492E+000 ,  6.774E-003 ,  9.662   ,  9.265  
035:010:01006 , V     , 104   ,       ,  0.000E+000 , -1.964E-001 ,  1.964E-001 , -2.443E-002 , 19.4ch23@16 ,  1.034E-002 , 19.4ch11@16 , -7.859E-003 ,  6.778E-003 ,  9.657   ,  9.270  
035:015:01006 , V     , 104   ,       ,  3.000E+000 ,  2.804E+000 ,  3.196E+000 ,  2.976E+000 , 19.4ch23@16 ,  3.010E+000 , 19.4ch11@16 ,  2.992E+000 ,  6.777E-003 ,  9.657   ,  9.271  
035:020:01006 , V     , 104   ,       ,  3.000E+000 ,  2.804E+000 ,  3.196E+000 ,  2.976E+000 , 19.4ch23@16 ,  3.010E+000 , 19.4ch11@16 ,  2.992E+000 ,  6.779E-003 ,  9.655   ,  9.268  
035:010:01007 , V     , 104   ,       ,  0.000E+000 , -1.964E-001 ,  1.964E-001 , -2.426E-002 , 19.4ch23@16 ,  1.044E-002 , 19.4ch11@16 , -7.653E-003 ,  6.779E-003 ,  9.655   ,  9.279  
035:015:01007 , V     , 104   ,       ,  3.500E+000 ,  3.304E+000 ,  3.696E+000 ,  3.476E+000 , 19.4ch23@16 ,  3.510E+000 , 19.4ch11@16 ,  3.492E+000 ,  6.778E-003 ,  9.656   ,  9.280  
035:020:01007 , V     , 104   ,       ,  3.500E+000 ,  3.304E+000 ,  3.696E+000 ,  3.476E+000 , 19.4ch23@16 ,  3.510E+000 , 19.4ch11@16 ,  3.492E+000 ,  6.778E-003 ,  9.656   ,  9.280  
035:050:01000 ,       , 104   ,       ,  1.000E+000 ,  9.769E-001 ,  1.023E+000 ,  9.994E-001 , 19.1ch0@16  ,  9.999E-001 , 19.4ch11@16 ,  9.997E-001 ,  1.122E-004 ,  68.635  ,  67.749 
035:055:01000 , V     , 104   ,       ,  0.000E+000 , -1.964E-001 ,  1.964E-001 , -1.022E-002 , 19.4ch11@16 ,  2.494E-002 , 19.4ch23@16 ,  8.734E-003 ,  6.771E-003 ,  9.666   ,  9.236  
035:005:02000 , V     , 104   ,       ,  0.000E+000 , -2.310E-005 ,  2.310E-005 , -3.394E-006 , 19.3ch0@16  , -2.325E-007 , 19.1ch0@16  , -1.795E-006 ,  1.331E-006 ,  5.784   ,  5.334  
035:010:02000 , V     , 104   ,       ,  0.000E+000 , -1.964E-001 ,  1.964E-001 , -2.520E-002 , 19.4ch23@16 ,  1.007E-002 , 19.4ch11@16 , -8.715E-003 ,  6.774E-003 ,  9.662   ,  9.233  
035:015:02000 , V     , 104   ,       ,  0.000E+000 , -1.964E-001 ,  1.964E-001 , -2.520E-002 , 19.4ch23@16 ,  1.007E-002 , 19.4ch11@16 , -8.715E-003 ,  6.774E-003 ,  9.662   ,  9.233  
035:020:02000 , V     , 104   ,       ,  0.000E+000 , -1.964E-001 ,  1.964E-001 , -2.519E-002 , 19.4ch23@16 ,  1.007E-002 , 19.4ch11@16 , -8.715E-003 ,  6.772E-003 ,  9.665   ,  9.236  
035:010:02001 , V     , 104   ,       ,  0.000E+000 , -1.964E-001 ,  1.964E-001 , -2.504E-002 , 19.4ch23@16 ,  1.017E-002 , 19.4ch11@16 , -8.515E-003 ,  6.772E-003 ,  9.665   ,  9.245  
035:015:02001 , V     , 104   ,       ,  5.000E-001 ,  3.037E-001 ,  6.964E-001 ,  4.750E-001 , 19.4ch23@16 ,  5.102E-001 , 19.4ch11@16 ,  4.915E-001 ,  6.772E-003 ,  9.665   ,  9.246  
035:020:02001 , V     , 104   ,       ,  5.000E-001 ,  3.037E-001 ,  6.964E-001 ,  4.750E-001 , 19.4ch23@16 ,  5.102E-001 , 19.4ch11@16 ,  4.915E-001 ,  6.772E-003 ,  9.665   ,  9.245  
035:010:02002 , V     , 104   ,       ,  0.000E+000 , -1.964E-001 ,  1.964E-001 , -2.509E-002 , 19.4ch23@16 ,  1.010E-002 , 19.4ch11@16 , -8.480E-003 ,  6.772E-003 ,  9.664   ,  9.247  
035:015:02002 , V     , 104   ,       ,  1.000E+000 ,  8.037E-001 ,  1.196E+000 ,  9.749E-001 , 19.4ch23@16 ,  1.010E+000 , 19.4ch11@16 ,  9.915E-001 ,  6.772E-003 ,  9.665   ,  9.247  
035:020:02002 , V     , 104   ,       ,  1.000E+000 ,  8.037E-001 ,  1.196E+000 ,  9.749E-001 , 19.4ch23@16 ,  1.010E+000 , 19.4ch11@16 ,  9.915E-001 ,  6.774E-003 ,  9.662   ,  9.244  
035:010:02003 , V     , 104   ,       ,  0.000E+000 , -1.964E-001 ,  1.964E-001 , -2.490E-002 , 19.4ch23@16 ,  1.016E-002 , 19.4ch11@16 , -8.275E-003 ,  6.776E-003 ,  9.659   ,  9.252  
035:015:02003 , V     , 104   ,       ,  1.500E+000 ,  1.304E+000 ,  1.696E+000 ,  1.475E+000 , 19.4ch23@16 ,  1.510E+000 , 19.4ch11@16 ,  1.492E+000 ,  6.776E-003 ,  9.660   ,  9.253  
035:020:02003 , V     , 104   ,       ,  1.500E+000 ,  1.304E+000 ,  1.696E+000 ,  1.475E+000 , 19.4ch23@16 ,  1.510E+000 , 19.4ch11@16 ,  1.492E+000 ,  6.776E-003 ,  9.659   ,  9.251  
035:010:02004 , V     , 104   ,       ,  0.000E+000 , -1.964E-001 ,  1.964E-001 , -2.477E-002 , 19.4ch23@16 ,  1.027E-002 , 19.4ch11@16 , -8.066E-003 ,  6.777E-003 ,  9.658   ,  9.261  
035:015:02004 , V     , 104   ,       ,  2.000E+000 ,  1.804E+000 ,  2.196E+000 ,  1.975E+000 , 19.4ch23@16 ,  2.010E+000 , 19.4ch11@16 ,  1.992E+000 ,  6.777E-003 ,  9.658   ,  9.262  
035:020:02004 , V     , 104   ,       ,  2.000E+000 ,  1.804E+000 ,  2.196E+000 ,  1.975E+000 , 19.4ch23@16 ,  2.010E+000 , 19.4ch11@16 ,  1.992E+000 ,  6.779E-003 ,  9.655   ,  9.258  
035:010:02005 , V     , 104   ,       ,  0.000E+000 , -1.964E-001 ,  1.964E-001 , -2.481E-002 , 19.4ch23@16 ,  1.019E-002 , 19.4ch11@16 , -8.039E-003 ,  6.780E-003 ,  9.654   ,  9.259  
035:015:02005 , V     , 104   ,       ,  2.500E+000 ,  2.304E+000 ,  2.696E+000 ,  2.475E+000 , 19.4ch23@16 ,  2.510E+000 , 19.4ch11@16 ,  2.492E+000 ,  6.779E-003 ,  9.655   ,  9.259  
035:020:02005 , V     , 104   ,       ,  2.500E+000 ,  2.304E+000 ,  2.696E+000 ,  2.475E+000 , 19.4ch23@16 ,  2.510E+000 , 19.4ch11@16 ,  2.492E+000 ,  6.779E-003 ,  9.655   ,  9.259  
035:010:02006 , V     , 104   ,       ,  0.000E+000 , -1.964E-001 ,  1.964E-001 , -2.467E-002 , 19.4ch23@16 ,  1.022E-002 , 19.4ch11@16 , -7.831E-003 ,  6.781E-003 ,  9.652   ,  9.267  
035:015:02006 , V     , 104   ,       ,  3.000E+000 ,  2.804E+000 ,  3.196E+000 ,  2.975E+000 , 19.4ch23@16 ,  3.010E+000 , 19.4ch11@16 ,  2.992E+000 ,  6.780E-003 ,  9.653   ,  9.268  
035:020:02006 , V     , 104   ,       ,  3.000E+000 ,  2.804E+000 ,  3.196E+000 ,  2.975E+000 , 19.4ch23@16 ,  3.010E+000 , 19.4ch11@16 ,  2.992E+000 ,  6.782E-003 ,  9.650   ,  9.265  
035:010:02007 , V     , 104   ,       ,  0.000E+000 , -1.964E-001 ,  1.964E-001 , -2.450E-002 , 19.4ch23@16 ,  1.031E-002 , 19.4ch11@16 , -7.627E-003 ,  6.783E-003 ,  9.650   ,  9.275  
035:015:02007 , V     , 104   ,       ,  3.500E+000 ,  3.304E+000 ,  3.696E+000 ,  3.476E+000 , 19.4ch23@16 ,  3.510E+000 , 19.4ch11@16 ,  3.492E+000 ,  6.782E-003 ,  9.651   ,  9.276  
035:020:02007 , V     , 104   ,       ,  3.500E+000 ,  3.304E+000 ,  3.696E+000 ,  3.476E+000 , 19.4ch23@16 ,  3.510E+000 , 19.4ch11@16 ,  3.492E+000 ,  6.783E-003 ,  9.650   ,  9.274  
035:050:02000 ,       , 104   ,       ,  1.000E+000 ,  9.769E-001 ,  1.023E+000 ,  9.994E-001 , 19.1ch0@16  ,  9.999E-001 , 19.4ch11@16 ,  9.997E-001 ,  1.118E-004 ,  68.883  ,  67.986 
035:055:02000 , V     , 104   ,       ,  0.000E+000 , -1.964E-001 ,  1.964E-001 , -1.009E-002 , 19.4ch11@16 ,  2.519E-002 , 19.4ch23@16 ,  8.715E-003 ,  6.771E-003 ,  9.666   ,  9.237  
035:005:03000 , V     , 104   ,       ,  0.000E+000 , -2.310E-005 ,  2.310E-005 , -3.394E-006 , 19.3ch0@16  , -2.325E-007 , 19.1ch0@16  , -1.795E-006 ,  1.331E-006 ,  5.784   ,  5.334  
035:010:03000 , V     , 104   ,       ,  0.000E+000 , -1.964E-001 ,  1.964E-001 , -2.548E-002 , 19.4ch23@16 ,  1.012E-002 , 19.4ch11@16 , -8.666E-003 ,  6.782E-003 ,  9.651   ,  9.225  
035:015:03000 , V     , 104   ,       ,  0.000E+000 , -1.964E-001 ,  1.964E-001 , -2.548E-002 , 19.4ch23@16 ,  1.012E-002 , 19.4ch11@16 , -8.666E-003 ,  6.782E-003 ,  9.651   ,  9.225  
035:020:03000 , V     , 104   ,       ,  0.000E+000 , -1.964E-001 ,  1.964E-001 , -2.547E-002 , 19.4ch23@16 ,  1.011E-002 , 19.4ch11@16 , -8.669E-003 ,  6.780E-003 ,  9.653   ,  9.227  
035:010:03001 , V     , 104   ,       ,  0.000E+000 , -1.964E-001 ,  1.964E-001 , -2.531E-002 , 19.4ch23@16 ,  1.022E-002 , 19.4ch11@16 , -8.467E-003 ,  6.779E-003 ,  9.655   ,  9.239  
035:015:03001 , V     , 104   ,       ,  5.000E-001 ,  3.037E-001 ,  6.964E-001 ,  4.747E-001 , 19.4ch23@16 ,  5.102E-001 , 19.4ch11@16 ,  4.915E-001 ,  6.779E-003 ,  9.655   ,  9.239  
035:020:03001 , V     , 104   ,       ,  5.000E-001 ,  3.037E-001 ,  6.964E-001 ,  4.747E-001 , 19.4ch23@16 ,  5.102E-001 , 19.4ch11@16 ,  4.915E-001 ,  6.779E-003 ,  9.655   ,  9.238  
035:010:03002 , V     , 104   ,       ,  0.000E+000 , -1.964E-001 ,  1.964E-001 , -2.538E-002 , 19.4ch23@16 ,  1.014E-002 , 19.4ch11@16 , -8.431E-003 ,  6.783E-003 ,  9.650   ,  9.235  
035:015:03002 , V     , 104   ,       ,  1.000E+000 ,  8.037E-001 ,  1.196E+000 ,  9.746E-001 , 19.4ch23@16 ,  1.010E+000 , 19.4ch11@16 ,  9.916E-001 ,  6.782E-003 ,  9.650   ,  9.236  
035:020:03002 , V     , 104   ,       ,  1.000E+000 ,  8.037E-001 ,  1.196E+000 ,  9.746E-001 , 19.4ch23@16 ,  1.010E+000 , 19.4ch11@16 ,  9.916E-001 ,  6.784E-003 ,  9.648   ,  9.233  
035:010:03003 , V     , 104   ,       ,  0.000E+000 , -1.964E-001 ,  1.964E-001 , -2.522E-002 , 19.4ch23@16 ,  1.019E-002 , 19.4ch11@16 , -8.225E-003 ,  6.785E-003 ,  9.646   ,  9.242  
035:015:03003 , V     , 104   ,       ,  1.500E+000 ,  1.304E+000 ,  1.696E+000 ,  1.475E+000 , 19.4ch23@16 ,  1.510E+000 , 19.4ch11@16 ,  1.492E+000 ,  6.785E-003 ,  9.647   ,  9.243  
035:020:03003 , V     , 104   ,       ,  1.500E+000 ,  1.304E+000 ,  1.696E+000 ,  1.475E+000 , 19.4ch23@16 ,  1.510E+000 , 19.4ch11@16 ,  1.492E+000 ,  6.784E-003 ,  9.648   ,  9.244  
035:010:03004 , V     , 104   ,       ,  0.000E+000 , -1.964E-001 ,  1.964E-001 , -2.505E-002 , 19.4ch23@16 ,  1.034E-002 , 19.4ch11@16 , -8.013E-003 ,  6.787E-003 ,  9.643   ,  9.250  
035:015:03004 , V     , 104   ,       ,  2.000E+000 ,  1.804E+000 ,  2.196E+000 ,  1.975E+000 , 19.4ch23@16 ,  2.010E+000 , 19.4ch11@16 ,  1.992E+000 ,  6.787E-003 ,  9.644   ,  9.250  
035:020:03004 , V     , 104   ,       ,  2.000E+000 ,  1.804E+000 ,  2.196E+000 ,  1.975E+000 , 19.4ch23@16 ,  2.010E+000 , 19.4ch11@16 ,  1.992E+000 ,  6.788E-003 ,  9.642   ,  9.248  
035:010:03005 , V     , 104   ,       ,  0.000E+000 , -1.964E-001 ,  1.964E-001 , -2.509E-002 , 19.4ch23@16 ,  1.023E-002 , 19.4ch11@16 , -7.984E-003 ,  6.788E-003 ,  9.641   ,  9.249  
035:015:03005 , V     , 104   ,       ,  2.500E+000 ,  2.304E+000 ,  2.696E+000 ,  2.475E+000 , 19.4ch23@16 ,  2.510E+000 , 19.4ch11@16 ,  2.492E+000 ,  6.788E-003 ,  9.642   ,  9.250  
035:020:03005 , V     , 104   ,       ,  2.500E+000 ,  2.304E+000 ,  2.696E+000 ,  2.475E+000 , 19.4ch23@16 ,  2.510E+000 , 19.4ch11@16 ,  2.492E+000 ,  6.789E-003 ,  9.641   ,  9.248  
035:010:03006 , V     , 104   ,       ,  0.000E+000 , -1.964E-001 ,  1.964E-001 , -2.496E-002 , 19.4ch23@16 ,  1.027E-002 , 19.4ch11@16 , -7.776E-003 ,  6.792E-003 ,  9.637   ,  9.255  
035:015:03006 , V     , 104   ,       ,  3.000E+000 ,  2.804E+000 ,  3.196E+000 ,  2.975E+000 , 19.4ch23@16 ,  3.010E+000 , 19.4ch11@16 ,  2.992E+000 ,  6.791E-003 ,  9.638   ,  9.256  
035:020:03006 , V     , 104   ,       ,  3.000E+000 ,  2.804E+000 ,  3.196E+000 ,  2.975E+000 , 19.4ch23@16 ,  3.010E+000 , 19.4ch11@16 ,  2.992E+000 ,  6.794E-003 ,  9.633   ,  9.251  
035:010:03007 , V     , 104   ,       ,  0.000E+000 , -1.964E-001 ,  1.964E-001 , -2.477E-002 , 19.4ch23@16 ,  1.037E-002 , 19.4ch11@16 , -7.566E-003 ,  6.794E-003 ,  9.633   ,  9.262  
035:015:03007 , V     , 104   ,       ,  3.500E+000 ,  3.304E+000 ,  3.696E+000 ,  3.475E+000 , 19.4ch23@16 ,  3.510E+000 , 19.4ch11@16 ,  3.492E+000 ,  6.793E-003 ,  9.634   ,  9.263  
035:020:03007 , V     , 104   ,       ,  3.500E+000 ,  3.304E+000 ,  3.696E+000 ,  3.475E+000 , 19.4ch23@16 ,  3.510E+000 , 19.4ch11@16 ,  3.492E+000 ,  6.794E-003 ,  9.634   ,  9.262  
035:050:03000 ,       , 104   ,       ,  1.000E+000 ,  9.769E-001 ,  1.023E+000 ,  9.994E-001 , 19.1ch0@16  ,  9.999E-001 , 19.4ch11@16 ,  9.997E-001 ,  1.117E-004 ,  68.929  ,  68.022 
035:055:03000 , V     , 104   ,       ,  0.000E+000 , -1.964E-001 ,  1.964E-001 , -1.013E-002 , 19.4ch11@16 ,  2.548E-002 , 19.4ch23@16 ,  8.668E-003 ,  6.779E-003 ,  9.655   ,  9.229  
040:005:00000 , V     , 104   ,       ,  0.000E+000 , -2.310E-002 ,  2.310E-002 , -1.760E-004 , 19.1ch5@16  ,  1.007E-004 , 19.1ch22@16 , -4.762E-005 ,  5.458E-005 ,  100.000 ,  100.000
040:010:00000 , nA    , 104   ,       ,  0.000E+000 , -7.700E+002 ,  7.700E+002 ,  1.062E+000 , 19.2ch25@16 ,  2.992E+000 , 19.3ch3@16  ,  1.905E+000 ,  3.882E-001 ,  100.000 ,  100.000
040:015:00000 , V     , 104   ,       ,  1.000E+000 ,  9.769E-001 ,  1.023E+000 ,  9.997E-001 , 19.4ch1@16  ,  1.000E+000 , 19.4ch16@16 ,  9.998E-001 ,  5.742E-005 ,  100.000 ,  100.000
040:020:00000 , nA    , 104   ,       ,  0.000E+000 , -7.700E+002 ,  7.700E+002 ,  1.547E+000 , 19.4ch4@16  ,  3.972E+000 , 19.3ch3@16  ,  2.602E+000 ,  4.502E-001 ,  100.000 ,  100.000
040:025:00000 , nA    , 104   ,       ,  0.000E+000 , -7.700E+002 ,  7.700E+002 ,  2.139E-001 , 19.4ch11@16 ,  1.177E+000 , 19.3ch1@16  ,  6.972E-001 ,  2.306E-001 ,  100.000 ,  100.000
040:030:00000 , V     , 104   ,       ,  0.000E+000 , -2.310E-002 ,  2.310E-002 , -1.847E-004 , 19.1ch5@16  ,  8.648E-005 , 19.1ch22@16 , -4.747E-005 ,  5.411E-005 ,  100.000 ,  100.000
040:035:00000 , nA    , 104   ,       ,  0.000E+000 , -7.700E+002 ,  7.700E+002 , -4.957E-001 , 19.2ch18@16 ,  1.983E+000 , 19.3ch2@16  ,  1.100E+000 ,  3.921E-001 ,  100.000 ,  100.000
040:040:00000 , V     , 104   ,       ,  1.000E+000 ,  9.769E-001 ,  1.023E+000 ,  9.997E-001 , 19.4ch1@16  ,  1.000E+000 , 19.4ch16@16 ,  9.998E-001 ,  5.577E-005 ,  100.000 ,  100.000
040:045:00000 , nA    , 104   ,       ,  0.000E+000 , -7.700E+002 ,  7.700E+002 ,  3.867E-001 , 19.2ch18@16 ,  2.943E+000 , 19.3ch3@16  ,  1.890E+000 ,  4.166E-001 ,  100.000 ,  100.000
040:050:00000 , nA    , 104   ,       ,  0.000E+000 , -7.700E+002 ,  7.700E+002 ,  1.292E-001 , 19.2ch20@16 ,  1.340E+000 , 19.3ch25@16 ,  7.902E-001 ,  2.210E-001 ,  100.000 ,  100.000
040:055:00000 , nA    , 104   ,       ,  0.000E+000 , -7.700E+002 ,  7.700E+002 , -4.598E-001 , 19.2ch20@16 ,  7.056E-001 , 19.1ch25@16 ,  9.304E-002 ,  2.445E-001 ,  100.000 ,  100.000
045:005:00000 , O     , 104   ,       ,  5.000E+004 ,  4.999E+004 ,  5.001E+004 ,  5.000E+004 , 19.1ch0@16  ,  5.000E+004 , 19.3ch0@16  ,  5.000E+004 ,  5.196E-001 ,  8.661   ,  8.395  
045:015:00000 , uA    , 104   ,       ,  0.000E+000 , -7.700E-001 ,  7.700E-001 , -2.528E-003 , 19.3ch0@16  , -1.816E-003 , 19.2ch13@16 , -2.097E-003 ,  1.979E-004 ,  100.000 ,  100.000
045:020:00000 , uA    , 104   ,       ,  0.000E+000 , -7.700E-001 ,  7.700E-001 , -4.598E-004 , 19.2ch20@16 ,  7.056E-004 , 19.1ch25@16 ,  9.304E-005 ,  2.445E-004 ,  100.000 ,  100.000
045:010:00000 , V     , 104   ,       , -1.000E+000 , -1.077E+000 , -9.230E-001 , -1.011E+000 , 19.3ch12@16 , -9.869E-001 , 19.2ch3@16  , -1.000E+000 ,  4.537E-003 ,  5.657   ,  5.656  
045:025:00000 , uA    , 104   ,       , -2.000E+001 , -2.154E+001 , -1.846E+001 , -2.022E+001 , 19.3ch12@16 , -1.974E+001 , 19.2ch3@16  , -2.000E+001 ,  9.070E-002 ,  5.660   ,  5.654  
045:030:00000 , uA    , 104   , OS    , -2.002E+001 , -2.156E+001 , -1.848E+001 , -2.039E+001 , 19.2ch3@16  , -1.981E+001 , 19.1ch6@16  , -2.006E+001 ,  1.082E-001 ,  4.745   ,  4.628  
045:010:00001 , V     , 104   ,       , -8.438E-001 , -9.208E-001 , -7.668E-001 , -8.539E-001 , 19.3ch12@16 , -8.325E-001 , 19.2ch3@16  , -8.439E-001 ,  4.027E-003 ,  6.374   ,  6.364  
045:025:00001 , uA    , 104   ,       , -1.688E+001 , -1.842E+001 , -1.534E+001 , -1.708E+001 , 19.3ch12@16 , -1.665E+001 , 19.2ch3@16  , -1.688E+001 ,  8.050E-002 ,  6.377   ,  6.375  
045:030:00001 , uA    , 104   , OS    , -1.691E+001 , -1.845E+001 , -1.537E+001 , -1.723E+001 , 19.2ch3@16  , -1.672E+001 , 19.1ch6@16  , -1.694E+001 ,  9.786E-002 ,  5.246   ,  5.125  
045:010:00002 , V     , 104   ,       , -6.750E-001 , -7.520E-001 , -5.980E-001 , -6.839E-001 , 19.3ch12@16 , -6.657E-001 , 19.2ch3@16  , -6.752E-001 ,  3.490E-003 ,  7.354   ,  7.331  
045:025:00002 , uA    , 104   ,       , -1.350E+001 , -1.504E+001 , -1.196E+001 , -1.368E+001 , 19.3ch12@16 , -1.331E+001 , 19.2ch3@16  , -1.350E+001 ,  6.977E-002 ,  7.357   ,  7.344  
045:030:00002 , uA    , 104   , OS    , -1.354E+001 , -1.508E+001 , -1.200E+001 , -1.382E+001 , 19.2ch3@16  , -1.338E+001 , 19.1ch6@16  , -1.357E+001 ,  8.692E-002 ,  5.906   ,  5.779  
045:010:00003 , V     , 104   ,       , -5.063E-001 , -5.833E-001 , -4.293E-001 , -5.140E-001 , 19.3ch12@16 , -4.990E-001 , 19.2ch3@16  , -5.066E-001 ,  2.975E-003 ,  8.628   ,  8.587  
045:025:00003 , uA    , 104   ,       , -1.013E+001 , -1.167E+001 , -8.585E+000 , -1.028E+001 , 19.3ch12@16 , -9.978E+000 , 19.2ch3@16  , -1.013E+001 ,  5.947E-002 ,  8.631   ,  8.601  
045:030:00003 , uA    , 104   , OS    , -1.017E+001 , -1.171E+001 , -8.632E+000 , -1.042E+001 , 19.2ch3@16  , -1.004E+001 , 19.1ch6@16  , -1.020E+001 ,  7.626E-002 ,  6.732   ,  6.598  
045:010:00004 , V     , 104   ,       , -3.375E-001 , -4.145E-001 , -2.605E-001 , -3.441E-001 , 19.3ch14@16 , -3.317E-001 , 19.1ch4@16  , -3.380E-001 ,  2.494E-003 ,  10.290  ,  10.225 
045:025:00004 , uA    , 104   ,       , -6.750E+000 , -8.290E+000 , -5.210E+000 , -6.879E+000 , 19.3ch14@16 , -6.631E+000 , 19.1ch4@16  , -6.758E+000 ,  4.988E-002 ,  10.292  ,  10.241 
045:030:00004 , uA    , 104   , OS    , -6.805E+000 , -8.345E+000 , -5.265E+000 , -7.012E+000 , 19.1ch16@16 , -6.695E+000 , 19.1ch6@16  , -6.833E+000 ,  6.598E-002 ,  7.780   ,  7.637  
045:010:00005 , V     , 104   ,       , -1.688E-001 , -2.458E-001 , -9.175E-002 , -1.742E-001 , 19.3ch14@16 , -1.638E-001 , 19.1ch4@16  , -1.693E-001 ,  2.071E-003 ,  12.391  ,  12.300 
045:025:00005 , uA    , 104   ,       , -3.375E+000 , -4.915E+000 , -1.835E+000 , -3.482E+000 , 19.3ch14@16 , -3.275E+000 , 19.1ch4@16  , -3.384E+000 ,  4.142E-002 ,  12.392  ,  12.318 
045:030:00005 , uA    , 104   , OS    , -3.437E+000 , -4.977E+000 , -1.897E+000 , -3.617E+000 , 19.1ch16@16 , -3.354E+000 , 19.1ch6@16  , -3.463E+000 ,  5.636E-002 ,  9.108   ,  8.955  
045:010:00006 , V     , 104   ,       , -2.500E-002 , -1.020E-001 ,  5.200E-002 , -2.951E-002 , 19.3ch14@16 , -2.090E-002 , 19.1ch4@16  , -2.565E-002 ,  1.791E-003 ,  14.332  ,  14.211 
045:025:00006 , uA    , 104   ,       , -5.000E-001 , -2.040E+000 ,  1.040E+000 , -5.881E-001 , 19.3ch14@16 , -4.159E-001 , 19.1ch4@16  , -5.110E-001 ,  3.582E-002 ,  14.332  ,  14.230 
045:030:00006 , uA    , 104   , OS    , -5.682E-001 , -2.108E+000 ,  9.718E-001 , -7.259E-001 , 19.1ch16@16 , -4.859E-001 , 19.2ch25@16 , -5.919E-001 ,  4.897E-002 ,  10.482  ,  10.321 
045:010:00007 , V     , 104   ,       ,  2.500E-002 , -5.200E-002 ,  1.020E-001 ,  2.078E-002 , 19.3ch14@16 ,  2.878E-002 , 19.1ch4@16  ,  2.428E-002 ,  1.717E-003 ,  14.947  ,  14.808 
045:025:00007 , uA    , 104   ,       ,  5.000E-001 , -1.040E+000 ,  2.040E+000 ,  4.177E-001 , 19.3ch14@16 ,  5.778E-001 , 19.1ch4@16  ,  4.878E-001 ,  3.435E-002 ,  14.946  ,  14.828 
045:030:00007 , uA    , 104   , OS    ,  4.291E-001 , -1.111E+000 ,  1.969E+000 ,  2.792E-001 , 19.1ch16@16 ,  5.117E-001 , 19.2ch25@16 ,  4.062E-001 ,  4.664E-002 ,  11.007  ,  10.843 
045:010:00008 , V     , 104   ,       ,  1.688E-001 ,  9.175E-002 ,  2.458E-001 ,  1.646E-001 , 19.2ch12@16 ,  1.717E-001 , 19.1ch4@16  ,  1.679E-001 ,  1.597E-003 ,  16.070  ,  15.901 
045:025:00008 , uA    , 104   ,       ,  3.375E+000 ,  1.835E+000 ,  4.915E+000 ,  3.294E+000 , 19.2ch12@16 ,  3.436E+000 , 19.1ch4@16  ,  3.361E+000 ,  3.195E-002 ,  16.067  ,  15.921 
045:030:00008 , uA    , 104   , OS    ,  3.298E+000 ,  1.758E+000 ,  4.838E+000 ,  3.170E+000 , 19.1ch16@16 ,  3.381E+000 , 19.2ch25@16 ,  3.277E+000 ,  4.089E-002 ,  12.555  ,  12.385 
045:010:00009 , V     , 104   ,       ,  3.375E-001 ,  2.605E-001 ,  4.145E-001 ,  3.330E-001 , 19.2ch14@16 ,  3.401E-001 , 19.4ch4@16  ,  3.366E-001 ,  1.657E-003 ,  15.489  ,  15.311 
045:025:00009 , uA    , 104   ,       ,  6.750E+000 ,  5.210E+000 ,  8.290E+000 ,  6.662E+000 , 19.2ch14@16 ,  6.804E+000 , 19.4ch4@16  ,  6.734E+000 ,  3.314E-002 ,  15.488  ,  15.332 
045:030:00009 , uA    , 104   , OS    ,  6.666E+000 ,  5.126E+000 ,  8.206E+000 ,  6.565E+000 , 19.1ch16@16 ,  6.750E+000 , 19.2ch25@16 ,  6.647E+000 ,  3.670E-002 ,  13.987  ,  13.820 
045:010:00010 , V     , 104   ,       ,  5.063E-001 ,  4.293E-001 ,  5.833E-001 ,  5.000E-001 , 19.2ch14@16 ,  5.094E-001 , 19.4ch11@16 ,  5.052E-001 ,  1.908E-003 ,  13.450  ,  13.273 
045:025:00010 , uA    , 104   ,       ,  1.013E+001 ,  8.585E+000 ,  1.167E+001 ,  1.000E+001 , 19.2ch14@16 ,  1.019E+001 , 19.4ch11@16 ,  1.011E+001 ,  3.816E-002 ,  13.452  ,  13.293 
045:030:00010 , uA    , 104   , OS    ,  1.003E+001 ,  8.493E+000 ,  1.157E+001 ,  9.949E+000 , 19.3ch20@16 ,  1.012E+001 , 19.2ch25@16 ,  1.002E+001 ,  3.607E-002 ,  14.233  ,  14.087 
045:010:00011 , V     , 104   ,       ,  6.750E-001 ,  5.980E-001 ,  7.520E-001 ,  6.671E-001 , 19.2ch14@16 ,  6.792E-001 , 19.4ch11@16 ,  6.739E-001 ,  2.291E-003 ,  11.205  ,  11.040 
045:025:00011 , uA    , 104   ,       ,  1.350E+001 ,  1.196E+001 ,  1.504E+001 ,  1.334E+001 , 19.2ch14@16 ,  1.359E+001 , 19.4ch11@16 ,  1.348E+001 ,  4.580E-002 ,  11.209  ,  11.059 
045:030:00011 , uA    , 104   , OS    ,  1.340E+001 ,  1.186E+001 ,  1.494E+001 ,  1.332E+001 , 19.3ch20@16 ,  1.349E+001 , 19.2ch7@16  ,  1.339E+001 ,  3.925E-002 ,  13.079  ,  12.967 
045:010:00012 , V     , 104   ,       ,  8.438E-001 ,  7.668E-001 ,  9.208E-001 ,  8.341E-001 , 19.2ch14@16 ,  8.491E-001 , 19.4ch11@16 ,  8.425E-001 ,  2.748E-003 ,  9.339   ,  9.185  
045:025:00012 , uA    , 104   ,       ,  1.688E+001 ,  1.534E+001 ,  1.842E+001 ,  1.668E+001 , 19.2ch14@16 ,  1.698E+001 , 19.4ch11@16 ,  1.685E+001 ,  5.495E-002 ,  9.342   ,  9.202  
045:030:00012 , uA    , 104   , OS    ,  1.677E+001 ,  1.523E+001 ,  1.831E+001 ,  1.667E+001 , 19.3ch25@16 ,  1.687E+001 , 19.2ch7@16  ,  1.676E+001 ,  4.541E-002 ,  11.306  ,  11.227 
045:010:00013 , V     , 104   ,       ,  1.000E+000 ,  9.230E-001 ,  1.077E+000 ,  9.887E-001 , 19.2ch14@16 ,  1.006E+000 , 19.4ch11@16 ,  9.986E-001 ,  3.214E-003 ,  7.987   ,  7.844  
045:025:00013 , uA    , 104   ,       ,  2.000E+001 ,  1.846E+001 ,  2.154E+001 ,  1.978E+001 , 19.2ch14@16 ,  2.013E+001 , 19.4ch11@16 ,  1.997E+001 ,  6.424E-002 ,  7.990   ,  7.859  
045:030:00013 , uA    , 104   , OS    ,  1.988E+001 ,  1.834E+001 ,  2.142E+001 ,  1.976E+001 , 19.3ch25@16 ,  2.000E+001 , 19.2ch3@16  ,  1.988E+001 ,  5.287E-002 ,  9.709   ,  9.656  
045:035:00000 ,       , 104   ,       ,  1.000E+000 ,  9.615E-001 ,  1.039E+000 ,  9.919E-001 , 19.1ch6@16  ,  1.012E+000 , 19.2ch3@16  ,  1.001E+000 ,  3.524E-003 ,  3.642   ,  3.578  
045:040:00000 , uA    , 104   ,       ,  0.000E+000 , -7.700E-001 ,  7.700E-001 , -8.137E-002 , 19.1ch4@16  ,  8.480E-002 , 19.3ch14@16 ,  1.164E-002 ,  3.506E-002 ,  7.321   ,  7.211  
045:045:00000 ,       , 104   ,       ,  1.000E+000 ,  9.615E-001 ,  1.039E+000 ,  9.881E-001 , 19.2ch3@16  ,  1.008E+000 , 19.1ch6@16  ,  9.993E-001 ,  3.523E-003 ,  3.642   ,  3.573  
045:050:00000 , uA    , 104   ,       ,  0.000E+000 , -7.700E-001 ,  7.700E-001 , -8.261E-002 , 19.2ch25@16 ,  1.542E-001 , 19.1ch16@16 ,  2.325E-002 ,  4.780E-002 ,  5.369   ,  5.207  
045:005:00100 , O     , 104   ,       ,  5.000E+003 ,  4.999E+003 ,  5.001E+003 ,  5.000E+003 , 19.4ch0@16  ,  5.000E+003 , 19.3ch0@16  ,  5.000E+003 ,  3.730E-002 ,  12.064  ,  11.401 
045:015:00100 , uA    , 104   ,       ,  0.000E+000 , -7.700E-001 ,  7.700E-001 , -2.528E-003 , 19.3ch0@16  , -1.816E-003 , 19.2ch13@16 , -2.097E-003 ,  1.979E-004 ,  100.000 ,  100.000
045:020:00100 , uA    , 104   ,       ,  0.000E+000 , -7.700E-001 ,  7.700E-001 , -4.598E-004 , 19.2ch20@16 ,  7.056E-004 , 19.1ch25@16 ,  9.304E-005 ,  2.445E-004 ,  100.000 ,  100.000
045:010:00100 , V     , 104   ,       , -1.000E+000 , -1.077E+000 , -9.230E-001 , -1.011E+000 , 19.1ch6@16  , -9.914E-001 , 19.1ch16@16 , -1.002E+000 ,  4.266E-003 ,  6.017   ,  5.823  
045:025:00100 , uA    , 104   ,       , -2.000E+002 , -2.154E+002 , -1.846E+002 , -2.023E+002 , 19.1ch6@16  , -1.983E+002 , 19.1ch16@16 , -2.005E+002 ,  8.531E-001 ,  6.017   ,  5.823  
045:030:00100 , uA    , 104   , OS    , -2.011E+002 , -2.165E+002 , -1.857E+002 , -2.039E+002 , 19.1ch16@16 , -1.986E+002 , 19.1ch6@16  , -2.009E+002 ,  1.022E+000 ,  5.021   ,  4.977  
045:010:00101 , V     , 104   ,       , -8.438E-001 , -9.208E-001 , -7.668E-001 , -8.538E-001 , 19.1ch6@16  , -8.362E-001 , 19.1ch16@16 , -8.459E-001 ,  3.805E-003 ,  6.746   ,  6.553  
045:025:00101 , uA    , 104   ,       , -1.688E+002 , -1.842E+002 , -1.534E+002 , -1.708E+002 , 19.1ch6@16  , -1.672E+002 , 19.1ch16@16 , -1.692E+002 ,  7.610E-001 ,  6.746   ,  6.553  
045:030:00101 , uA    , 104   , OS    , -1.698E+002 , -1.852E+002 , -1.544E+002 , -1.724E+002 , 19.1ch16@16 , -1.676E+002 , 19.1ch6@16  , -1.697E+002 ,  9.291E-001 ,  5.525   ,  5.496  
045:010:00102 , V     , 104   ,       , -6.750E-001 , -7.520E-001 , -5.980E-001 , -6.839E-001 , 19.3ch14@16 , -6.685E-001 , 19.1ch16@16 , -6.769E-001 ,  3.322E-003 ,  7.727   ,  7.535  
045:025:00102 , uA    , 104   ,       , -1.350E+002 , -1.504E+002 , -1.196E+002 , -1.368E+002 , 19.3ch14@16 , -1.337E+002 , 19.1ch16@16 , -1.354E+002 ,  6.643E-001 ,  7.727   ,  7.535  
045:030:00102 , uA    , 104   , OS    , -1.360E+002 , -1.514E+002 , -1.206E+002 , -1.383E+002 , 19.1ch16@16 , -1.341E+002 , 19.1ch6@16  , -1.359E+002 ,  8.303E-001 ,  6.183   ,  6.173  
045:010:00103 , V     , 104   ,       , -5.063E-001 , -5.833E-001 , -4.293E-001 , -5.140E-001 , 19.3ch14@16 , -5.009E-001 , 19.1ch16@16 , -5.079E-001 ,  2.858E-003 ,  8.981   ,  8.792  
045:025:00103 , uA    , 104   ,       , -1.013E+002 , -1.167E+002 , -8.585E+001 , -1.028E+002 , 19.3ch14@16 , -1.002E+002 , 19.1ch16@16 , -1.016E+002 ,  5.715E-001 ,  8.982   ,  8.792  
045:030:00103 , uA    , 104   , OS    , -1.022E+002 , -1.176E+002 , -8.676E+001 , -1.043E+002 , 19.1ch16@16 , -1.006E+002 , 19.1ch6@16  , -1.022E+002 ,  7.341E-001 ,  6.992   ,  6.977  
045:010:00104 , V     , 104   ,       , -3.375E-001 , -4.145E-001 , -2.605E-001 , -3.441E-001 , 19.3ch14@16 , -3.327E-001 , 19.1ch4@16  , -3.388E-001 ,  2.425E-003 ,  10.583  ,  10.400 
045:025:00104 , uA    , 104   ,       , -6.750E+001 , -8.290E+001 , -5.210E+001 , -6.882E+001 , 19.3ch14@16 , -6.654E+001 , 19.1ch4@16  , -6.777E+001 ,  4.850E-001 ,  10.583  ,  10.400 
045:030:00104 , uA    , 104   , OS    , -6.835E+001 , -8.375E+001 , -5.295E+001 , -7.028E+001 , 19.1ch16@16 , -6.705E+001 , 19.2ch25@16 , -6.845E+001 ,  6.416E-001 ,  8.001   ,  7.953  
045:010:00105 , V     , 104   ,       , -1.688E-001 , -2.458E-001 , -9.175E-002 , -1.742E-001 , 19.3ch14@16 , -1.644E-001 , 19.1ch4@16  , -1.698E-001 ,  2.041E-003 ,  12.575  ,  12.411 
045:025:00105 , uA    , 104   ,       , -3.375E+001 , -4.915E+001 , -1.835E+001 , -3.484E+001 , 19.3ch14@16 , -3.287E+001 , 19.1ch4@16  , -3.395E+001 ,  4.082E-001 ,  12.575  ,  12.412 
045:030:00105 , uA    , 104   , OS    , -3.454E+001 , -4.994E+001 , -1.914E+001 , -3.624E+001 , 19.1ch16@16 , -3.346E+001 , 19.2ch25@16 , -3.469E+001 ,  5.543E-001 ,  9.260   ,  9.170  
045:010:00106 , V     , 104   ,       , -2.500E-003 , -7.950E-002 ,  7.450E-002 , -6.880E-003 , 19.3ch14@16 ,  1.427E-003 , 19.1ch4@16  , -3.227E-003 ,  1.746E-003 ,  14.701  ,  14.562 
045:025:00106 , uA    , 104   ,       , -5.000E-001 , -1.590E+001 ,  1.490E+001 , -1.374E+000 , 19.3ch14@16 ,  2.876E-001 , 19.1ch4@16  , -6.433E-001 ,  3.492E-001 ,  14.700  ,  14.564 
045:030:00106 , uA    , 104   , OS    , -1.232E+000 , -1.663E+001 ,  1.417E+001 , -2.719E+000 , 19.1ch16@16 , -3.858E-001 , 19.2ch25@16 , -1.439E+000 ,  4.769E-001 ,  10.763  ,  10.619 
045:010:00107 , V     , 104   ,       ,  2.500E-003 , -7.450E-002 ,  7.950E-002 , -1.823E-003 , 19.3ch14@16 ,  6.433E-003 , 19.1ch4@16  ,  1.796E-003 ,  1.739E-003 ,  14.764  ,  14.629 
045:025:00107 , uA    , 104   ,       ,  5.000E-001 , -1.490E+001 ,  1.590E+001 , -3.623E-001 , 19.3ch14@16 ,  1.289E+000 , 19.1ch4@16  ,  3.613E-001 ,  3.477E-001 ,  14.763  ,  14.630 
045:030:00107 , uA    , 104   , OS    , -2.267E-001 , -1.563E+001 ,  1.517E+001 , -1.708E+000 , 19.1ch16@16 ,  6.132E-001 , 19.2ch25@16 , -4.353E-001 ,  4.748E-001 ,  10.811  ,  10.664 
045:010:00108 , V     , 104   ,       ,  1.688E-001 ,  9.175E-002 ,  2.458E-001 ,  1.644E-001 , 19.2ch12@16 ,  1.722E-001 , 19.1ch4@16  ,  1.683E-001 ,  1.576E-003 ,  16.286  ,  16.195 
045:025:00108 , uA    , 104   ,       ,  3.375E+001 ,  1.835E+001 ,  4.915E+001 ,  3.289E+001 , 19.2ch12@16 ,  3.445E+001 , 19.1ch4@16  ,  3.367E+001 ,  3.152E-001 ,  16.287  ,  16.199 
045:030:00108 , uA    , 104   , OS    ,  3.308E+001 ,  1.768E+001 ,  4.848E+001 ,  3.178E+001 , 19.4ch23@16 ,  3.370E+001 , 19.2ch22@16 ,  3.281E+001 ,  4.109E-001 ,  12.493  ,  12.278 
045:010:00109 , V     , 104   ,       ,  3.375E-001 ,  2.605E-001 ,  4.145E-001 ,  3.327E-001 , 19.2ch12@16 ,  3.414E-001 , 19.3ch24@16 ,  3.374E-001 ,  1.587E-003 ,  16.178  ,  16.157 
045:025:00109 , uA    , 104   ,       ,  6.750E+001 ,  5.210E+001 ,  8.290E+001 ,  6.655E+001 , 19.2ch12@16 ,  6.829E+001 , 19.3ch24@16 ,  6.748E+001 ,  3.173E-001 ,  16.181  ,  16.163 
045:030:00109 , uA    , 104   , OS    ,  6.689E+001 ,  5.149E+001 ,  8.229E+001 ,  6.560E+001 , 19.4ch23@16 ,  6.745E+001 , 19.2ch22@16 ,  6.657E+001 ,  3.667E-001 ,  13.997  ,  13.705 
045:010:00110 , V     , 104   ,       ,  5.063E-001 ,  4.293E-001 ,  5.833E-001 ,  5.010E-001 , 19.2ch12@16 ,  5.109E-001 , 19.3ch24@16 ,  5.064E-001 ,  1.769E-003 ,  14.513  ,  14.478 
045:025:00110 , uA    , 104   ,       ,  1.013E+002 ,  8.585E+001 ,  1.167E+002 ,  1.002E+002 , 19.2ch12@16 ,  1.022E+002 , 19.3ch24@16 ,  1.013E+002 ,  3.536E-001 ,  14.517  ,  14.479 
045:030:00110 , uA    , 104   , OS    ,  1.007E+002 ,  8.530E+001 ,  1.161E+002 ,  9.941E+001 , 19.4ch23@16 ,  1.012E+002 , 19.2ch22@16 ,  1.003E+002 ,  3.513E-001 ,  14.614  ,  14.253 
045:010:00111 , V     , 104   ,       ,  6.750E-001 ,  5.980E-001 ,  7.520E-001 ,  6.693E-001 , 19.2ch12@16 ,  6.803E-001 , 19.3ch24@16 ,  6.755E-001 ,  2.078E-003 ,  12.349  ,  12.274 
045:025:00111 , uA    , 104   ,       ,  1.350E+002 ,  1.196E+002 ,  1.504E+002 ,  1.339E+002 , 19.2ch12@16 ,  1.361E+002 , 19.3ch24@16 ,  1.351E+002 ,  4.156E-001 ,  12.353  ,  12.274 
045:030:00111 , uA    , 104   , OS    ,  1.345E+002 ,  1.191E+002 ,  1.499E+002 ,  1.332E+002 , 19.4ch23@16 ,  1.349E+002 , 19.2ch22@16 ,  1.341E+002 ,  3.681E-001 ,  13.947  ,  13.552 
045:010:00112 , V     , 104   ,       ,  8.438E-001 ,  7.668E-001 ,  9.208E-001 ,  8.376E-001 , 19.2ch12@16 ,  8.497E-001 , 19.3ch24@16 ,  8.445E-001 ,  2.468E-003 ,  10.400  ,  10.299 
045:025:00112 , uA    , 104   ,       ,  1.688E+002 ,  1.534E+002 ,  1.842E+002 ,  1.675E+002 , 19.2ch12@16 ,  1.699E+002 , 19.3ch24@16 ,  1.689E+002 ,  4.934E-001 ,  10.404  ,  10.299 
045:030:00112 , uA    , 104   , OS    ,  1.683E+002 ,  1.529E+002 ,  1.837E+002 ,  1.669E+002 , 19.1ch10@16 ,  1.687E+002 , 19.2ch20@16 ,  1.678E+002 ,  4.133E-001 ,  12.420  ,  12.023 
045:010:00113 , V     , 104   ,       ,  1.000E+000 ,  9.230E-001 ,  1.077E+000 ,  9.934E-001 , 19.2ch12@16 ,  1.007E+000 , 19.1ch6@16  ,  1.001E+000 ,  2.873E-003 ,  8.935   ,  8.816  
045:025:00113 , uA    , 104   ,       ,  2.000E+002 ,  1.846E+002 ,  2.154E+002 ,  1.987E+002 , 19.2ch12@16 ,  2.015E+002 , 19.1ch6@16  ,  2.002E+002 ,  5.743E-001 ,  8.938   ,  8.816  
045:030:00113 , uA    , 104   , OS    ,  1.996E+002 ,  1.842E+002 ,  2.150E+002 ,  1.979E+002 , 19.1ch10@16 ,  2.001E+002 , 19.2ch20@16 ,  1.991E+002 ,  4.738E-001 ,  10.835  ,  10.451 
045:035:00100 ,       , 104   ,       ,  1.000E+000 ,  9.615E-001 ,  1.039E+000 ,  9.906E-001 , 19.1ch6@16  ,  1.007E+000 , 19.2ch3@16  ,  9.982E-001 ,  3.181E-003 ,  4.034   ,  3.850  
045:040:00100 , uA    , 104   ,       ,  0.000E+000 , -7.700E+000 ,  7.700E+000 , -7.887E-001 , 19.1ch4@16  ,  8.633E-001 , 19.3ch14@16 ,  1.412E-001 ,  3.477E-001 ,  7.383   ,  7.247  
045:045:00100 ,       , 104   ,       ,  1.000E+000 ,  9.615E-001 ,  1.039E+000 ,  9.933E-001 , 19.2ch3@16  ,  1.009E+000 , 19.1ch6@16  ,  1.002E+000 ,  3.195E-003 ,  4.017   ,  3.840  
045:050:00100 , uA    , 104   ,       ,  0.000E+000 , -7.700E+000 ,  7.700E+000 , -8.388E-001 , 19.2ch25@16 ,  1.485E+000 , 19.1ch16@16 ,  2.075E-001 ,  4.753E-001 ,  5.400   ,  5.255  
045:005:00200 , O     , 104   ,       ,  5.000E+002 ,  4.998E+002 ,  5.002E+002 ,  5.000E+002 , 19.3ch0@16  ,  5.000E+002 , 19.1ch0@16  ,  5.000E+002 ,  5.575E-003 ,  10.763  ,  9.726  
045:015:00200 , uA    , 104   ,       ,  0.000E+000 , -7.700E-001 ,  7.700E-001 , -2.528E-003 , 19.3ch0@16  , -1.816E-003 , 19.2ch13@16 , -2.097E-003 ,  1.979E-004 ,  100.000 ,  100.000
045:020:00200 , uA    , 104   ,       ,  0.000E+000 , -7.700E-001 ,  7.700E-001 , -4.598E-004 , 19.2ch20@16 ,  7.056E-004 , 19.1ch25@16 ,  9.304E-005 ,  2.445E-004 ,  100.000 ,  100.000
045:010:00200 , V     , 104   ,       , -1.000E+000 , -1.077E+000 , -9.230E-001 , -1.016E+000 , 19.1ch6@16  , -9.942E-001 , 19.2ch3@16  , -1.005E+000 ,  4.344E-003 ,  5.909   ,  5.510  
045:025:00200 , mA    , 104   ,       , -2.000E+000 , -2.154E+000 , -1.846E+000 , -2.033E+000 , 19.1ch6@16  , -1.988E+000 , 19.2ch3@16  , -2.010E+000 ,  8.690E-003 ,  5.907   ,  5.506  
045:030:00200 , mA    , 104   , OS    , -2.010E+000 , -2.164E+000 , -1.856E+000 , -2.031E+000 , 19.1ch16@16 , -1.975E+000 , 19.1ch6@16  , -2.003E+000 ,  1.050E-002 ,  4.890   ,  4.673  
045:010:00201 , V     , 104   ,       , -8.438E-001 , -9.208E-001 , -7.668E-001 , -8.578E-001 , 19.1ch6@16  , -8.387E-001 , 19.2ch3@16  , -8.482E-001 ,  3.844E-003 ,  6.677   ,  6.287  
045:025:00201 , mA    , 104   ,       , -1.688E+000 , -1.842E+000 , -1.534E+000 , -1.716E+000 , 19.1ch6@16  , -1.677E+000 , 19.2ch3@16  , -1.697E+000 ,  7.691E-003 ,  6.675   ,  6.283  
045:030:00201 , mA    , 104   , OS    , -1.697E+000 , -1.851E+000 , -1.543E+000 , -1.717E+000 , 19.1ch16@16 , -1.667E+000 , 19.1ch6@16  , -1.691E+000 ,  9.489E-003 ,  5.410   ,  5.218  
045:010:00202 , V     , 104   ,       , -6.750E-001 , -7.520E-001 , -5.980E-001 , -6.867E-001 , 19.1ch6@16  , -6.705E-001 , 19.1ch16@16 , -6.787E-001 ,  3.322E-003 ,  7.726   ,  7.350  
045:025:00202 , mA    , 104   ,       , -1.350E+000 , -1.504E+000 , -1.196E+000 , -1.373E+000 , 19.1ch6@16  , -1.341E+000 , 19.1ch16@16 , -1.358E+000 ,  6.646E-003 ,  7.724   ,  7.346  
045:030:00202 , mA    , 104   , OS    , -1.359E+000 , -1.513E+000 , -1.205E+000 , -1.378E+000 , 19.1ch16@16 , -1.334E+000 , 19.1ch6@16  , -1.355E+000 ,  8.425E-003 ,  6.093   ,  5.936  
045:010:00203 , V     , 104   ,       , -5.063E-001 , -5.833E-001 , -4.293E-001 , -5.159E-001 , 19.4ch6@16  , -5.024E-001 , 19.1ch16@16 , -5.093E-001 ,  2.826E-003 ,  9.083   ,  8.728  
045:025:00203 , mA    , 104   ,       , -1.013E+000 , -1.167E+000 , -8.585E-001 , -1.032E+000 , 19.4ch6@16  , -1.005E+000 , 19.1ch16@16 , -1.019E+000 ,  5.653E-003 ,  9.080   ,  8.724  
045:030:00203 , mA    , 104   , OS    , -1.021E+000 , -1.175E+000 , -8.670E-001 , -1.039E+000 , 19.1ch16@16 , -1.001E+000 , 19.1ch6@16  , -1.019E+000 ,  7.396E-003 ,  6.941   ,  6.830  
045:010:00204 , V     , 104   ,       , -3.375E-001 , -4.145E-001 , -2.605E-001 , -3.452E-001 , 19.4ch6@16  , -3.342E-001 , 19.1ch16@16 , -3.398E-001 ,  2.374E-003 ,  10.810  ,  10.492 
045:025:00204 , mA    , 104   ,       , -6.750E-001 , -8.290E-001 , -5.210E-001 , -6.904E-001 , 19.4ch6@16  , -6.684E-001 , 19.1ch16@16 , -6.795E-001 ,  4.750E-003 ,  10.807  ,  10.489 
045:030:00204 , mA    , 104   , OS    , -6.831E-001 , -8.371E-001 , -5.291E-001 , -7.003E-001 , 19.1ch16@16 , -6.676E-001 , 19.1ch6@16  , -6.822E-001 ,  6.421E-003 ,  7.995   ,  7.945  
045:010:00205 , V     , 104   ,       , -1.688E-001 , -2.458E-001 , -9.175E-002 , -1.746E-001 , 19.3ch14@16 , -1.651E-001 , 19.1ch4@16  , -1.702E-001 ,  1.996E-003 ,  12.862  ,  12.616 
045:025:00205 , mA    , 104   ,       , -3.375E-001 , -4.915E-001 , -1.835E-001 , -3.493E-001 , 19.3ch14@16 , -3.303E-001 , 19.1ch4@16  , -3.405E-001 ,  3.992E-003 ,  12.861  ,  12.614 
045:030:00205 , mA    , 104   , OS    , -3.452E-001 , -4.992E-001 , -1.912E-001 , -3.611E-001 , 19.1ch16@16 , -3.345E-001 , 19.1ch6@16  , -3.457E-001 ,  5.523E-003 ,  9.294   ,  9.262  
045:010:00206 , V     , 104   ,       , -2.500E-003 , -7.950E-002 ,  7.450E-002 , -6.869E-003 , 19.3ch14@16 ,  1.437E-003 , 19.1ch4@16  , -3.248E-003 ,  1.744E-003 ,  14.714  ,  14.571 
045:025:00206 , mA    , 104   ,       , -5.000E-003 , -1.590E-001 ,  1.490E-001 , -1.374E-002 , 19.3ch14@16 ,  2.875E-003 , 19.1ch4@16  , -6.493E-003 ,  3.489E-003 ,  14.714  ,  14.571 
045:030:00206 , mA    , 104   , OS    , -1.234E-002 , -1.663E-001 ,  1.417E-001 , -2.710E-002 , 19.1ch16@16 , -3.886E-003 , 19.2ch25@16 , -1.435E-002 ,  4.765E-003 ,  10.773  ,  10.632 
045:010:00207 , V     , 104   ,       ,  2.500E-003 , -7.450E-002 ,  7.950E-002 , -1.800E-003 , 19.3ch14@16 ,  6.457E-003 , 19.1ch4@16  ,  1.788E-003 ,  1.738E-003 ,  14.766  ,  14.629 
045:025:00207 , mA    , 104   ,       ,  5.000E-003 , -1.490E-001 ,  1.590E-001 , -3.598E-003 , 19.3ch14@16 ,  1.292E-002 , 19.1ch4@16  ,  3.578E-003 ,  3.477E-003 ,  14.765  ,  14.629 
045:030:00207 , mA    , 104   , OS    , -2.291E-003 , -1.563E-001 ,  1.517E-001 , -1.702E-002 , 19.1ch16@16 ,  6.106E-003 , 19.2ch25@16 , -4.344E-003 ,  4.744E-003 ,  10.821  ,  10.677 
045:010:00208 , V     , 104   ,       ,  1.688E-001 ,  9.175E-002 ,  2.458E-001 ,  1.651E-001 , 19.2ch12@16 ,  1.730E-001 , 19.1ch4@16  ,  1.688E-001 ,  1.666E-003 ,  15.406  ,  15.404 
045:025:00208 , mA    , 104   ,       ,  3.375E-001 ,  1.835E-001 ,  4.915E-001 ,  3.301E-001 , 19.2ch12@16 ,  3.461E-001 , 19.1ch4@16  ,  3.375E-001 ,  3.332E-003 ,  15.406  ,  15.403 
045:030:00208 , mA    , 104   , OS    ,  3.305E-001 ,  1.765E-001 ,  4.845E-001 ,  3.165E-001 , 19.4ch23@16 ,  3.370E-001 , 19.2ch25@16 ,  3.270E-001 ,  4.182E-003 ,  12.276  ,  11.996 
045:010:00209 , V     , 104   ,       ,  3.375E-001 ,  2.605E-001 ,  4.145E-001 ,  3.341E-001 , 19.2ch12@16 ,  3.426E-001 , 19.3ch24@16 ,  3.383E-001 ,  1.796E-003 ,  14.290  ,  14.143 
045:025:00209 , mA    , 104   ,       ,  6.750E-001 ,  5.210E-001 ,  8.290E-001 ,  6.682E-001 , 19.2ch12@16 ,  6.853E-001 , 19.3ch24@16 ,  6.766E-001 ,  3.592E-003 ,  14.290  ,  14.141 
045:030:00209 , mA    , 104   , OS    ,  6.685E-001 ,  5.145E-001 ,  8.225E-001 ,  6.535E-001 , 19.4ch23@16 ,  6.737E-001 , 19.1ch0@16  ,  6.635E-001 ,  3.894E-003 ,  13.184  ,  12.756 
045:010:00210 , V     , 104   ,       ,  5.063E-001 ,  4.293E-001 ,  5.833E-001 ,  5.019E-001 , 19.2ch14@16 ,  5.127E-001 , 19.3ch24@16 ,  5.078E-001 ,  2.090E-003 ,  12.283  ,  12.040 
045:025:00210 , mA    , 104   ,       ,  1.013E+000 ,  8.585E-001 ,  1.167E+000 ,  1.004E+000 , 19.2ch14@16 ,  1.025E+000 , 19.3ch24@16 ,  1.016E+000 ,  4.180E-003 ,  12.282  ,  12.036 
045:030:00210 , mA    , 104   , OS    ,  1.006E+000 ,  8.523E-001 ,  1.160E+000 ,  9.903E-001 , 19.4ch23@16 ,  1.011E+000 , 19.1ch0@16  ,  9.998E-001 ,  3.953E-003 ,  12.986  ,  12.440 
045:010:00211 , V     , 104   ,       ,  6.750E-001 ,  5.980E-001 ,  7.520E-001 ,  6.696E-001 , 19.2ch14@16 ,  6.827E-001 , 19.3ch24@16 ,  6.773E-001 ,  2.492E-003 ,  10.300  ,  9.998  
045:025:00211 , mA    , 104   ,       ,  1.350E+000 ,  1.196E+000 ,  1.504E+000 ,  1.339E+000 , 19.2ch14@16 ,  1.365E+000 , 19.3ch24@16 ,  1.355E+000 ,  4.985E-003 ,  10.298  ,  9.993  
045:030:00211 , mA    , 104   , OS    ,  1.344E+000 ,  1.190E+000 ,  1.498E+000 ,  1.327E+000 , 19.4ch10@16 ,  1.349E+000 , 19.1ch0@16  ,  1.336E+000 ,  4.346E-003 ,  11.812  ,  11.203 
045:010:00212 , V     , 104   ,       ,  8.438E-001 ,  7.668E-001 ,  9.208E-001 ,  8.372E-001 , 19.2ch14@16 ,  8.537E-001 , 19.1ch6@16  ,  8.467E-001 ,  2.958E-003 ,  8.678   ,  8.341  
045:025:00212 , mA    , 104   ,       ,  1.688E+000 ,  1.534E+000 ,  1.842E+000 ,  1.674E+000 , 19.2ch14@16 ,  1.707E+000 , 19.1ch6@16  ,  1.694E+000 ,  5.917E-003 ,  8.676   ,  8.336  
045:030:00212 , mA    , 104   , OS    ,  1.682E+000 ,  1.528E+000 ,  1.836E+000 ,  1.663E+000 , 19.4ch10@16 ,  1.686E+000 , 19.1ch0@16  ,  1.673E+000 ,  4.992E-003 ,  10.283  ,  9.655  
045:010:00213 , V     , 104   ,       ,  1.000E+000 ,  9.230E-001 ,  1.077E+000 ,  9.925E-001 , 19.2ch14@16 ,  1.012E+000 , 19.1ch6@16  ,  1.004E+000 ,  3.425E-003 ,  7.493   ,  7.136  
045:025:00213 , mA    , 104   ,       ,  2.000E+000 ,  1.846E+000 ,  2.154E+000 ,  1.985E+000 , 19.2ch14@16 ,  2.024E+000 , 19.1ch6@16  ,  2.007E+000 ,  6.853E-003 ,  7.491   ,  7.131  
045:030:00213 , mA    , 104   , OS    ,  1.995E+000 ,  1.841E+000 ,  2.149E+000 ,  1.973E+000 , 19.1ch6@16  ,  1.999E+000 , 19.1ch0@16  ,  1.984E+000 ,  5.747E-003 ,  8.933   ,  8.308  
045:035:00200 ,       , 104   ,       ,  1.000E+000 ,  9.615E-001 ,  1.039E+000 ,  9.859E-001 , 19.1ch6@16  ,  1.006E+000 , 19.2ch14@16 ,  9.956E-001 ,  3.477E-003 ,  3.691   ,  3.265  
045:040:00200 , mA    , 104   ,       ,  0.000E+000 , -7.700E-002 ,  7.700E-002 , -7.849E-003 , 19.1ch4@16  ,  8.605E-003 , 19.3ch14@16 ,  1.473E-003 ,  3.465E-003 ,  7.408   ,  7.266  
045:045:00200 ,       , 104   ,       ,  1.000E+000 ,  9.615E-001 ,  1.039E+000 ,  9.937E-001 , 19.2ch14@16 ,  1.014E+000 , 19.1ch6@16  ,  1.004E+000 ,  3.499E-003 ,  3.667   ,  3.248  
045:050:00200 , mA    , 104   ,       ,  0.000E+000 , -7.700E-002 ,  7.700E-002 , -8.407E-003 , 19.2ch25@16 ,  1.474E-002 , 19.1ch16@16 ,  2.014E-003 ,  4.742E-003 ,  5.413   ,  5.271  
045:005:00300 , O     , 104   ,       ,  5.000E+001 ,  4.996E+001 ,  5.005E+001 ,  4.998E+001 , 19.3ch0@16  ,  4.999E+001 , 19.4ch0@16  ,  4.998E+001 ,  5.195E-003 ,  2.887   ,  1.744  
045:015:00300 , uA    , 104   ,       ,  0.000E+000 , -7.700E-001 ,  7.700E-001 , -2.528E-003 , 19.3ch0@16  , -1.816E-003 , 19.2ch13@16 , -2.097E-003 ,  1.979E-004 ,  100.000 ,  100.000
045:020:00300 , uA    , 104   ,       ,  0.000E+000 , -7.700E-001 ,  7.700E-001 , -4.598E-004 , 19.2ch20@16 ,  7.056E-004 , 19.1ch25@16 ,  9.304E-005 ,  2.445E-004 ,  100.000 ,  100.000
045:010:00300 , V     , 104   ,       , -1.000E+000 , -1.077E+000 , -9.230E-001 , -1.017E+000 , 19.4ch6@16  , -9.941E-001 , 19.2ch3@16  , -1.005E+000 ,  4.899E-003 ,  5.239   ,  4.899  
045:025:00300 , mA    , 104   ,       , -2.000E+001 , -2.154E+001 , -1.846E+001 , -2.034E+001 , 19.4ch6@16  , -1.989E+001 , 19.2ch3@16  , -2.011E+001 ,  9.732E-002 ,  5.275   ,  4.908  
045:030:00300 , mA    , 104   , OS    , -2.011E+001 , -2.165E+001 , -1.857E+001 , -2.032E+001 , 19.2ch3@16  , -1.976E+001 , 19.1ch6@16  , -2.004E+001 ,  1.151E-001 ,  4.461   ,  4.256  
045:010:00301 , V     , 104   ,       , -8.438E-001 , -9.208E-001 , -7.668E-001 , -8.586E-001 , 19.4ch6@16  , -8.386E-001 , 19.2ch3@16  , -8.481E-001 ,  4.267E-003 ,  6.016   ,  5.678  
045:025:00301 , mA    , 104   ,       , -1.688E+001 , -1.842E+001 , -1.534E+001 , -1.718E+001 , 19.4ch6@16  , -1.678E+001 , 19.2ch3@16  , -1.697E+001 ,  8.481E-002 ,  6.053   ,  5.689  
045:030:00301 , mA    , 104   , OS    , -1.698E+001 , -1.852E+001 , -1.544E+001 , -1.718E+001 , 19.2ch3@16  , -1.668E+001 , 19.1ch6@16  , -1.693E+001 ,  1.027E-001 ,  5.000   ,  4.816  
045:010:00302 , V     , 104   ,       , -6.750E-001 , -7.520E-001 , -5.980E-001 , -6.876E-001 , 19.4ch6@16  , -6.706E-001 , 19.2ch3@16  , -6.786E-001 ,  3.604E-003 ,  7.123   ,  6.789  
045:025:00302 , mA    , 104   ,       , -1.350E+001 , -1.504E+001 , -1.196E+001 , -1.376E+001 , 19.4ch6@16  , -1.342E+001 , 19.2ch3@16  , -1.358E+001 ,  7.170E-002 ,  7.159   ,  6.801  
045:030:00302 , mA    , 104   , OS    , -1.360E+001 , -1.514E+001 , -1.206E+001 , -1.378E+001 , 19.2ch3@16  , -1.335E+001 , 19.1ch6@16  , -1.356E+001 ,  8.961E-002 ,  5.729   ,  5.575  
045:010:00303 , V     , 104   ,       , -5.063E-001 , -5.833E-001 , -4.293E-001 , -5.167E-001 , 19.4ch6@16  , -5.027E-001 , 19.2ch3@16  , -5.092E-001 ,  2.977E-003 ,  8.622   ,  8.296  
045:025:00303 , mA    , 104   ,       , -1.013E+001 , -1.167E+001 , -8.585E+000 , -1.034E+001 , 19.4ch6@16  , -1.006E+001 , 19.2ch3@16  , -1.019E+001 ,  5.932E-002 ,  8.654   ,  8.307  
045:030:00303 , mA    , 104   , OS    , -1.022E+001 , -1.176E+001 , -8.679E+000 , -1.038E+001 , 19.2ch3@16  , -1.001E+001 , 19.1ch6@16  , -1.019E+001 ,  7.713E-002 ,  6.655   ,  6.543  
045:010:00304 , V     , 104   ,       , -3.375E-001 , -4.145E-001 , -2.605E-001 , -3.458E-001 , 19.4ch6@16  , -3.340E-001 , 19.1ch4@16  , -3.397E-001 ,  2.414E-003 ,  10.634  ,  10.331 
045:025:00304 , mA    , 104   ,       , -6.750E+000 , -8.290E+000 , -5.210E+000 , -6.917E+000 , 19.4ch6@16  , -6.682E+000 , 19.1ch4@16  , -6.796E+000 ,  4.819E-002 ,  10.653  ,  10.333 
045:030:00304 , mA    , 104   , OS    , -6.838E+000 , -8.378E+000 , -5.298E+000 , -6.987E+000 , 19.2ch3@16  , -6.680E+000 , 19.1ch6@16  , -6.827E+000 ,  6.553E-002 ,  7.833   ,  7.780  
045:010:00305 , V     , 104   ,       , -1.688E-001 , -2.458E-001 , -9.175E-002 , -1.748E-001 , 19.4ch6@16  , -1.650E-001 , 19.1ch4@16  , -1.702E-001 ,  1.968E-003 ,  13.044  ,  12.800 
045:025:00305 , mA    , 104   ,       , -3.375E+000 , -4.915E+000 , -1.835E+000 , -3.496E+000 , 19.4ch6@16  , -3.301E+000 , 19.1ch4@16  , -3.405E+000 ,  3.936E-002 ,  13.041  ,  12.786 
045:030:00305 , mA    , 104   , OS    , -3.455E+000 , -4.995E+000 , -1.915E+000 , -3.591E+000 , 19.1ch16@16 , -3.346E+000 , 19.1ch6@16  , -3.460E+000 ,  5.532E-002 ,  9.280   ,  9.250  
045:010:00306 , V     , 104   ,       , -2.500E-003 , -7.950E-002 ,  7.450E-002 , -6.832E-003 , 19.3ch14@16 ,  1.434E-003 , 19.1ch4@16  , -3.247E-003 ,  1.739E-003 ,  14.760  ,  14.617 
045:025:00306 , mA    , 104   ,       , -5.000E-002 , -1.590E+000 ,  1.490E+000 , -1.367E-001 , 19.3ch14@16 ,  2.869E-002 , 19.1ch4@16  , -6.496E-002 ,  3.479E-002 ,  14.755  ,  14.611 
045:030:00306 , mA    , 104   , OS    , -1.237E-001 , -1.664E+000 ,  1.416E+000 , -2.709E-001 , 19.1ch16@16 , -3.949E-002 , 19.2ch25@16 , -1.437E-001 ,  4.761E-002 ,  10.782  ,  10.642 
045:010:00307 , V     , 104   ,       ,  2.500E-003 , -7.450E-002 ,  7.950E-002 , -1.773E-003 , 19.3ch14@16 ,  6.444E-003 , 19.1ch4@16  ,  1.787E-003 ,  1.736E-003 ,  14.788  ,  14.651 
045:025:00307 , mA    , 104   ,       ,  5.000E-002 , -1.490E+000 ,  1.590E+000 , -3.547E-002 , 19.3ch14@16 ,  1.289E-001 , 19.1ch4@16  ,  3.576E-002 ,  3.472E-002 ,  14.783  ,  14.647 
045:030:00307 , mA    , 104   , OS    , -2.316E-002 , -1.563E+000 ,  1.517E+000 , -1.705E-001 , 19.1ch16@16 ,  6.057E-002 , 19.2ch25@16 , -4.362E-002 ,  4.741E-002 ,  10.827  ,  10.683 
045:010:00308 , V     , 104   ,       ,  1.688E-001 ,  9.175E-002 ,  2.458E-001 ,  1.640E-001 , 19.2ch12@16 ,  1.729E-001 , 19.1ch4@16  ,  1.687E-001 ,  1.803E-003 ,  14.232  ,  14.228 
045:025:00308 , mA    , 104   ,       ,  3.375E+000 ,  1.835E+000 ,  4.915E+000 ,  3.282E+000 , 19.2ch12@16 ,  3.459E+000 , 19.1ch4@16  ,  3.376E+000 ,  3.596E-002 ,  14.276  ,  14.269 
045:030:00308 , mA    , 104   , OS    ,  3.308E+000 ,  1.768E+000 ,  4.848E+000 ,  3.150E+000 , 19.1ch16@16 ,  3.375E+000 , 19.2ch25@16 ,  3.273E+000 ,  4.336E-002 ,  11.840  ,  11.566 
045:010:00309 , V     , 104   ,       ,  3.375E-001 ,  2.605E-001 ,  4.145E-001 ,  3.320E-001 , 19.2ch12@16 ,  3.428E-001 , 19.4ch22@16 ,  3.382E-001 ,  2.142E-003 ,  11.982  ,  11.868 
045:025:00309 , mA    , 104   ,       ,  6.750E+000 ,  5.210E+000 ,  8.290E+000 ,  6.642E+000 , 19.2ch12@16 ,  6.857E+000 , 19.4ch22@16 ,  6.767E+000 ,  4.254E-002 ,  12.068  ,  11.934 
045:030:00309 , mA    , 104   , OS    ,  6.691E+000 ,  5.151E+000 ,  8.231E+000 ,  6.521E+000 , 19.1ch16@16 ,  6.746E+000 , 19.2ch7@16  ,  6.640E+000 ,  4.395E-002 ,  11.681  ,  11.296 
045:010:00310 , V     , 104   ,       ,  5.063E-001 ,  4.293E-001 ,  5.833E-001 ,  4.999E-001 , 19.2ch12@16 ,  5.130E-001 , 19.4ch22@16 ,  5.077E-001 ,  2.647E-003 ,  9.697   ,  9.517  
045:025:00310 , mA    , 104   ,       ,  1.013E+001 ,  8.585E+000 ,  1.167E+001 ,  1.000E+001 , 19.2ch12@16 ,  1.026E+001 , 19.4ch22@16 ,  1.016E+001 ,  5.244E-002 ,  9.790   ,  9.585  
045:030:00310 , mA    , 104   , OS    ,  1.007E+001 ,  8.532E+000 ,  1.161E+001 ,  9.892E+000 , 19.1ch16@16 ,  1.013E+001 , 19.2ch7@16  ,  1.001E+001 ,  4.904E-002 ,  10.467  ,  10.018 
045:010:00311 , V     , 104   ,       ,  6.750E-001 ,  5.980E-001 ,  7.520E-001 ,  6.678E-001 , 19.2ch12@16 ,  6.832E-001 , 19.4ch22@16 ,  6.771E-001 ,  3.244E-003 ,  7.912   ,  7.693  
045:025:00311 , mA    , 104   ,       ,  1.350E+001 ,  1.196E+001 ,  1.504E+001 ,  1.336E+001 , 19.2ch12@16 ,  1.367E+001 , 19.4ch22@16 ,  1.355E+001 ,  6.419E-002 ,  7.997   ,  7.750  
045:030:00311 , mA    , 104   , OS    ,  1.345E+001 ,  1.191E+001 ,  1.499E+001 ,  1.326E+001 , 19.4ch25@16 ,  1.351E+001 , 19.2ch7@16  ,  1.337E+001 ,  5.751E-002 ,  8.925   ,  8.456  
045:010:00312 , V     , 104   ,       ,  8.438E-001 ,  7.668E-001 ,  9.208E-001 ,  8.357E-001 , 19.2ch12@16 ,  8.538E-001 , 19.1ch6@16  ,  8.466E-001 ,  3.889E-003 ,  6.600   ,  6.359  
045:025:00312 , mA    , 104   ,       ,  1.688E+001 ,  1.534E+001 ,  1.842E+001 ,  1.672E+001 , 19.2ch12@16 ,  1.708E+001 , 19.1ch6@16  ,  1.694E+001 ,  7.691E-002 ,  6.674   ,  6.404  
045:030:00312 , mA    , 104   , OS    ,  1.683E+001 ,  1.529E+001 ,  1.837E+001 ,  1.660E+001 , 19.4ch25@16 ,  1.690E+001 , 19.2ch12@16 ,  1.674E+001 ,  6.809E-002 ,  7.539   ,  7.069  
045:010:00313 , V     , 104   ,       ,  1.000E+000 ,  9.230E-001 ,  1.077E+000 ,  9.912E-001 , 19.2ch12@16 ,  1.012E+000 , 19.1ch6@16  ,  1.003E+000 ,  4.514E-003 ,  5.686   ,  5.431  
045:025:00313 , mA    , 104   ,       ,  2.000E+001 ,  1.846E+001 ,  2.154E+001 ,  1.983E+001 , 19.2ch12@16 ,  2.025E+001 , 19.1ch6@16  ,  2.008E+001 ,  8.926E-002 ,  5.751   ,  5.466  
045:030:00313 , mA    , 104   , OS    ,  1.997E+001 ,  1.843E+001 ,  2.151E+001 ,  1.969E+001 , 19.1ch10@16 ,  2.004E+001 , 19.2ch12@16 ,  1.986E+001 ,  7.904E-002 ,  6.495   ,  6.033  
045:035:00300 ,       , 104   ,       ,  1.000E+000 ,  9.615E-001 ,  1.039E+000 ,  9.855E-001 , 19.1ch6@16  ,  1.005E+000 , 19.2ch14@16 ,  9.954E-001 ,  4.296E-003 ,  2.987   ,  2.634  
045:040:00300 , mA    , 104   ,       ,  0.000E+000 , -7.700E-001 ,  7.700E-001 , -7.853E-002 , 19.1ch4@16  ,  8.562E-002 , 19.3ch14@16 ,  1.474E-002 ,  3.459E-002 ,  7.421   ,  7.279  
045:045:00300 ,       , 104   ,       ,  1.000E+000 ,  9.615E-001 ,  1.039E+000 ,  9.947E-001 , 19.2ch14@16 ,  1.014E+000 , 19.1ch6@16  ,  1.005E+000 ,  4.326E-003 ,  2.966   ,  2.618  
045:050:00300 , mA    , 104   ,       ,  0.000E+000 , -7.700E-001 ,  7.700E-001 , -8.385E-002 , 19.2ch25@16 ,  1.468E-001 , 19.1ch16@16 ,  2.001E-002 ,  4.737E-002 ,  5.418   ,  5.277  
045:005:00400 , O     , 104   ,       ,  5.000E+000 ,  4.910E+000 ,  5.090E+000 ,  4.982E+000 , 19.3ch0@16  ,  4.994E+000 , 19.4ch0@16  ,  4.989E+000 ,  4.505E-003 ,  6.659   ,  5.819  
045:015:00400 , uA    , 104   ,       ,  0.000E+000 , -7.700E-001 ,  7.700E-001 , -2.528E-003 , 19.3ch0@16  , -1.816E-003 , 19.2ch13@16 , -2.097E-003 ,  1.979E-004 ,  100.000 ,  100.000
045:020:00400 , uA    , 104   ,       ,  0.000E+000 , -7.700E-001 ,  7.700E-001 , -4.598E-004 , 19.2ch20@16 ,  7.056E-004 , 19.1ch25@16 ,  9.304E-005 ,  2.445E-004 ,  100.000 ,  100.000
045:010:00400 , V     , 104   ,       , -1.000E+000 , -1.077E+000 , -9.230E-001 , -1.006E+000 , 19.4ch6@16  , -9.977E-001 , 19.3ch24@16 , -1.002E+000 ,  1.859E-003 ,  13.810  ,  13.388 
045:025:00400 , mA    , 104   ,       , -2.000E+002 , -2.154E+002 , -1.846E+002 , -2.016E+002 , 19.3ch14@16 , -2.000E+002 , 19.1ch4@16  , -2.009E+002 ,  3.536E-001 ,  14.517  ,  13.643 
045:030:00400 , mA    , 104   , OS    , -2.016E+002 , -2.170E+002 , -1.862E+002 , -2.023E+002 , 19.1ch16@16 , -2.001E+002 , 19.2ch25@16 , -2.010E+002 ,  4.725E-001 ,  10.864  ,  10.462 
045:010:00401 , V     , 104   ,       , -8.438E-001 , -9.208E-001 , -7.668E-001 , -8.499E-001 , 19.4ch6@16  , -8.414E-001 , 19.1ch4@16  , -8.459E-001 ,  1.800E-003 ,  14.259  ,  13.868 
045:025:00401 , mA    , 104   ,       , -1.688E+002 , -1.842E+002 , -1.534E+002 , -1.702E+002 , 19.3ch14@16 , -1.686E+002 , 19.1ch4@16  , -1.696E+002 ,  3.506E-001 ,  14.643  ,  13.875 
045:030:00401 , mA    , 104   , OS    , -1.702E+002 , -1.856E+002 , -1.548E+002 , -1.710E+002 , 19.1ch16@16 , -1.688E+002 , 19.2ch25@16 , -1.698E+002 ,  4.709E-001 ,  10.900  ,  10.580 
045:010:00402 , V     , 104   ,       , -6.750E-001 , -7.520E-001 , -5.980E-001 , -6.807E-001 , 19.4ch6@16  , -6.723E-001 , 19.1ch4@16  , -6.769E-001 ,  1.752E-003 ,  14.653  ,  14.299 
045:025:00402 , mA    , 104   ,       , -1.350E+002 , -1.504E+002 , -1.196E+002 , -1.363E+002 , 19.3ch14@16 , -1.347E+002 , 19.1ch4@16  , -1.357E+002 ,  3.480E-001 ,  14.752  ,  14.100 
045:030:00402 , mA    , 104   , OS    , -1.363E+002 , -1.517E+002 , -1.209E+002 , -1.373E+002 , 19.1ch16@16 , -1.351E+002 , 19.2ch25@16 , -1.360E+002 ,  4.695E-001 ,  10.934  ,  10.703 
045:010:00403 , V     , 104   ,       , -5.063E-001 , -5.833E-001 , -4.293E-001 , -5.116E-001 , 19.4ch6@16  , -5.032E-001 , 19.1ch4@16  , -5.079E-001 ,  1.715E-003 ,  14.967  ,  14.652 
045:025:00403 , mA    , 104   ,       , -1.013E+002 , -1.167E+002 , -8.585E+001 , -1.025E+002 , 19.2ch12@16 , -1.009E+002 , 19.1ch4@16  , -1.018E+002 ,  3.454E-001 ,  14.863  ,  14.328 
045:030:00403 , mA    , 104   , OS    , -1.024E+002 , -1.178E+002 , -8.705E+001 , -1.035E+002 , 19.1ch16@16 , -1.013E+002 , 19.2ch25@16 , -1.022E+002 ,  4.683E-001 ,  10.962  ,  10.820 
045:010:00404 , V     , 104   ,       , -3.375E-001 , -4.145E-001 , -2.605E-001 , -3.424E-001 , 19.4ch6@16  , -3.342E-001 , 19.1ch4@16  , -3.389E-001 ,  1.695E-003 ,  15.141  ,  14.873 
045:025:00404 , mA    , 104   ,       , -6.750E+001 , -8.290E+001 , -5.210E+001 , -6.862E+001 , 19.2ch12@16 , -6.697E+001 , 19.1ch4@16  , -6.793E+001 ,  3.437E-001 ,  14.937  ,  14.523 
045:030:00404 , mA    , 104   , OS    , -6.857E+001 , -8.397E+001 , -5.317E+001 , -6.974E+001 , 19.1ch16@16 , -6.753E+001 , 19.2ch25@16 , -6.849E+001 ,  4.675E-001 ,  10.980  ,  10.928 
045:010:00405 , V     , 104   ,       , -1.688E-001 , -2.458E-001 , -9.175E-002 , -1.734E-001 , 19.2ch12@16 , -1.651E-001 , 19.1ch4@16  , -1.698E-001 ,  1.688E-003 ,  15.204  ,  14.992 
045:025:00405 , mA    , 104   ,       , -3.375E+001 , -4.915E+001 , -1.835E+001 , -3.475E+001 , 19.2ch12@16 , -3.308E+001 , 19.1ch4@16  , -3.404E+001 ,  3.417E-001 ,  15.022  ,  14.737 
045:030:00405 , mA    , 104   , OS    , -3.468E+001 , -5.008E+001 , -1.928E+001 , -3.597E+001 , 19.1ch16@16 , -3.376E+001 , 19.2ch25@16 , -3.473E+001 ,  4.668E-001 ,  10.998  ,  10.960 
045:010:00406 , V     , 104   ,       , -2.500E-003 , -7.950E-002 ,  7.450E-002 , -6.969E-003 , 19.2ch12@16 ,  1.485E-003 , 19.1ch4@16  , -3.337E-003 ,  1.698E-003 ,  15.112  ,  14.947 
045:025:00406 , mA    , 104   ,       , -5.000E-001 , -1.590E+001 ,  1.490E+001 , -1.397E+000 , 19.2ch12@16 ,  2.977E-001 , 19.1ch4@16  , -6.690E-001 ,  3.406E-001 ,  15.073  ,  14.907 
045:030:00406 , mA    , 104   , OS    , -1.298E+000 , -1.670E+001 ,  1.410E+001 , -2.708E+000 , 19.1ch16@16 , -5.022E-001 , 19.2ch25@16 , -1.476E+000 ,  4.664E-001 ,  11.005  ,  10.878 
045:010:00407 , V     , 104   ,       ,  2.500E-003 , -7.450E-002 ,  7.950E-002 , -1.948E-003 , 19.2ch12@16 ,  6.506E-003 , 19.1ch4@16  ,  1.683E-003 ,  1.699E-003 ,  15.108  ,  14.948 
045:025:00407 , mA    , 104   ,       ,  5.000E-001 , -1.490E+001 ,  1.590E+001 , -3.905E-001 , 19.2ch12@16 ,  1.304E+000 , 19.1ch4@16  ,  3.373E-001 ,  3.405E-001 ,  15.075  ,  14.916 
045:030:00407 , mA    , 104   , OS    , -2.917E-001 , -1.569E+001 ,  1.511E+001 , -1.706E+000 , 19.1ch16@16 ,  5.017E-001 , 19.2ch25@16 , -4.729E-001 ,  4.664E-001 ,  11.006  ,  10.876 
045:010:00408 , V     , 104   ,       ,  1.688E-001 ,  9.175E-002 ,  2.458E-001 ,  1.644E-001 , 19.2ch12@16 ,  1.730E-001 , 19.1ch4@16  ,  1.682E-001 ,  1.724E-003 ,  14.890  ,  14.777 
045:025:00408 , mA    , 104   ,       ,  3.375E+001 ,  1.835E+001 ,  4.915E+001 ,  3.296E+001 , 19.2ch12@16 ,  3.468E+001 , 19.1ch4@16  ,  3.371E+001 ,  3.396E-001 ,  15.115  ,  15.075 
045:030:00408 , mA    , 104   , OS    ,  3.309E+001 ,  1.769E+001 ,  4.849E+001 ,  3.155E+001 , 19.1ch16@16 ,  3.376E+001 , 19.2ch25@16 ,  3.278E+001 ,  4.662E-001 ,  11.010  ,  10.792 
045:010:00409 , V     , 104   ,       ,  3.375E-001 ,  2.605E-001 ,  4.145E-001 ,  3.334E-001 , 19.2ch12@16 ,  3.422E-001 , 19.1ch4@16  ,  3.372E-001 ,  1.765E-003 ,  14.545  ,  14.490 
045:025:00409 , mA    , 104   ,       ,  6.750E+001 ,  5.210E+001 ,  8.290E+001 ,  6.683E+001 , 19.2ch12@16 ,  6.857E+001 , 19.1ch4@16  ,  6.760E+001 ,  3.393E-001 ,  15.129  ,  15.035 
045:030:00409 , mA    , 104   , OS    ,  6.698E+001 ,  5.158E+001 ,  8.238E+001 ,  6.532E+001 , 19.1ch16@16 ,  6.753E+001 , 19.2ch25@16 ,  6.654E+001 ,  4.667E-001 ,  11.000  ,  10.693 
045:010:00410 , V     , 104   ,       ,  5.063E-001 ,  4.293E-001 ,  5.833E-001 ,  5.021E-001 , 19.3ch6@16  ,  5.112E-001 , 19.1ch4@16  ,  5.062E-001 ,  1.819E-003 ,  14.114  ,  14.105 
045:025:00410 , mA    , 104   ,       ,  1.013E+002 ,  8.585E+001 ,  1.167E+002 ,  1.007E+002 , 19.2ch12@16 ,  1.025E+002 , 19.1ch4@16  ,  1.015E+002 ,  3.393E-001 ,  15.131  ,  14.915 
045:030:00410 , mA    , 104   , OS    ,  1.009E+002 ,  8.546E+001 ,  1.163E+002 ,  9.908E+001 , 19.1ch16@16 ,  1.013E+002 , 19.2ch25@16 ,  1.003E+002 ,  4.670E-001 ,  10.991  ,  10.594 
045:010:00411 , V     , 104   ,       ,  6.750E-001 ,  5.980E-001 ,  7.520E-001 ,  6.709E-001 , 19.3ch6@16  ,  6.803E-001 , 19.1ch4@16  ,  6.752E-001 ,  1.883E-003 ,  13.627  ,  13.592 
045:025:00411 , mA    , 104   ,       ,  1.350E+002 ,  1.196E+002 ,  1.504E+002 ,  1.345E+002 , 19.2ch12@16 ,  1.363E+002 , 19.1ch4@16  ,  1.353E+002 ,  3.394E-001 ,  15.125  ,  14.785 
045:030:00411 , mA    , 104   , OS    ,  1.347E+002 ,  1.193E+002 ,  1.501E+002 ,  1.328E+002 , 19.1ch16@16 ,  1.351E+002 , 19.2ch25@16 ,  1.341E+002 ,  4.677E-001 ,  10.976  ,  10.491 
045:010:00412 , V     , 104   ,       ,  8.438E-001 ,  7.668E-001 ,  9.208E-001 ,  8.397E-001 , 19.3ch6@16  ,  8.493E-001 , 19.1ch4@16  ,  8.442E-001 ,  1.961E-003 ,  13.090  ,  13.017 
045:025:00412 , mA    , 104   ,       ,  1.688E+002 ,  1.534E+002 ,  1.842E+002 ,  1.684E+002 , 19.2ch12@16 ,  1.702E+002 , 19.1ch4@16  ,  1.692E+002 ,  3.402E-001 ,  15.090  ,  14.629 
045:030:00412 , mA    , 104   , OS    ,  1.686E+002 ,  1.532E+002 ,  1.840E+002 ,  1.666E+002 , 19.1ch16@16 ,  1.688E+002 , 19.2ch25@16 ,  1.678E+002 ,  4.687E-001 ,  10.952  ,  10.379 
045:010:00413 , V     , 104   ,       ,  1.000E+000 ,  9.230E-001 ,  1.077E+000 ,  9.959E-001 , 19.3ch6@16  ,  1.006E+000 , 19.1ch4@16  ,  1.001E+000 ,  2.041E-003 ,  12.576  ,  12.467 
045:025:00413 , mA    , 104   ,       ,  2.000E+002 ,  1.846E+002 ,  2.154E+002 ,  1.997E+002 , 19.2ch12@16 ,  2.016E+002 , 19.1ch4@16  ,  2.006E+002 ,  3.412E-001 ,  15.045  ,  14.469 
045:030:00413 , mA    , 104   , OS    ,  2.000E+002 ,  1.846E+002 ,  2.154E+002 ,  1.979E+002 , 19.1ch16@16 ,  2.001E+002 , 19.2ch25@16 ,  1.991E+002 ,  4.698E-001 ,  10.926  ,  10.273 
045:035:00400 ,       , 104   ,       ,  1.000E+000 ,  9.615E-001 ,  1.039E+000 ,  9.952E-001 , 19.2ch13@16 ,  9.969E-001 , 19.2ch14@16 ,  9.962E-001 ,  3.423E-004 ,  37.489  ,  33.803 
045:040:00400 , mA    , 104   ,       ,  0.000E+000 , -7.700E+000 ,  7.700E+000 , -7.966E-001 , 19.1ch4@16  ,  8.930E-001 , 19.2ch12@16 ,  1.665E-001 ,  3.393E-001 ,  7.566   ,  7.402  
045:045:00400 ,       , 104   ,       ,  1.000E+000 ,  9.615E-001 ,  1.039E+000 ,  1.003E+000 , 19.2ch14@16 ,  1.005E+000 , 19.2ch8@16  ,  1.004E+000 ,  3.301E-004 ,  38.882  ,  35.118 
045:050:00400 , mA    , 104   ,       ,  0.000E+000 , -7.700E+000 ,  7.700E+000 , -7.938E-001 , 19.2ch25@16 ,  1.409E+000 , 19.1ch16@16 ,  1.786E-001 ,  4.656E-001 ,  5.513   ,  5.385  
045:005:00500 , O     , 104   ,       ,  5.000E-001 ,  4.910E-001 ,  5.090E-001 ,  4.997E-001 , 19.1ch0@16  ,  5.001E-001 , 19.2ch0@16  ,  5.000E-001 ,  1.477E-004 ,  20.315  ,  20.298 
045:015:00500 , uA    , 104   ,       ,  0.000E+000 , -7.700E-001 ,  7.700E-001 , -2.528E-003 , 19.3ch0@16  , -1.816E-003 , 19.2ch13@16 , -2.097E-003 ,  1.979E-004 ,  100.000 ,  100.000
045:020:00500 , uA    , 104   ,       ,  0.000E+000 , -7.700E-001 ,  7.700E-001 , -4.598E-004 , 19.2ch20@16 ,  7.056E-004 , 19.1ch25@16 ,  9.304E-005 ,  2.445E-004 ,  100.000 ,  100.000
045:010:00500 , V     , 104   ,       , -1.000E+000 , -1.077E+000 , -9.230E-001 , -1.008E+000 , 19.2ch21@16 , -9.974E-001 , 19.1ch4@16  , -1.003E+000 ,  1.888E-003 ,  13.598  ,  13.047 
045:025:00500 , A     , 104   ,       , -2.000E+000 , -2.154E+000 , -1.846E+000 , -2.015E+000 , 19.2ch21@16 , -1.996E+000 , 19.1ch4@16  , -2.006E+000 ,  3.626E-003 ,  14.155  ,  13.579 
045:030:00500 , A     , 104   , OS    , -2.014E+000 , -2.168E+000 , -1.860E+000 , -2.025E+000 , 19.1ch16@16 , -2.000E+000 , 19.4ch11@16 , -2.011E+000 ,  4.932E-003 ,  10.409  ,  10.225 
045:010:00501 , V     , 104   ,       , -8.438E-001 , -9.208E-001 , -7.668E-001 , -8.507E-001 , 19.2ch21@16 , -8.409E-001 , 19.1ch4@16  , -8.465E-001 ,  1.833E-003 ,  14.002  ,  13.500 
045:025:00501 , A     , 104   ,       , -1.688E+000 , -1.842E+000 , -1.534E+000 , -1.701E+000 , 19.2ch21@16 , -1.683E+000 , 19.1ch4@16  , -1.693E+000 ,  3.541E-003 ,  14.496  ,  13.974 
045:030:00501 , A     , 104   , OS    , -1.701E+000 , -1.855E+000 , -1.547E+000 , -1.712E+000 , 19.1ch16@16 , -1.688E+000 , 19.4ch11@16 , -1.699E+000 ,  4.854E-003 ,  10.576  ,  10.437 
045:010:00502 , V     , 104   ,       , -6.750E-001 , -7.520E-001 , -5.980E-001 , -6.813E-001 , 19.2ch21@16 , -6.719E-001 , 19.1ch4@16  , -6.774E-001 ,  1.788E-003 ,  14.353  ,  13.912 
045:025:00502 , A     , 104   ,       , -1.350E+000 , -1.504E+000 , -1.196E+000 , -1.362E+000 , 19.2ch21@16 , -1.344E+000 , 19.1ch4@16  , -1.355E+000 ,  3.477E-003 ,  14.763  ,  14.309 
045:030:00502 , A     , 104   , OS    , -1.362E+000 , -1.516E+000 , -1.208E+000 , -1.374E+000 , 19.1ch16@16 , -1.351E+000 , 19.4ch11@16 , -1.361E+000 ,  4.788E-003 ,  10.721  ,  10.636 
045:010:00503 , V     , 104   ,       , -5.063E-001 , -5.833E-001 , -4.293E-001 , -5.119E-001 , 19.2ch12@16 , -5.029E-001 , 19.1ch4@16  , -5.082E-001 ,  1.751E-003 ,  14.655  ,  14.282 
045:025:00503 , A     , 104   ,       , -1.013E+000 , -1.167E+000 , -8.585E-001 , -1.024E+000 , 19.2ch12@16 , -1.006E+000 , 19.1ch4@16  , -1.016E+000 ,  3.429E-003 ,  14.969  ,  14.587 
045:030:00503 , A     , 104   , OS    , -1.023E+000 , -1.177E+000 , -8.694E-001 , -1.036E+000 , 19.1ch16@16 , -1.014E+000 , 19.2ch22@16 , -1.023E+000 ,  4.734E-003 ,  10.843  ,  10.815 
045:010:00504 , V     , 104   ,       , -3.375E-001 , -4.145E-001 , -2.605E-001 , -3.427E-001 , 19.2ch12@16 , -3.338E-001 , 19.1ch4@16  , -3.390E-001 ,  1.728E-003 ,  14.855  ,  14.558 
045:025:00504 , A     , 104   ,       , -6.750E-001 , -8.290E-001 , -5.210E-001 , -6.853E-001 , 19.2ch12@16 , -6.680E-001 , 19.1ch4@16  , -6.781E-001 ,  3.408E-003 ,  15.064  ,  14.762 
045:030:00504 , A     , 104   , OS    , -6.847E-001 , -8.387E-001 , -5.307E-001 , -6.979E-001 , 19.1ch16@16 , -6.757E-001 , 19.2ch22@16 , -6.852E-001 ,  4.701E-003 ,  10.919  ,  10.888 
045:010:00505 , V     , 104   ,       , -1.688E-001 , -2.458E-001 , -9.175E-002 , -1.735E-001 , 19.2ch12@16 , -1.648E-001 , 19.1ch4@16  , -1.698E-001 ,  1.712E-003 ,  14.994  ,  14.784 
045:025:00505 , A     , 104   ,       , -3.375E-001 , -4.915E-001 , -1.835E-001 , -3.469E-001 , 19.2ch12@16 , -3.297E-001 , 19.1ch4@16  , -3.397E-001 ,  3.400E-003 ,  15.097  ,  14.884 
045:030:00505 , A     , 104   , OS    , -3.460E-001 , -5.000E-001 , -1.920E-001 , -3.598E-001 , 19.1ch16@16 , -3.376E-001 , 19.2ch25@16 , -3.472E-001 ,  4.675E-003 ,  10.981  ,  10.890 
045:010:00506 , V     , 104   ,       , -2.500E-003 , -7.950E-002 ,  7.450E-002 , -6.812E-003 , 19.2ch12@16 ,  1.745E-003 , 19.1ch4@16  , -3.179E-003 ,  1.710E-003 ,  15.014  ,  14.882 
045:025:00506 , A     , 104   ,       , -5.000E-003 , -1.590E-001 ,  1.490E-001 , -1.362E-002 , 19.2ch12@16 ,  3.491E-003 , 19.1ch4@16  , -6.358E-003 ,  3.419E-003 ,  15.015  ,  14.883 
045:030:00506 , A     , 104   , OS    , -1.235E-002 , -1.664E-001 ,  1.416E-001 , -2.688E-002 , 19.1ch16@16 , -4.497E-003 , 19.2ch25@16 , -1.444E-002 ,  4.670E-003 ,  10.992  ,  10.843 
045:010:00507 , V     , 104   ,       ,  2.500E-003 , -7.450E-002 ,  7.950E-002 , -1.785E-003 , 19.2ch12@16 ,  6.768E-003 , 19.1ch4@16  ,  1.847E-003 ,  1.710E-003 ,  15.013  ,  14.885 
045:025:00507 , A     , 104   ,       ,  5.000E-003 , -1.490E-001 ,  1.590E-001 , -3.569E-003 , 19.2ch12@16 ,  1.354E-002 , 19.1ch4@16  ,  3.695E-003 ,  3.420E-003 ,  15.011  ,  14.884 
045:030:00507 , A     , 104   , OS    , -2.274E-003 , -1.563E-001 ,  1.517E-001 , -1.684E-002 , 19.1ch16@16 ,  5.558E-003 , 19.2ch25@16 , -4.387E-003 ,  4.670E-003 ,  10.993  ,  10.842 
045:010:00508 , V     , 104   ,       ,  1.688E-001 ,  9.175E-002 ,  2.458E-001 ,  1.649E-001 , 19.2ch12@16 ,  1.733E-001 , 19.1ch4@16  ,  1.685E-001 ,  1.718E-003 ,  14.940  ,  14.891 
045:025:00508 , A     , 104   ,       ,  3.375E-001 ,  1.835E-001 ,  4.915E-001 ,  3.297E-001 , 19.2ch12@16 ,  3.467E-001 , 19.1ch4@16  ,  3.370E-001 ,  3.457E-003 ,  14.848  ,  14.801 
045:030:00508 , A     , 104   , OS    ,  3.313E-001 ,  1.773E-001 ,  4.853E-001 ,  3.161E-001 , 19.1ch16@16 ,  3.386E-001 , 19.2ch25@16 ,  3.284E-001 ,  4.679E-003 ,  10.971  ,  10.762 
045:010:00509 , V     , 104   ,       ,  2.500E-001 ,  1.730E-001 ,  3.270E-001 ,  2.464E-001 , 19.2ch12@16 ,  2.547E-001 , 19.1ch4@16  ,  2.499E-001 ,  1.727E-003 ,  14.863  ,  14.853 
045:025:00509 , A     , 104   ,       ,  5.000E-001 ,  3.460E-001 ,  6.540E-001 ,  4.926E-001 , 19.2ch12@16 ,  5.096E-001 , 19.1ch4@16  ,  4.999E-001 ,  3.484E-003 ,  14.732  ,  14.723 
045:030:00509 , A     , 104   , OS    ,  4.944E-001 ,  3.404E-001 ,  6.484E-001 ,  4.788E-001 , 19.1ch16@16 ,  5.014E-001 , 19.2ch25@16 ,  4.911E-001 ,  4.691E-003 ,  10.942  ,  10.706 
045:010:00510 , V     , 104   ,       ,  3.375E-001 ,  2.605E-001 ,  4.145E-001 ,  3.341E-001 , 19.3ch12@16 ,  3.423E-001 , 19.1ch4@16  ,  3.377E-001 ,  1.740E-003 ,  14.749  ,  14.710 
045:025:00510 , A     , 104   ,       ,  6.750E-001 ,  5.210E-001 ,  8.290E-001 ,  6.681E-001 , 19.3ch12@16 ,  6.850E-001 , 19.1ch4@16  ,  6.754E-001 ,  3.521E-003 ,  14.581  ,  14.542 
045:030:00510 , A     , 104   , OS    ,  6.700E-001 ,  5.160E-001 ,  8.240E-001 ,  6.541E-001 , 19.1ch16@16 ,  6.768E-001 , 19.2ch25@16 ,  6.663E-001 ,  4.707E-003 ,  10.905  ,  10.640 
045:010:00511 , V     , 104   ,       ,  5.063E-001 ,  4.293E-001 ,  5.833E-001 ,  5.029E-001 , 19.3ch12@16 ,  5.113E-001 , 19.1ch4@16  ,  5.069E-001 ,  1.773E-003 ,  14.479  ,  14.365 
045:025:00511 , A     , 104   ,       ,  1.013E+000 ,  8.585E-001 ,  1.167E+000 ,  1.006E+000 , 19.3ch12@16 ,  1.023E+000 , 19.1ch4@16  ,  1.014E+000 ,  3.602E-003 ,  14.252  ,  14.139 
045:030:00511 , A     , 104   , OS    ,  1.009E+000 ,  8.547E-001 ,  1.163E+000 ,  9.921E-001 , 19.1ch16@16 ,  1.015E+000 , 19.2ch25@16 ,  1.004E+000 ,  4.749E-003 ,  10.809  ,  10.490 
045:010:00512 , V     , 104   ,       ,  6.750E-001 ,  5.980E-001 ,  7.520E-001 ,  6.717E-001 , 19.3ch12@16 ,  6.804E-001 , 19.1ch4@16  ,  6.760E-001 ,  1.816E-003 ,  14.133  ,  13.947 
045:025:00512 , A     , 104   ,       ,  1.350E+000 ,  1.196E+000 ,  1.504E+000 ,  1.343E+000 , 19.3ch12@16 ,  1.361E+000 , 19.1ch4@16  ,  1.352E+000 ,  3.702E-003 ,  13.865  ,  13.681 
045:030:00512 , A     , 104   , OS    ,  1.347E+000 ,  1.193E+000 ,  1.501E+000 ,  1.330E+000 , 19.1ch16@16 ,  1.353E+000 , 19.2ch25@16 ,  1.342E+000 ,  4.805E-003 ,  10.684  ,  10.313 
045:010:00513 , V     , 104   ,       ,  8.438E-001 ,  7.668E-001 ,  9.208E-001 ,  8.405E-001 , 19.3ch12@16 ,  8.497E-001 , 19.4ch10@16 ,  8.452E-001 ,  1.870E-003 ,  13.728  ,  13.478 
045:025:00513 , A     , 104   ,       ,  1.688E+000 ,  1.534E+000 ,  1.842E+000 ,  1.681E+000 , 19.3ch12@16 ,  1.700E+000 , 19.1ch4@16  ,  1.690E+000 ,  3.821E-003 ,  13.434  ,  13.187 
045:030:00513 , A     , 104   , OS    ,  1.686E+000 ,  1.532E+000 ,  1.840E+000 ,  1.668E+000 , 19.1ch16@16 ,  1.691E+000 , 19.2ch25@16 ,  1.680E+000 ,  4.877E-003 ,  10.527  ,  10.107 
045:010:00514 , V     , 104   ,       ,  1.000E+000 ,  9.230E-001 ,  1.077E+000 ,  9.969E-001 , 19.3ch12@16 ,  1.007E+000 , 19.4ch10@16 ,  1.002E+000 ,  1.926E-003 ,  13.323  ,  13.015 
045:025:00514 , A     , 104   ,       ,  2.000E+000 ,  1.846E+000 ,  2.154E+000 ,  1.993E+000 , 19.3ch12@16 ,  2.013E+000 , 19.4ch10@16 ,  2.004E+000 ,  3.944E-003 ,  13.017  ,  12.713 
045:030:00514 , A     , 104   , OS    ,  1.999E+000 ,  1.845E+000 ,  2.153E+000 ,  1.981E+000 , 19.4ch10@16 ,  2.004E+000 , 19.2ch25@16 ,  1.993E+000 ,  4.954E-003 ,  10.361  ,  9.898  
045:035:00500 ,       , 104   ,       ,  1.000E+000 ,  9.615E-001 ,  1.039E+000 ,  9.949E-001 , 19.4ch1@16  ,  9.997E-001 , 19.3ch12@16 ,  9.975E-001 ,  8.158E-004 ,  15.730  ,  14.715 
045:040:00500 , A     , 104   ,       ,  0.000E+000 , -7.700E-002 ,  7.700E-002 , -8.480E-003 , 19.1ch4@16  ,  8.589E-003 , 19.2ch12@16 ,  1.339E-003 ,  3.409E-003 ,  7.529   ,  7.398  
045:045:00500 ,       , 104   ,       ,  1.000E+000 ,  9.615E-001 ,  1.039E+000 ,  1.000E+000 , 19.3ch12@16 ,  1.005E+000 , 19.4ch1@16  ,  1.002E+000 ,  8.136E-004 ,  15.773  ,  14.781 
045:050:00500 , A     , 104   ,       ,  0.000E+000 , -7.700E-002 ,  7.700E-002 , -7.837E-003 , 19.2ch25@16 ,  1.451E-002 , 19.1ch16@16 ,  2.087E-003 ,  4.664E-003 ,  5.503   ,  5.354  
050:005:00000 , V     , 104   ,       ,  0.000E+000 , -9.750E-004 ,  9.750E-004 ,  0.000E+000 , 19.1ch0@16  ,  0.000E+000 , 19.1ch0@16  ,  0.000E+000 ,  0.000E+000 ,  0.000   ,  0.000  
050:010:00000 , V     , 104   ,       ,  3.500E-001 ,  3.256E-001 ,  3.744E-001 ,  3.552E-001 , 19.4ch0@16  ,  3.576E-001 , 19.2ch0@16  ,  3.564E-001 ,  8.846E-004 ,  9.185   ,  6.775  
050:015:00000 , uV    , 104   ,       ,  0.000E+000 , -6.160E+002 ,  6.160E+002 , -1.448E+002 , 19.3ch8@16  ,  9.777E+001 , 19.3ch22@16 , -4.263E+001 ,  5.415E+001 ,  3.792   ,  3.529  
050:020:00000 , uV    , 104   ,       ,  0.000E+000 , -6.160E+002 ,  6.160E+002 , -2.043E+002 , 19.2ch11@16 ,  5.813E+001 , 19.2ch12@16 , -7.968E+001 ,  6.250E+001 ,  3.286   ,  2.861  
050:025:00000 , uV    , 104   ,       ,  0.000E+000 , -1.500E+003 ,  1.500E+003 , -3.190E+002 , 19.4ch7@16  ,  7.823E+001 , 19.1ch18@16 , -1.040E+002 ,  7.953E+001 ,  6.287   ,  5.851  
050:030:00000 ,       , 104   ,       ,  1.000E+000 ,  9.769E-001 ,  1.023E+000 ,  9.994E-001 , 19.1ch0@16  ,  9.999E-001 , 19.4ch11@16 ,  9.997E-001 ,  1.118E-004 ,  68.900  ,  68.033 
050:035:00000 ,       , 104   ,       ,  1.000E+000 ,  9.769E-001 ,  1.023E+000 ,  1.000E+000 , 19.1ch0@16  ,  1.000E+000 , 19.1ch0@16  ,  1.000E+000 ,  0.000E+000 ,  0.000   ,  0.000  
050:040:00000 , uV    , 104   ,       ,  0.000E+000 , -6.160E+002 ,  6.160E+002 ,  1.788E+000 , 19.4ch14@16 ,  8.892E+001 , 19.1ch9@16  ,  4.023E+001 ,  1.964E+001 ,  10.453  ,  9.770  
050:045:00000 , uV    , 104   ,       ,  0.000E+000 , -6.160E+002 ,  6.160E+002 ,  8.922E+000 , 19.2ch18@16 ,  1.446E+002 , 19.1ch20@16 ,  7.655E+001 ,  2.912E+001 ,  7.052   ,  6.175  
050:050:00000 , uV    , 104   ,       ,  0.000E+000 , -1.500E+003 ,  1.500E+003 , -1.058E+002 , 19.1ch18@16 ,  3.278E+002 , 19.4ch7@16  ,  1.019E+002 ,  8.285E+001 ,  6.035   ,  5.625  
050:055:00000 ,       , 104   ,       ,  1.000E+000 ,  9.769E-001 ,  1.023E+000 ,  9.958E-001 , 19.4ch7@16  ,  1.001E+000 , 19.1ch18@16 ,  9.987E-001 ,  1.058E-003 ,  7.279   ,  6.869  
053:005:00000 , V     , 8     ,       ,  0.000E+000 , -1.540E-001 ,  1.540E-001 , -1.257E-003 , 19.4ch27@16 , -4.700E-005 , 19.1ch27@16 , -6.034E-004 ,  5.110E-004 ,  100.000 ,  100.000
053:005:01000 , V     , 8     ,       ,  0.000E+000 , -1.540E-001 ,  1.540E-001 , -1.247E-003 , 19.4ch27@16 , -3.606E-005 , 19.1ch27@16 , -5.936E-004 ,  5.094E-004 ,  100.000 ,  100.000
053:005:02000 , V     , 8     ,       ,  0.000E+000 , -1.540E-001 ,  1.540E-001 , -1.233E-003 , 19.4ch27@16 , -1.183E-005 , 19.1ch27@16 , -5.734E-004 ,  5.110E-004 ,  100.000 ,  100.000
053:005:03000 , V     , 8     ,       ,  0.000E+000 , -1.540E-001 ,  1.540E-001 , -1.184E-003 , 19.4ch27@16 ,  8.522E-005 , 19.3ch27@16 , -5.116E-004 ,  5.174E-004 ,  99.213  ,  98.884 
053:005:04000 , V     , 8     ,       ,  0.000E+000 , -1.540E-001 ,  1.540E-001 , -1.108E-003 , 19.4ch27@16 ,  3.607E-004 , 19.3ch27@16 , -4.091E-004 ,  5.410E-004 ,  94.881  ,  94.629 
053:005:05000 , V     , 8     ,       ,  0.000E+000 , -1.540E-001 ,  1.540E-001 , -9.498E-004 , 19.4ch27@16 ,  8.872E-004 , 19.3ch27@16 , -2.061E-004 ,  6.220E-004 ,  82.524  ,  82.413 
053:005:06000 , V     , 8     ,       ,  0.000E+000 , -1.540E-001 ,  1.540E-001 , -8.614E-004 , 19.2ch26@16 ,  1.457E-003 , 19.3ch27@16 ,  6.286E-007 ,  7.480E-004 ,  68.626  ,  68.626 
053:005:07000 , V     , 8     ,       ,  0.000E+000 , -1.540E-001 ,  1.540E-001 , -7.492E-004 , 19.2ch26@16 ,  1.987E-003 , 19.3ch27@16 ,  1.974E-004 ,  8.880E-004 ,  57.806  ,  57.732 
053:005:08000 , V     , 8     ,       ,  0.000E+000 , -1.540E-001 ,  1.540E-001 , -6.473E-004 , 19.2ch26@16 ,  2.525E-003 , 19.3ch27@16 ,  3.821E-004 ,  1.047E-003 ,  49.023  ,  48.901 
053:005:09000 , V     , 8     ,       ,  0.000E+000 , -1.540E-001 ,  1.540E-001 , -2.468E-004 , 19.2ch27@16 ,  5.234E-003 , 19.3ch27@16 ,  1.404E-003 ,  1.886E-003 ,  27.213  ,  26.965 
065:005:00000 ,       , 8     ,       ,  0.000E+000 , -2.310E-005 ,  2.310E-005 , -3.394E-006 , 19.3ch26@16 , -2.325E-007 , 19.1ch26@16 , -1.795E-006 ,  1.416E-006 ,  5.436   ,  5.014  
065:010:00000 ,       , 8     ,       ,  1.000E+000 ,  9.769E-001 ,  1.023E+000 ,  1.000E+000 , 19.1ch26@16 ,  1.000E+000 , 19.1ch26@16 ,  1.000E+000 ,  0.000E+000 ,  0.000   ,  0.000  
065:015:00000 , V     , 8     ,       ,  0.000E+000 , -7.700E-003 ,  7.700E-003 ,  0.000E+000 , 19.1ch26@16 ,  0.000E+000 , 19.1ch26@16 ,  0.000E+000 ,  0.000E+000 ,  0.000   ,  0.000  
065:020:00000 , V     , 8     ,       ,  0.000E+000 , -1.155E-002 ,  1.155E-002 , -1.629E-003 , 19.2ch26@16 ,  3.336E-004 , 19.2ch27@16 , -4.356E-004 ,  6.663E-004 ,  5.779   ,  5.561  
065:025:00000 , V     , 8     ,       ,  0.000E+000 , -1.155E-002 ,  1.155E-002 , -1.256E-003 , 19.4ch27@16 , -4.669E-005 , 19.1ch27@16 , -6.033E-004 ,  5.103E-004 ,  7.545   ,  7.151  
065:030:00000 , V     , 8     ,       ,  0.000E+000 , -1.155E-002 ,  1.155E-002 , -1.629E-003 , 19.2ch26@16 ,  3.336E-004 , 19.2ch27@16 , -4.356E-004 ,  6.663E-004 ,  5.779   ,  5.561  
065:020:00001 , V     , 8     ,       ,  0.000E+000 , -1.155E-002 ,  1.155E-002 , -1.687E-003 , 19.2ch26@16 ,  2.686E-004 , 19.2ch27@16 , -4.801E-004 ,  6.528E-004 ,  5.897   ,  5.652  
065:025:00001 , V     , 8     ,       ,  2.500E-001 ,  2.385E-001 ,  2.616E-001 ,  2.488E-001 , 19.4ch27@16 ,  2.499E-001 , 19.1ch27@16 ,  2.494E-001 ,  4.712E-004 ,  8.170   ,  7.749  
065:030:00001 , V     , 8     ,       ,  2.500E-001 ,  2.385E-001 ,  2.616E-001 ,  2.483E-001 , 19.2ch26@16 ,  2.503E-001 , 19.2ch27@16 ,  2.495E-001 ,  6.529E-004 ,  5.897   ,  5.652  
065:020:00002 , V     , 8     ,       ,  0.000E+000 , -1.155E-002 ,  1.155E-002 , -1.736E-003 , 19.2ch26@16 ,  2.220E-004 , 19.2ch27@16 , -5.228E-004 ,  6.423E-004 ,  5.994   ,  5.722  
065:025:00002 , V     , 8     ,       ,  5.000E-001 ,  4.885E-001 ,  5.116E-001 ,  4.989E-001 , 19.2ch26@16 ,  4.999E-001 , 19.1ch27@16 ,  4.994E-001 ,  4.373E-004 ,  8.804   ,  8.366  
065:030:00002 , V     , 8     ,       ,  5.000E-001 ,  4.885E-001 ,  5.116E-001 ,  4.983E-001 , 19.2ch26@16 ,  5.002E-001 , 19.2ch27@16 ,  4.995E-001 ,  6.424E-004 ,  5.993   ,  5.722  
065:035:00000 ,       , 8     ,       ,  1.000E+000 ,  9.769E-001 ,  1.023E+000 ,  9.999E-001 , 19.1ch26@16 ,  1.000E+000 , 19.4ch26@16 ,  1.000E+000 ,  1.544E-004 ,  49.882  ,  49.510 
065:040:00000 , V     , 8     ,       ,  0.000E+000 , -1.155E-002 ,  1.155E-002 , -3.306E-004 , 19.2ch27@16 ,  1.631E-003 , 19.2ch26@16 ,  4.360E-004 ,  6.662E-004 ,  5.779   ,  5.561  
065:045:00000 ,       , 8     ,       ,  1.000E+000 ,  9.769E-001 ,  1.023E+000 ,  9.996E-001 , 19.4ch27@16 ,  9.999E-001 , 19.2ch27@16 ,  9.998E-001 ,  9.623E-005 ,  80.015  ,  79.216 
065:050:00000 , V     , 8     ,       ,  0.000E+000 , -1.155E-002 ,  1.155E-002 , -4.869E-004 , 19.2ch26@16 ,  7.146E-004 , 19.4ch27@16 ,  1.694E-004 ,  3.723E-004 ,  10.340  ,  10.188 
065:005:01000 ,       , 8     ,       ,  0.000E+000 , -2.310E-005 ,  2.310E-005 , -3.394E-006 , 19.3ch26@16 , -2.325E-007 , 19.1ch26@16 , -1.795E-006 ,  1.416E-006 ,  5.436   ,  5.014  
065:010:01000 ,       , 8     ,       ,  1.000E+000 ,  9.769E-001 ,  1.023E+000 ,  1.000E+000 , 19.1ch26@16 ,  1.000E+000 , 19.1ch26@16 ,  1.000E+000 ,  0.000E+000 ,  0.000   ,  0.000  
065:015:01000 , V     , 8     ,       ,  0.000E+000 , -7.700E-003 ,  7.700E-003 ,  0.000E+000 , 19.1ch26@16 ,  0.000E+000 , 19.1ch26@16 ,  0.000E+000 ,  0.000E+000 ,  0.000   ,  0.000  
065:020:01000 , V     , 8     ,       ,  0.000E+000 , -2.310E-002 ,  2.310E-002 , -1.609E-003 , 19.2ch26@16 ,  3.427E-004 , 19.2ch27@16 , -4.166E-004 ,  6.671E-004 ,  11.543  ,  11.335 
065:025:01000 , V     , 8     ,       ,  0.000E+000 , -2.310E-002 ,  2.310E-002 , -1.246E-003 , 19.4ch27@16 , -3.484E-005 , 19.1ch27@16 , -5.938E-004 ,  5.095E-004 ,  15.113  ,  14.724 
065:030:01000 , V     , 8     ,       ,  0.000E+000 , -2.310E-002 ,  2.310E-002 , -1.609E-003 , 19.2ch26@16 ,  3.427E-004 , 19.2ch27@16 , -4.166E-004 ,  6.671E-004 ,  11.543  ,  11.335 
065:020:01001 , V     , 8     ,       ,  0.000E+000 , -2.310E-002 ,  2.310E-002 , -1.654E-003 , 19.2ch26@16 ,  3.163E-004 , 19.2ch27@16 , -4.627E-004 ,  6.727E-004 ,  11.446  ,  11.217 
065:025:01001 , V     , 8     ,       ,  5.000E-001 ,  4.769E-001 ,  5.231E-001 ,  4.988E-001 , 19.2ch26@16 ,  4.999E-001 , 19.2ch27@16 ,  4.994E-001 ,  4.843E-004 ,  15.900  ,  15.465 
065:030:01001 , V     , 8     ,       ,  5.000E-001 ,  4.769E-001 ,  5.231E-001 ,  4.983E-001 , 19.2ch26@16 ,  5.003E-001 , 19.2ch27@16 ,  4.995E-001 ,  6.728E-004 ,  11.444  ,  11.215 
065:020:01002 , V     , 8     ,       ,  0.000E+000 , -2.310E-002 ,  2.310E-002 , -1.681E-003 , 19.2ch26@16 ,  3.277E-004 , 19.2ch27@16 , -4.876E-004 ,  6.850E-004 ,  11.241  ,  11.004 
065:025:01002 , V     , 8     ,       ,  1.000E+000 ,  9.769E-001 ,  1.023E+000 ,  9.988E-001 , 19.2ch26@16 ,  9.999E-001 , 19.2ch27@16 ,  9.994E-001 ,  4.655E-004 ,  16.543  ,  16.082 
065:030:01002 , V     , 8     ,       ,  1.000E+000 ,  9.769E-001 ,  1.023E+000 ,  9.983E-001 , 19.2ch26@16 ,  1.000E+000 , 19.2ch27@16 ,  9.995E-001 ,  6.852E-004 ,  11.237  ,  11.001 
065:035:01000 ,       , 8     ,       ,  1.000E+000 ,  9.769E-001 ,  1.023E+000 ,  1.000E+000 , 19.4ch27@16 ,  1.000E+000 , 19.1ch26@16 ,  1.000E+000 ,  6.674E-005 ,  100.000 ,  100.000
065:040:01000 , V     , 8     ,       ,  0.000E+000 , -2.310E-002 ,  2.310E-002 , -3.364E-004 , 19.2ch27@16 ,  1.612E-003 , 19.2ch26@16 ,  4.202E-004 ,  6.662E-004 ,  11.557  ,  11.347 
065:045:01000 ,       , 8     ,       ,  1.000E+000 ,  9.769E-001 ,  1.023E+000 ,  9.998E-001 , 19.3ch26@16 ,  1.000E+000 , 19.3ch27@16 ,  1.000E+000 ,  9.845E-005 ,  78.213  ,  78.148 
065:050:01000 , V     , 8     ,       ,  0.000E+000 , -2.310E-002 ,  2.310E-002 , -4.699E-004 , 19.2ch26@16 ,  7.343E-004 , 19.4ch27@16 ,  1.779E-004 ,  3.742E-004 ,  20.575  ,  20.417 
065:005:02000 ,       , 8     ,       ,  0.000E+000 , -2.310E-005 ,  2.310E-005 , -3.394E-006 , 19.3ch26@16 , -2.325E-007 , 19.1ch26@16 , -1.795E-006 ,  1.416E-006 ,  5.436   ,  5.014  
065:010:02000 ,       , 8     ,       ,  1.000E+000 ,  9.769E-001 ,  1.023E+000 ,  1.000E+000 , 19.1ch26@16 ,  1.000E+000 , 19.1ch26@16 ,  1.000E+000 ,  0.000E+000 ,  0.000   ,  0.000  
065:015:02000 , V     , 8     ,       ,  0.000E+000 , -7.700E-003 ,  7.700E-003 ,  0.000E+000 , 19.1ch26@16 ,  0.000E+000 , 19.1ch26@16 ,  0.000E+000 ,  0.000E+000 ,  0.000   ,  0.000  
065:020:02000 , V     , 8     ,       ,  0.000E+000 , -4.620E-002 ,  4.620E-002 , -1.571E-003 , 19.2ch26@16 ,  3.648E-004 , 19.2ch27@16 , -3.789E-004 ,  6.686E-004 ,  23.035  ,  22.846 
065:025:02000 , V     , 8     ,       ,  0.000E+000 , -4.620E-002 ,  4.620E-002 , -1.233E-003 , 19.4ch27@16 , -1.341E-005 , 19.1ch27@16 , -5.736E-004 ,  5.109E-004 ,  30.142  ,  29.768 
065:030:02000 , V     , 8     ,       ,  0.000E+000 , -4.620E-002 ,  4.620E-002 , -1.571E-003 , 19.2ch26@16 ,  3.648E-004 , 19.2ch27@16 , -3.789E-004 ,  6.686E-004 ,  23.035  ,  22.846 
065:020:02001 , V     , 8     ,       ,  0.000E+000 , -4.620E-002 ,  4.620E-002 , -1.568E-003 , 19.2ch26@16 ,  2.022E-004 , 19.1ch27@16 , -4.306E-004 ,  6.495E-004 ,  23.711  ,  23.490 
065:025:02001 , V     , 8     ,       ,  1.000E+000 ,  9.538E-001 ,  1.046E+000 ,  9.988E-001 , 19.4ch27@16 ,  9.999E-001 , 19.3ch27@16 ,  9.994E-001 ,  4.675E-004 ,  32.944  ,  32.504 
065:030:02001 , V     , 8     ,       ,  1.000E+000 ,  9.538E-001 ,  1.046E+000 ,  9.984E-001 , 19.2ch26@16 ,  1.000E+000 , 19.1ch27@16 ,  9.996E-001 ,  6.497E-004 ,  23.704  ,  23.484 
065:020:02002 , V     , 8     ,       ,  0.000E+000 , -4.620E-002 ,  4.620E-002 , -1.552E-003 , 19.2ch26@16 ,  2.197E-004 , 19.1ch27@16 , -4.592E-004 ,  6.444E-004 ,  23.899  ,  23.661 
065:025:02002 , V     , 8     ,       ,  2.000E+000 ,  1.954E+000 ,  2.046E+000 ,  1.999E+000 , 19.4ch27@16 ,  2.000E+000 , 19.3ch27@16 ,  1.999E+000 ,  4.418E-004 ,  34.854  ,  34.398 
065:030:02002 , V     , 8     ,       ,  2.000E+000 ,  1.954E+000 ,  2.046E+000 ,  1.998E+000 , 19.2ch26@16 ,  2.000E+000 , 19.1ch27@16 ,  2.000E+000 ,  6.447E-004 ,  23.887  ,  23.652 
065:035:02000 ,       , 8     ,       ,  1.000E+000 ,  9.769E-001 ,  1.023E+000 ,  9.999E-001 , 19.4ch27@16 ,  1.000E+000 , 19.2ch27@16 ,  1.000E+000 ,  7.411E-005 ,  100.000 ,  100.000
065:040:02000 , V     , 8     ,       ,  0.000E+000 , -4.620E-002 ,  4.620E-002 , -3.555E-004 , 19.2ch27@16 ,  1.573E-003 , 19.2ch26@16 ,  3.827E-004 ,  6.674E-004 ,  23.075  ,  22.884 
065:045:02000 ,       , 8     ,       ,  1.000E+000 ,  9.769E-001 ,  1.023E+000 ,  9.998E-001 , 19.3ch26@16 ,  1.000E+000 , 19.1ch27@16 ,  1.000E+000 ,  1.142E-004 ,  67.424  ,  67.357 
065:050:02000 , V     , 8     ,       ,  0.000E+000 , -4.620E-002 ,  4.620E-002 , -4.349E-004 , 19.2ch26@16 ,  7.715E-004 , 19.4ch27@16 ,  1.998E-004 ,  3.781E-004 ,  40.726  ,  40.550 
065:005:03000 ,       , 8     ,       ,  0.000E+000 , -2.310E-005 ,  2.310E-005 , -3.394E-006 , 19.3ch26@16 , -2.325E-007 , 19.1ch26@16 , -1.795E-006 ,  1.416E-006 ,  5.436   ,  5.014  
065:010:03000 ,       , 8     ,       ,  1.000E+000 ,  9.769E-001 ,  1.023E+000 ,  1.000E+000 , 19.1ch26@16 ,  1.000E+000 , 19.1ch26@16 ,  1.000E+000 ,  0.000E+000 ,  0.000   ,  0.000  
065:015:03000 , V     , 8     ,       ,  0.000E+000 , -7.700E-003 ,  7.700E-003 ,  0.000E+000 , 19.1ch26@16 ,  0.000E+000 , 19.1ch26@16 ,  0.000E+000 ,  0.000E+000 ,  0.000   ,  0.000  
065:020:03000 , V     , 8     ,       ,  0.000E+000 , -1.155E-001 ,  1.155E-001 , -1.447E-003 , 19.2ch26@16 ,  4.222E-004 , 19.2ch27@16 , -2.654E-004 ,  6.758E-004 ,  56.973  ,  56.842 
065:025:03000 , V     , 8     ,       ,  0.000E+000 , -1.155E-001 ,  1.155E-001 , -1.189E-003 , 19.4ch27@16 ,  8.475E-005 , 19.3ch27@16 , -5.163E-004 ,  5.174E-004 ,  74.405  ,  74.072 
065:030:03000 , V     , 8     ,       ,  0.000E+000 , -1.155E-001 ,  1.155E-001 , -1.447E-003 , 19.2ch26@16 ,  4.222E-004 , 19.2ch27@16 , -2.654E-004 ,  6.758E-004 ,  56.973  ,  56.842 
065:020:03001 , V     , 8     ,       ,  0.000E+000 , -1.155E-001 ,  1.155E-001 , -1.874E-003 , 19.2ch26@16 ,  4.808E-005 , 19.3ch27@16 , -9.438E-004 ,  6.931E-004 ,  55.548  ,  55.094 
065:025:03001 , V     , 8     ,       ,  2.500E+000 ,  2.385E+000 ,  2.616E+000 ,  2.499E+000 , 19.4ch27@16 ,  2.500E+000 , 19.3ch27@16 ,  2.499E+000 ,  4.896E-004 ,  78.638  ,  78.187 
065:030:03001 , V     , 8     ,       ,  2.500E+000 ,  2.385E+000 ,  2.616E+000 ,  2.498E+000 , 19.2ch26@16 ,  2.500E+000 , 19.3ch27@16 ,  2.499E+000 ,  6.943E-004 ,  55.451  ,  55.000 
065:020:03002 , V     , 8     ,       ,  0.000E+000 , -1.155E-001 ,  1.155E-001 , -2.650E-003 , 19.1ch26@16 , -1.555E-004 , 19.3ch27@16 , -1.566E-003 ,  8.177E-004 ,  47.083  ,  46.444 
065:025:03002 , V     , 8     ,       ,  5.000E+000 ,  4.885E+000 ,  5.116E+000 ,  4.999E+000 , 19.2ch26@16 ,  5.000E+000 , 19.3ch26@16 ,  4.999E+000 ,  5.839E-004 ,  65.936  ,  65.550 
065:030:03002 , V     , 8     ,       ,  5.000E+000 ,  4.885E+000 ,  5.116E+000 ,  4.997E+000 , 19.1ch26@16 ,  5.000E+000 , 19.3ch27@16 ,  4.998E+000 ,  8.208E-004 ,  46.908  ,  46.275 
065:035:03000 ,       , 8     ,       ,  1.000E+000 ,  9.769E-001 ,  1.023E+000 ,  1.000E+000 , 19.3ch27@16 ,  1.000E+000 , 19.1ch27@16 ,  1.000E+000 ,  1.088E-004 ,  70.801  ,  70.010 
065:040:03000 , V     , 8     ,       ,  0.000E+000 , -1.155E-001 ,  1.155E-001 , -3.995E-004 , 19.2ch27@16 ,  1.453E-003 , 19.2ch26@16 ,  2.748E-004 ,  6.733E-004 ,  57.183  ,  57.047 
065:045:03000 ,       , 8     ,       ,  1.000E+000 ,  9.769E-001 ,  1.023E+000 ,  9.996E-001 , 19.3ch26@16 ,  9.999E-001 , 19.3ch27@16 ,  9.998E-001 ,  1.245E-004 ,  61.850  ,  61.244 
065:050:03000 , V     , 8     ,       ,  0.000E+000 , -1.155E-001 ,  1.155E-001 , -3.285E-004 , 19.2ch26@16 ,  8.849E-004 , 19.4ch27@16 ,  2.635E-004 ,  3.966E-004 ,  97.083  ,  96.862 
065:005:04000 ,       , 8     ,       ,  0.000E+000 , -2.310E-005 ,  2.310E-005 , -3.394E-006 , 19.3ch26@16 , -2.325E-007 , 19.1ch26@16 , -1.795E-006 ,  1.416E-006 ,  5.436   ,  5.014  
065:010:04000 ,       , 8     ,       ,  1.000E+000 ,  9.769E-001 ,  1.023E+000 ,  1.000E+000 , 19.1ch26@16 ,  1.000E+000 , 19.1ch26@16 ,  1.000E+000 ,  0.000E+000 ,  0.000   ,  0.000  
065:015:04000 , V     , 8     ,       ,  0.000E+000 , -7.700E-003 ,  7.700E-003 ,  0.000E+000 , 19.1ch26@16 ,  0.000E+000 , 19.1ch26@16 ,  0.000E+000 ,  0.000E+000 ,  0.000   ,  0.000  
065:020:04000 , V     , 8     ,       ,  0.000E+000 , -2.310E-001 ,  2.310E-001 , -1.244E-003 , 19.2ch26@16 ,  6.133E-004 , 19.1ch27@16 , -7.731E-005 ,  6.903E-004 ,  100.000 ,  100.000
065:025:04000 , V     , 8     ,       ,  0.000E+000 , -2.310E-001 ,  2.310E-001 , -1.116E-003 , 19.4ch27@16 ,  3.624E-004 , 19.3ch27@16 , -4.175E-004 ,  5.428E-004 ,  100.000 ,  100.000
065:030:04000 , V     , 8     ,       ,  0.000E+000 , -2.310E-001 ,  2.310E-001 , -1.244E-003 , 19.2ch26@16 ,  6.133E-004 , 19.1ch27@16 , -7.731E-005 ,  6.903E-004 ,  100.000 ,  100.000
065:020:04001 , V     , 8     ,       ,  0.000E+000 , -2.310E-001 ,  2.310E-001 , -1.962E-003 , 19.2ch26@16 , -6.997E-005 , 19.3ch27@16 , -1.047E-003 ,  7.091E-004 ,  100.000 ,  100.000
065:025:04001 , V     , 8     ,       ,  3.250E+000 ,  3.019E+000 ,  3.481E+000 ,  3.248E+000 , 19.2ch26@16 ,  3.250E+000 , 19.1ch27@16 ,  3.249E+000 ,  5.343E-004 ,  100.000 ,  100.000
065:030:04001 , V     , 8     ,       ,  3.250E+000 ,  3.019E+000 ,  3.481E+000 ,  3.248E+000 , 19.2ch26@16 ,  3.250E+000 , 19.3ch27@16 ,  3.249E+000 ,  7.099E-004 ,  100.000 ,  100.000
065:020:04002 , V     , 8     ,       ,  0.000E+000 , -2.310E-001 ,  2.310E-001 , -2.426E-003 , 19.1ch26@16 , -2.586E-004 , 19.3ch27@16 , -1.565E-003 ,  7.683E-004 ,  100.000 ,  99.546 
065:025:04002 , V     , 8     ,       ,  6.500E+000 ,  6.269E+000 ,  6.731E+000 ,  6.499E+000 , 19.2ch26@16 ,  6.500E+000 , 19.3ch26@16 ,  6.499E+000 ,  6.563E-004 ,  100.000 ,  100.000
065:030:04002 , V     , 8     ,       ,  6.500E+000 ,  6.269E+000 ,  6.731E+000 ,  6.498E+000 , 19.1ch26@16 ,  6.500E+000 , 19.3ch27@16 ,  6.498E+000 ,  7.695E-004 ,  100.000 ,  99.386 
065:035:04000 ,       , 8     ,       ,  1.000E+000 ,  9.769E-001 ,  1.023E+000 ,  1.000E+000 , 19.3ch27@16 ,  1.000E+000 , 19.4ch26@16 ,  1.000E+000 ,  6.504E-005 ,  100.000 ,  100.000
065:040:04000 , V     , 8     ,       ,  0.000E+000 , -2.310E-001 ,  2.310E-001 , -5.270E-004 , 19.1ch27@16 ,  1.334E-003 , 19.2ch26@16 ,  1.528E-004 ,  6.947E-004 ,  100.000 ,  100.000
065:045:04000 ,       , 8     ,       ,  1.000E+000 ,  9.769E-001 ,  1.023E+000 ,  9.997E-001 , 19.3ch26@16 ,  1.000E+000 , 19.3ch27@16 ,  9.998E-001 ,  1.264E-004 ,  60.912  ,  60.389 
065:050:04000 , V     , 8     ,       ,  0.000E+000 , -2.310E-001 ,  2.310E-001 , -1.827E-004 , 19.2ch26@16 ,  1.044E-003 , 19.4ch27@16 ,  3.462E-004 ,  4.402E-004 ,  100.000 ,  100.000
055:005:00000 ,       , 8     ,       ,  0.000E+000 , -2.310E-005 ,  2.310E-005 , -3.394E-006 , 19.3ch26@16 , -2.325E-007 , 19.1ch26@16 , -1.795E-006 ,  1.416E-006 ,  5.436   ,  5.014  
055:010:00000 , V     , 8     ,       ,  0.000E+000 , -2.310E-002 ,  2.310E-002 , -4.738E-005 , 19.2ch26@16 ,  1.450E-004 , 19.1ch26@16 ,  3.159E-005 ,  6.586E-005 ,  100.000 ,  100.000
055:015:00000 , V     , 8     ,       ,  0.000E+000 , -2.310E-002 ,  2.310E-002 , -4.738E-005 , 19.2ch26@16 ,  1.450E-004 , 19.1ch26@16 ,  3.159E-005 ,  6.586E-005 ,  100.000 ,  100.000
055:020:00000 , V     , 8     ,       ,  0.000E+000 , -1.271E-001 ,  1.271E-001 ,  1.338E-005 , 19.3ch27@16 ,  2.033E-004 , 19.1ch27@16 ,  7.936E-005 ,  6.190E-005 ,  100.000 ,  100.000
055:025:00000 , V     , 8     ,       ,  4.500E+000 ,  4.373E+000 ,  4.627E+000 ,  4.500E+000 , 19.3ch27@16 ,  4.500E+000 , 19.1ch27@16 ,  4.500E+000 ,  6.438E-005 ,  100.000 ,  100.000
055:030:00000 , V     , 8     ,       ,  0.000E+000 , -2.310E-002 ,  2.310E-002 , -7.720E-006 , 19.4ch27@16 ,  1.265E-005 , 19.1ch26@16 ,  9.517E-008 ,  6.592E-006 ,  100.000 ,  100.000
055:035:00000 , V     , 8     ,       ,  0.000E+000 , -2.310E-002 ,  2.310E-002 , -7.720E-006 , 19.4ch27@16 ,  1.265E-005 , 19.1ch26@16 ,  9.517E-008 ,  6.592E-006 ,  100.000 ,  100.000
055:040:00000 , V     , 8     ,       ,  0.000E+000 , -6.389E-002 ,  6.389E-002 , -5.938E-005 , 19.4ch26@16 ,  1.051E-003 , 19.3ch27@16 ,  5.432E-004 ,  3.624E-004 ,  58.761  ,  58.262 
055:045:00000 , V     , 8     ,       ,  3.830E-001 ,  3.191E-001 ,  4.469E-001 ,  3.829E-001 , 19.4ch26@16 ,  3.840E-001 , 19.3ch27@16 ,  3.835E-001 ,  3.622E-004 ,  58.798  ,  58.299 
055:050:00000 ,       , 8     ,       ,  1.175E+001 ,  1.148E+001 ,  1.202E+001 ,  1.172E+001 , 19.3ch27@16 ,  1.175E+001 , 19.4ch26@16 ,  1.173E+001 ,  1.113E-002 ,  8.129   ,  7.635  
055:055:00000 ,       , 8     ,       ,  0.000E+000 , -7.700E-003 ,  7.700E-003 , -3.423E-006 , 19.1ch26@16 ,  8.198E-005 , 19.4ch27@16 ,  3.047E-005 ,  3.264E-005 ,  78.628  ,  78.317 
060:005:00000 , V     , 8     ,       ,  0.000E+000 , -2.310E-002 ,  2.310E-002 , -9.697E-005 , 19.2ch26@16 ,  2.437E-004 , 19.2ch27@16 ,  1.143E-004 ,  1.306E-004 ,  58.978  ,  58.687 
060:010:00000 , nA    , 8     ,       ,  0.000E+000 , -7.700E+002 ,  7.700E+002 ,  9.313E-005 , 19.1ch27@16 ,  1.662E+000 , 19.3ch26@16 ,  9.924E-001 ,  4.671E-001 ,  100.000 ,  100.000
060:015:00000 , V     , 8     ,       ,  1.000E+000 ,  9.769E-001 ,  1.023E+000 ,  1.000E+000 , 19.3ch26@16 ,  1.000E+000 , 19.4ch27@16 ,  1.000E+000 ,  8.666E-005 ,  88.857  ,  88.164 
060:020:00000 , nA    , 8     ,       ,  0.000E+000 , -7.700E+002 ,  7.700E+002 ,  1.444E-001 , 19.1ch27@16 ,  1.693E+000 , 19.3ch26@16 ,  9.957E-001 ,  4.590E-001 ,  100.000 ,  100.000
060:025:00000 , nA    , 8     ,       ,  0.000E+000 , -7.700E+002 ,  7.700E+002 , -3.005E-001 , 19.4ch26@16 ,  2.527E-001 , 19.2ch27@16 ,  3.318E-003 ,  1.720E-001 ,  100.000 ,  100.000
060:030:00000 , V     , 8     ,       ,  0.000E+000 , -2.310E-002 ,  2.310E-002 , -9.490E-005 , 19.2ch26@16 ,  2.418E-004 , 19.2ch27@16 ,  1.142E-004 ,  1.300E-004 ,  59.219  ,  58.926 
060:035:00000 , nA    , 8     ,       ,  0.000E+000 , -7.700E+002 ,  7.700E+002 ,  1.093E+000 , 19.1ch27@16 ,  3.036E+000 , 19.3ch26@16 ,  2.048E+000 ,  5.758E-001 ,  100.000 ,  100.000
060:040:00000 , V     , 8     ,       ,  1.000E+000 ,  9.769E-001 ,  1.023E+000 ,  1.000E+000 , 19.3ch26@16 ,  1.000E+000 , 19.4ch27@16 ,  1.000E+000 ,  8.844E-005 ,  87.069  ,  86.391 
060:045:00000 , nA    , 8     ,       ,  0.000E+000 , -7.700E+002 ,  7.700E+002 ,  1.533E+000 , 19.1ch27@16 ,  3.368E+000 , 19.3ch26@16 ,  2.382E+000 ,  5.357E-001 ,  100.000 ,  100.000
060:050:00000 , nA    , 8     ,       ,  0.000E+000 , -7.700E+002 ,  7.700E+002 ,  1.961E-001 , 19.1ch26@16 ,  5.115E-001 , 19.2ch27@16 ,  3.345E-001 ,  1.094E-001 ,  100.000 ,  100.000
060:055:00000 , nA    , 8     ,       ,  0.000E+000 , -7.700E+002 ,  7.700E+002 ,  1.251E-001 , 19.1ch26@16 ,  6.667E-001 , 19.4ch26@16 ,  3.312E-001 ,  1.697E-001 ,  100.000 ,  100.000
067:005:05000 ,       , 8     ,       ,  0.000E+000 , -2.310E-005 ,  2.310E-005 , -3.394E-006 , 19.3ch26@16 , -2.325E-007 , 19.1ch26@16 , -1.795E-006 ,  1.416E-006 ,  5.436   ,  5.014  
067:010:05000 ,       , 8     ,       ,  1.175E+001 ,  1.148E+001 ,  1.202E+001 ,  1.172E+001 , 19.3ch27@16 ,  1.175E+001 , 19.4ch26@16 ,  1.173E+001 ,  1.113E-002 ,  8.129   ,  7.635  
067:015:05000 , V     , 8     ,       ,  0.000E+000 , -7.700E-003 ,  7.700E-003 , -3.423E-006 , 19.1ch26@16 ,  8.198E-005 , 19.4ch27@16 ,  3.047E-005 ,  3.264E-005 ,  78.628  ,  78.317 
067:020:05000 , V     , 8     ,       ,  0.000E+000 , -4.620E-001 ,  4.620E-001 , -7.276E-005 , 19.2ch26@16 ,  9.413E-005 , 19.1ch27@16 ,  2.725E-005 ,  6.303E-005 ,  100.000 ,  100.000
067:025:05000 , V     , 8     ,       ,  0.000E+000 , -4.620E-001 ,  4.620E-001 , -9.667E-004 , 19.2ch26@16 ,  9.090E-004 , 19.3ch27@16 , -2.078E-004 ,  6.320E-004 ,  100.000 ,  100.000
067:030:05000 , V     , 8     ,       ,  0.000E+000 , -4.620E-001 ,  4.620E-001 , -8.349E-004 , 19.2ch26@16 ,  1.107E-003 , 19.1ch27@16 ,  3.502E-004 ,  7.492E-004 ,  100.000 ,  100.000
067:020:05001 , V     , 8     ,       ,  0.000E+000 , -4.620E-001 ,  4.620E-001 , -1.404E-004 , 19.3ch26@16 ,  1.889E-004 , 19.3ch27@16 ,  6.259E-005 ,  1.141E-004 ,  100.000 ,  100.000
067:025:05001 , V     , 8     ,       ,  1.000E+001 ,  9.538E+000 ,  1.046E+001 ,  9.999E+000 , 19.2ch27@16 ,  1.000E+001 , 19.3ch27@16 ,  1.000E+001 ,  7.422E-004 ,  100.000 ,  100.000
067:030:05001 , V     , 8     ,       ,  1.000E+001 ,  9.538E+000 ,  1.046E+001 ,  9.998E+000 , 19.3ch26@16 ,  1.000E+001 , 19.3ch27@16 ,  1.000E+001 ,  1.341E-003 ,  100.000 ,  100.000
067:020:05002 , V     , 8     ,       ,  0.000E+000 , -4.620E-001 ,  4.620E-001 , -2.417E-004 , 19.3ch26@16 ,  3.046E-004 , 19.3ch27@16 ,  1.197E-004 ,  1.981E-004 ,  100.000 ,  100.000
067:025:05002 , V     , 8     ,       ,  2.000E+001 ,  1.954E+001 ,  2.046E+001 ,  2.000E+001 , 19.4ch26@16 ,  2.000E+001 , 19.3ch27@16 ,  2.000E+001 ,  1.318E-003 ,  100.000 ,  100.000
067:030:05002 , V     , 8     ,       ,  2.000E+001 ,  1.954E+001 ,  2.046E+001 ,  2.000E+001 , 19.3ch26@16 ,  2.000E+001 , 19.3ch27@16 ,  2.000E+001 ,  2.320E-003 ,  66.368  ,  66.157 
067:035:05000 ,       , 8     ,       ,  1.000E+000 ,  9.769E-001 ,  1.023E+000 ,  9.998E-001 , 19.2ch26@16 ,  1.000E+000 , 19.3ch26@16 ,  9.999E-001 ,  1.049E-004 ,  73.409  ,  73.231 
067:040:05000 , V     , 8     ,       ,  0.000E+000 , -4.620E-001 ,  4.620E-001 , -1.051E-003 , 19.1ch27@16 ,  8.745E-004 , 19.2ch26@16 , -3.076E-004 ,  7.466E-004 ,  100.000 ,  100.000
067:045:05000 ,       , 8     ,       ,  1.000E+000 ,  9.769E-001 ,  1.023E+000 ,  9.999E-001 , 19.1ch26@16 ,  1.000E+000 , 19.2ch27@16 ,  1.000E+000 ,  1.087E-004 ,  70.811  ,  70.673 
067:050:05000 , V     , 8     ,       ,  0.000E+000 , -4.620E-001 ,  4.620E-001 , -1.812E-006 , 19.3ch26@16 ,  1.511E-003 , 19.4ch27@16 ,  6.037E-004 ,  5.874E-004 ,  100.000 ,  100.000
067:005:06000 ,       , 8     ,       ,  0.000E+000 , -2.310E-005 ,  2.310E-005 , -3.394E-006 , 19.3ch26@16 , -2.325E-007 , 19.1ch26@16 , -1.795E-006 ,  1.416E-006 ,  5.436   ,  5.014  
067:010:06000 ,       , 8     ,       ,  1.175E+001 ,  1.148E+001 ,  1.202E+001 ,  1.172E+001 , 19.3ch27@16 ,  1.175E+001 , 19.4ch26@16 ,  1.173E+001 ,  1.113E-002 ,  8.129   ,  7.635  
067:015:06000 , V     , 8     ,       ,  0.000E+000 , -7.700E-003 ,  7.700E-003 , -3.423E-006 , 19.1ch26@16 ,  8.198E-005 , 19.4ch27@16 ,  3.047E-005 ,  3.264E-005 ,  78.628  ,  78.317 
067:020:06000 , V     , 8     ,       ,  0.000E+000 , -6.930E-001 ,  6.930E-001 , -3.668E-005 , 19.2ch26@16 ,  1.357E-004 , 19.1ch27@16 ,  6.000E-005 ,  6.884E-005 ,  100.000 ,  100.000
067:025:06000 , V     , 8     ,       ,  0.000E+000 , -6.930E-001 ,  6.930E-001 , -8.572E-004 , 19.2ch26@16 ,  1.450E-003 , 19.3ch27@16 ,  1.048E-007 ,  7.467E-004 ,  100.000 ,  100.000
067:030:06000 , V     , 8     ,       ,  0.000E+000 , -6.930E-001 ,  6.930E-001 , -4.113E-004 , 19.2ch26@16 ,  1.595E-003 , 19.1ch27@16 ,  7.345E-004 ,  8.179E-004 ,  100.000 ,  100.000
067:020:06001 , V     , 8     ,       ,  0.000E+000 , -6.930E-001 ,  6.930E-001 , -1.377E-004 , 19.3ch26@16 ,  4.039E-004 , 19.1ch27@16 ,  1.339E-004 ,  1.609E-004 ,  100.000 ,  100.000
067:025:06001 , V     , 8     ,       ,  1.500E+001 ,  1.431E+001 ,  1.569E+001 ,  1.500E+001 , 19.2ch27@16 ,  1.500E+001 , 19.3ch27@16 ,  1.500E+001 ,  1.317E-003 ,  100.000 ,  100.000
067:030:06001 , V     , 8     ,       ,  1.500E+001 ,  1.431E+001 ,  1.569E+001 ,  1.500E+001 , 19.3ch26@16 ,  1.500E+001 , 19.1ch27@16 ,  1.500E+001 ,  1.887E-003 ,  100.000 ,  100.000
067:020:06002 , V     , 8     ,       ,  0.000E+000 , -6.930E-001 ,  6.930E-001 , -2.492E-004 , 19.3ch26@16 ,  7.237E-004 , 19.1ch27@16 ,  2.238E-004 ,  2.789E-004 ,  100.000 ,  100.000
067:025:06002 , V     , 8     ,       ,  3.000E+001 ,  2.931E+001 ,  3.069E+001 ,  3.000E+001 , 19.2ch27@16 ,  3.000E+001 , 19.2ch26@16 ,  3.000E+001 ,  2.316E-003 ,  99.753  ,  99.713 
067:030:06002 , V     , 8     ,       ,  3.000E+001 ,  2.931E+001 ,  3.069E+001 ,  3.000E+001 , 19.3ch26@16 ,  3.001E+001 , 19.1ch27@16 ,  3.000E+001 ,  3.258E-003 ,  70.913  ,  70.636 
067:035:06000 ,       , 8     ,       ,  1.000E+000 ,  9.769E-001 ,  1.023E+000 ,  9.998E-001 , 19.1ch27@16 ,  1.000E+000 , 19.3ch26@16 ,  9.999E-001 ,  9.352E-005 ,  82.338  ,  82.103 
067:040:06000 , V     , 8     ,       ,  0.000E+000 , -6.930E-001 ,  6.930E-001 , -1.543E-003 , 19.3ch27@16 ,  4.072E-004 , 19.2ch26@16 , -7.031E-004 ,  8.115E-004 ,  100.000 ,  100.000
067:045:06000 ,       , 8     ,       ,  1.000E+000 ,  9.769E-001 ,  1.023E+000 ,  9.999E-001 , 19.3ch26@16 ,  1.000E+000 , 19.1ch27@16 ,  1.000E+000 ,  9.283E-005 ,  82.945  ,  82.675 
067:050:06000 , V     , 8     ,       ,  0.000E+000 , -6.930E-001 ,  6.930E-001 , -2.085E-005 , 19.1ch26@16 ,  1.960E-003 , 19.4ch27@16 ,  8.384E-004 ,  7.517E-004 ,  100.000 ,  100.000
067:005:07000 ,       , 8     ,       ,  0.000E+000 , -2.310E-005 ,  2.310E-005 , -3.394E-006 , 19.3ch26@16 , -2.325E-007 , 19.1ch26@16 , -1.795E-006 ,  1.416E-006 ,  5.436   ,  5.014  
067:010:07000 ,       , 8     ,       ,  1.175E+001 ,  1.148E+001 ,  1.202E+001 ,  1.172E+001 , 19.3ch27@16 ,  1.175E+001 , 19.4ch26@16 ,  1.173E+001 ,  1.113E-002 ,  8.129   ,  7.635  
067:015:07000 , V     , 8     ,       ,  0.000E+000 , -7.700E-003 ,  7.700E-003 , -3.423E-006 , 19.1ch26@16 ,  8.198E-005 , 19.4ch27@16 ,  3.047E-005 ,  3.264E-005 ,  78.628  ,  78.317 
067:020:07000 , V     , 8     ,       ,  0.000E+000 , -8.316E-001 ,  8.316E-001 , -2.848E-006 , 19.2ch26@16 ,  1.756E-004 , 19.1ch27@16 ,  9.177E-005 ,  7.644E-005 ,  100.000 ,  100.000
067:025:07000 , V     , 8     ,       ,  0.000E+000 , -8.316E-001 ,  8.316E-001 , -7.816E-004 , 19.2ch26@16 ,  2.014E-003 , 19.3ch27@16 ,  1.855E-004 ,  9.000E-004 ,  100.000 ,  100.000
067:030:07000 , V     , 8     ,       ,  0.000E+000 , -8.316E-001 ,  8.316E-001 , -1.402E-005 , 19.2ch26@16 ,  2.064E-003 , 19.1ch27@16 ,  1.107E-003 ,  9.075E-004 ,  100.000 ,  100.000
067:020:07001 , V     , 8     ,       ,  0.000E+000 , -8.316E-001 ,  8.316E-001 , -2.890E-004 , 19.3ch26@16 ,  2.196E-004 , 19.1ch27@16 , -2.004E-005 ,  1.594E-004 ,  100.000 ,  100.000
067:025:07001 , V     , 8     ,       ,  1.800E+001 ,  1.717E+001 ,  1.883E+001 ,  1.800E+001 , 19.2ch27@16 ,  1.800E+001 , 19.3ch27@16 ,  1.800E+001 ,  1.393E-003 ,  100.000 ,  100.000
067:030:07001 , V     , 8     ,       ,  1.800E+001 ,  1.717E+001 ,  1.883E+001 ,  1.800E+001 , 19.3ch26@16 ,  1.800E+001 , 19.1ch27@16 ,  1.800E+001 ,  1.867E-003 ,  100.000 ,  100.000
067:020:07002 , V     , 8     ,       ,  0.000E+000 , -8.316E-001 ,  8.316E-001 , -4.428E-004 , 19.3ch26@16 ,  4.908E-004 , 19.1ch27@16 ,  3.097E-005 ,  2.788E-004 ,  100.000 ,  100.000
067:025:07002 , V     , 8     ,       ,  3.600E+001 ,  3.517E+001 ,  3.683E+001 ,  3.600E+001 , 19.2ch27@16 ,  3.600E+001 , 19.2ch26@16 ,  3.600E+001 ,  2.389E-003 ,  100.000 ,  100.000
067:030:07002 , V     , 8     ,       ,  3.600E+001 ,  3.517E+001 ,  3.683E+001 ,  3.599E+001 , 19.3ch26@16 ,  3.601E+001 , 19.1ch27@16 ,  3.600E+001 ,  3.250E-003 ,  85.289  ,  85.242 
067:035:07000 ,       , 8     ,       ,  1.000E+000 ,  9.769E-001 ,  1.023E+000 ,  9.999E-001 , 19.1ch27@16 ,  1.000E+000 , 19.3ch26@16 ,  1.000E+000 ,  7.653E-005 ,  100.000 ,  100.000
067:040:07000 , V     , 8     ,       ,  0.000E+000 , -8.316E-001 ,  8.316E-001 , -1.769E-003 , 19.3ch27@16 ,  3.022E-004 , 19.2ch26@16 , -7.889E-004 ,  8.955E-004 ,  100.000 ,  100.000
067:045:07000 ,       , 8     ,       ,  1.000E+000 ,  9.769E-001 ,  1.023E+000 ,  9.999E-001 , 19.3ch26@16 ,  1.000E+000 , 19.1ch27@16 ,  1.000E+000 ,  7.714E-005 ,  99.814  ,  99.804 
067:050:07000 , V     , 8     ,       ,  0.000E+000 , -8.316E-001 ,  8.316E-001 , -6.271E-005 , 19.1ch26@16 ,  2.314E-003 , 19.4ch27@16 ,  1.053E-003 ,  9.134E-004 ,  100.000 ,  100.000
067:005:08000 ,       , 8     ,       ,  0.000E+000 , -2.310E-005 ,  2.310E-005 , -3.394E-006 , 19.3ch26@16 , -2.325E-007 , 19.1ch26@16 , -1.795E-006 ,  1.416E-006 ,  5.436   ,  5.014  
067:010:08000 ,       , 8     ,       ,  1.175E+001 ,  1.148E+001 ,  1.202E+001 ,  1.172E+001 , 19.3ch27@16 ,  1.175E+001 , 19.4ch26@16 ,  1.173E+001 ,  1.113E-002 ,  8.129   ,  7.635  
067:015:08000 , V     , 8     ,       ,  0.000E+000 , -7.700E-003 ,  7.700E-003 , -3.423E-006 , 19.1ch26@16 ,  8.198E-005 , 19.4ch27@16 ,  3.047E-005 ,  3.264E-005 ,  78.628  ,  78.317 
067:020:08000 , V     , 8     ,       ,  0.000E+000 , -1.155E+000 ,  1.155E+000 ,  2.311E-005 , 19.3ch26@16 ,  2.193E-004 , 19.3ch27@16 ,  1.259E-004 ,  8.407E-005 ,  100.000 ,  100.000
067:025:08000 , V     , 8     ,       ,  0.000E+000 , -1.155E+000 ,  1.155E+000 , -7.083E-004 , 19.2ch26@16 ,  2.567E-003 , 19.3ch27@16 ,  3.834E-004 ,  1.057E-003 ,  100.000 ,  100.000
067:030:08000 , V     , 8     ,       ,  0.000E+000 , -1.155E+000 ,  1.155E+000 ,  2.853E-004 , 19.3ch26@16 ,  2.582E-003 , 19.3ch27@16 ,  1.507E-003 ,  9.974E-004 ,  100.000 ,  100.000
067:020:08001 , V     , 8     ,       ,  0.000E+000 , -1.155E+000 ,  1.155E+000 , -1.011E-004 , 19.3ch26@16 ,  8.260E-004 , 19.4ch26@16 ,  5.435E-004 ,  2.973E-004 ,  100.000 ,  100.000
067:025:08001 , V     , 8     ,       ,  2.500E+001 ,  2.385E+001 ,  2.616E+001 ,  2.499E+001 , 19.2ch27@16 ,  2.500E+001 , 19.2ch26@16 ,  2.500E+001 ,  2.600E-003 ,  100.000 ,  100.000
067:030:08001 , V     , 8     ,       ,  2.500E+001 ,  2.385E+001 ,  2.616E+001 ,  2.500E+001 , 19.3ch26@16 ,  2.501E+001 , 19.4ch26@16 ,  2.501E+001 ,  3.496E-003 ,  100.000 ,  100.000
067:020:08002 , V     , 8     ,       ,  0.000E+000 , -1.155E+000 ,  1.155E+000 , -2.922E-004 , 19.3ch26@16 ,  1.389E-003 , 19.2ch26@16 ,  9.156E-004 ,  5.386E-004 ,  100.000 ,  100.000
067:025:08002 , V     , 8     ,       ,  5.000E+001 ,  4.885E+001 ,  5.116E+001 ,  4.999E+001 , 19.2ch27@16 ,  5.001E+001 , 19.2ch26@16 ,  5.000E+001 ,  4.845E-003 ,  79.461  ,  79.433 
067:030:08002 , V     , 8     ,       ,  5.000E+001 ,  4.885E+001 ,  5.116E+001 ,  5.000E+001 , 19.3ch26@16 ,  5.002E+001 , 19.2ch26@16 ,  5.001E+001 ,  6.313E-003 ,  60.986  ,  60.412 
067:035:08000 ,       , 8     ,       ,  1.000E+000 ,  9.769E-001 ,  1.023E+000 ,  9.997E-001 , 19.2ch26@16 ,  1.000E+000 , 19.3ch26@16 ,  9.998E-001 ,  1.168E-004 ,  65.905  ,  65.371 
067:040:08000 , V     , 8     ,       ,  0.000E+000 , -1.155E+000 ,  1.155E+000 , -2.701E-003 , 19.3ch27@16 , -4.161E-004 , 19.3ch26@16 , -1.596E-003 ,  1.011E-003 ,  100.000 ,  100.000
067:045:08000 ,       , 8     ,       ,  1.000E+000 ,  9.769E-001 ,  1.023E+000 ,  1.000E+000 , 19.3ch26@16 ,  1.000E+000 , 19.1ch27@16 ,  1.000E+000 ,  1.105E-004 ,  69.658  ,  69.045 
067:050:08000 , V     , 8     ,       ,  0.000E+000 , -1.155E+000 ,  1.155E+000 , -2.085E-006 , 19.1ch26@16 ,  2.908E-003 , 19.4ch27@16 ,  1.435E-003 ,  1.082E-003 ,  100.000 ,  100.000
067:005:09000 ,       , 8     ,       ,  0.000E+000 , -2.310E-005 ,  2.310E-005 , -3.394E-006 , 19.3ch26@16 , -2.325E-007 , 19.1ch26@16 , -1.795E-006 ,  1.416E-006 ,  5.436   ,  5.014  
067:010:09000 ,       , 8     ,       ,  1.175E+001 ,  1.148E+001 ,  1.202E+001 ,  1.172E+001 , 19.3ch27@16 ,  1.175E+001 , 19.4ch26@16 ,  1.173E+001 ,  1.113E-002 ,  8.129   ,  7.635  
067:015:09000 , V     , 8     ,       ,  0.000E+000 , -7.700E-003 ,  7.700E-003 , -3.423E-006 , 19.1ch26@16 ,  8.198E-005 , 19.4ch27@16 ,  3.047E-005 ,  3.264E-005 ,  78.628  ,  78.317 
067:020:09000 , V     , 8     ,       ,  0.000E+000 , -2.079E+000 ,  2.079E+000 ,  1.045E-004 , 19.3ch26@16 ,  4.300E-004 , 19.3ch27@16 ,  2.866E-004 ,  1.321E-004 ,  100.000 ,  100.000
067:025:09000 , V     , 8     ,       ,  0.000E+000 , -2.079E+000 ,  2.079E+000 , -3.558E-004 , 19.2ch27@16 ,  5.339E-003 , 19.3ch27@16 ,  1.385E-003 ,  1.946E-003 ,  100.000 ,  100.000
067:030:09000 , V     , 8     ,       ,  0.000E+000 , -2.079E+000 ,  2.079E+000 ,  1.239E-003 , 19.3ch26@16 ,  5.051E-003 , 19.3ch27@16 ,  3.394E-003 ,  1.562E-003 ,  100.000 ,  100.000
067:020:09001 , V     , 8     ,       ,  0.000E+000 , -2.079E+000 ,  2.079E+000 , -2.541E-004 , 19.3ch26@16 ,  9.808E-004 , 19.1ch27@16 ,  6.081E-004 ,  4.146E-004 ,  100.000 ,  100.000
067:025:09001 , V     , 8     ,       ,  3.750E+001 ,  3.542E+001 ,  3.958E+001 ,  3.749E+001 , 19.2ch27@16 ,  3.751E+001 , 19.3ch27@16 ,  3.750E+001 ,  3.375E-003 ,  100.000 ,  100.000
067:030:09001 , V     , 8     ,       ,  3.750E+001 ,  3.542E+001 ,  3.958E+001 ,  3.750E+001 , 19.3ch26@16 ,  3.751E+001 , 19.1ch27@16 ,  3.751E+001 ,  4.863E-003 ,  100.000 ,  100.000
067:020:09002 , V     , 8     ,       ,  0.000E+000 , -2.079E+000 ,  2.079E+000 , -9.893E-004 , 19.3ch26@16 ,  1.287E-003 , 19.2ch26@16 ,  5.803E-004 ,  7.331E-004 ,  100.000 ,  100.000
067:025:09002 , V     , 8     ,       ,  7.500E+001 ,  7.292E+001 ,  7.708E+001 ,  7.499E+001 , 19.2ch27@16 ,  7.501E+001 , 19.2ch26@16 ,  7.500E+001 ,  5.893E-003 ,  100.000 ,  100.000
067:030:09002 , V     , 8     ,       ,  7.500E+001 ,  7.292E+001 ,  7.708E+001 ,  7.499E+001 , 19.3ch26@16 ,  7.502E+001 , 19.2ch26@16 ,  7.501E+001 ,  8.570E-003 ,  80.866  ,  80.595 
067:035:09000 ,       , 8     ,       ,  1.000E+000 ,  9.769E-001 ,  1.023E+000 ,  9.998E-001 , 19.2ch26@16 ,  1.000E+000 , 19.3ch26@16 ,  1.000E+000 ,  1.008E-004 ,  76.382  ,  76.224 
067:040:09000 , V     , 8     ,       ,  0.000E+000 , -2.079E+000 ,  2.079E+000 , -5.776E-003 , 19.3ch27@16 , -1.975E-003 , 19.3ch26@16 , -4.077E-003 ,  1.644E-003 ,  100.000 ,  100.000
067:045:09000 ,       , 8     ,       ,  1.000E+000 ,  9.769E-001 ,  1.023E+000 ,  9.999E-001 , 19.3ch26@16 ,  1.000E+000 , 19.1ch27@16 ,  1.000E+000 ,  9.022E-005 ,  85.350  ,  85.035 
067:050:09000 , V     , 8     ,       ,  0.000E+000 , -2.079E+000 ,  2.079E+000 , -1.294E-004 , 19.1ch26@16 ,  5.139E-003 , 19.4ch26@16 ,  2.753E-003 ,  2.015E-003 ,  100.000 ,  100.000
070:005:00000 , V     , 8     ,       ,  0.000E+000 , -2.079E+000 ,  2.079E+000 , -5.504E-004 , 19.1ch26@16 ,  3.802E-003 , 19.4ch27@16 ,  1.383E-003 ,  1.706E-003 ,  100.000 ,  100.000
070:010:00000 , V     , 8     ,       ,  9.000E+001 ,  8.792E+001 ,  9.208E+001 ,  9.000E+001 , 19.3ch27@16 ,  9.001E+001 , 19.1ch27@16 ,  9.000E+001 ,  1.887E-003 ,  100.000 ,  100.000
070:015:00000 , uA    , 8     ,       ,  0.000E+000 , -9.240E-001 ,  9.240E-001 , -3.334E-004 , 19.1ch27@16 ,  1.472E-003 , 19.3ch26@16 ,  7.869E-004 ,  5.439E-004 ,  100.000 ,  100.000
070:020:00000 , uA    , 8     ,       ,  0.000E+000 , -2.310E+000 ,  2.310E+000 , -1.569E+000 , 19.2ch26@16 , -1.282E+000 , 19.1ch27@16 , -1.428E+000 ,  8.374E-002 ,  9.196   ,  3.511  
070:025:00000 , uA    , 8     ,       ,  0.000E+000 , -2.310E+000 ,  2.310E+000 , -6.464E-001 , 19.2ch26@16 , -4.271E-001 , 19.1ch27@16 , -5.273E-001 ,  7.023E-002 ,  10.964  ,  8.461  
070:030:00000 , uA    , 8     ,       ,  0.000E+000 , -2.310E+000 ,  2.310E+000 ,  2.780E-001 , 19.2ch26@16 ,  4.751E-001 , 19.2ch27@16 ,  3.742E-001 ,  6.756E-002 ,  11.397  ,  9.551  
070:033:00000 , uA    , 8     ,       ,  0.000E+000 , -2.310E+000 ,  2.310E+000 , -9.208E-004 , 19.1ch27@16 ,  1.259E-003 , 19.3ch26@16 ,  4.182E-004 ,  7.639E-004 ,  100.000 ,  100.000
070:035:00000 , uA    , 8     ,       ,  0.000E+000 , -7.695E-002 ,  7.695E-002 , -1.005E-003 , 19.2ch26@16 ,  3.858E-004 , 19.4ch27@16 , -3.687E-004 ,  5.047E-004 ,  50.824  ,  50.580 
070:040:00000 ,       , 8     , I     ,  2.048E+003 ,  1.000E+000 ,  4.094E+003 ,  3.055E+003 , 19.2ch27@16 ,  3.487E+003 , 19.2ch26@16 ,  3.247E+003 ,  1.533E+002 ,  0.000   ,  0.000  
070:005:00001 , V     , 8     ,       ,  0.000E+000 , -2.079E+000 ,  2.079E+000 , -4.775E-004 , 19.1ch26@16 ,  3.827E-003 , 19.4ch27@16 ,  1.389E-003 ,  1.693E-003 ,  100.000 ,  100.000
070:010:00001 , V     , 8     ,       ,  9.000E+001 ,  8.792E+001 ,  9.208E+001 ,  9.000E+001 , 19.3ch27@16 ,  9.001E+001 , 19.1ch27@16 ,  9.000E+001 ,  1.832E-003 ,  100.000 ,  100.000
070:015:00001 , uA    , 8     ,       ,  0.000E+000 , -9.240E+000 ,  9.240E+000 , -7.337E-003 , 19.1ch27@16 ,  8.951E-003 , 19.4ch27@16 ,  1.262E-003 ,  5.436E-003 ,  100.000 ,  100.000
070:020:00001 , uA    , 8     ,       ,  0.000E+000 , -2.310E+001 ,  2.310E+001 , -1.732E+001 , 19.2ch26@16 , -1.417E+001 , 19.1ch27@16 , -1.575E+001 ,  9.145E-001 ,  8.420   ,  2.678  
070:025:00001 , uA    , 8     ,       ,  0.000E+000 , -2.310E+001 ,  2.310E+001 , -7.159E+000 , 19.2ch26@16 , -4.753E+000 , 19.1ch27@16 , -5.838E+000 ,  7.675E-001 ,  10.033  ,  7.497  
070:030:00001 , uA    , 8     ,       ,  0.000E+000 , -2.310E+001 ,  2.310E+001 ,  3.013E+000 , 19.2ch26@16 ,  5.151E+000 , 19.2ch27@16 ,  4.086E+000 ,  7.415E-001 ,  10.385  ,  8.548  
070:033:00001 , uA    , 8     ,       ,  0.000E+000 , -2.310E+001 ,  2.310E+001 , -1.473E-002 , 19.1ch27@16 ,  1.596E-002 , 19.4ch27@16 ,  1.953E-003 ,  9.315E-003 ,  100.000 ,  100.000
070:035:00001 , uA    , 8     ,       ,  0.000E+000 , -3.848E-001 ,  3.848E-001 , -7.391E-003 , 19.1ch27@16 ,  7.007E-003 , 19.4ch27@16 ,  6.911E-004 ,  5.104E-003 ,  25.126  ,  25.081 
070:040:00001 ,       , 8     , I     ,  2.048E+003 ,  1.000E+000 ,  4.094E+003 ,  3.067E+003 , 19.2ch27@16 ,  3.492E+003 , 19.2ch26@16 ,  3.252E+003 ,  1.518E+002 ,  0.000   ,  0.000  
070:005:00002 , V     , 8     ,       ,  0.000E+000 , -2.079E+000 ,  2.079E+000 , -5.439E-004 , 19.1ch26@16 ,  3.856E-003 , 19.4ch27@16 ,  1.389E-003 ,  1.717E-003 ,  100.000 ,  100.000
070:010:00002 , V     , 8     ,       ,  9.000E+001 ,  8.792E+001 ,  9.208E+001 ,  9.000E+001 , 19.3ch27@16 ,  9.001E+001 , 19.1ch27@16 ,  9.000E+001 ,  1.852E-003 ,  100.000 ,  100.000
070:015:00002 , mA    , 8     ,       ,  0.000E+000 , -9.240E-002 ,  9.240E-002 , -1.229E-004 , 19.3ch26@16 ,  4.983E-007 , 19.2ch26@16 , -5.143E-005 ,  4.284E-005 ,  100.000 ,  100.000
070:020:00002 , mA    , 8     ,       ,  0.000E+000 , -2.310E-001 ,  2.310E-001 , -1.589E-001 , 19.2ch26@16 , -1.301E-001 , 19.1ch27@16 , -1.446E-001 ,  8.325E-003 ,  9.249   ,  3.458  
070:025:00002 , mA    , 8     ,       ,  0.000E+000 , -2.310E-001 ,  2.310E-001 , -6.567E-002 , 19.2ch26@16 , -4.374E-002 , 19.1ch27@16 , -5.364E-002 ,  6.984E-003 ,  11.025  ,  8.465  
070:030:00002 , mA    , 8     ,       ,  0.000E+000 , -2.310E-001 ,  2.310E-001 ,  2.764E-002 , 19.2ch26@16 ,  4.713E-002 , 19.2ch27@16 ,  3.743E-002 ,  6.777E-003 ,  11.362  ,  9.521  
070:033:00002 , mA    , 8     ,       ,  0.000E+000 , -2.310E-001 ,  2.310E-001 , -1.117E-004 , 19.3ch26@16 ,  8.421E-005 , 19.3ch27@16 , -2.542E-005 ,  6.074E-005 ,  100.000 ,  100.000
070:035:00002 , mA    , 8     ,       ,  0.000E+000 , -3.848E-003 ,  3.848E-003 , -3.029E-005 , 19.2ch26@16 ,  9.236E-005 , 19.3ch27@16 ,  2.601E-005 ,  3.751E-005 ,  34.195  ,  33.964 
070:040:00002 ,       , 8     , I     ,  2.048E+003 ,  1.000E+000 ,  4.094E+003 ,  3.069E+003 , 19.2ch27@16 ,  3.491E+003 , 19.2ch26@16 ,  3.252E+003 ,  1.507E+002 ,  0.000   ,  0.000  
070:005:00003 , V     , 8     ,       ,  0.000E+000 , -2.079E+000 ,  2.079E+000 , -5.434E-004 , 19.1ch26@16 ,  3.844E-003 , 19.4ch27@16 ,  1.387E-003 ,  1.732E-003 ,  100.000 ,  100.000
070:010:00003 , V     , 8     ,       ,  9.000E+001 ,  8.792E+001 ,  9.208E+001 ,  9.000E+001 , 19.3ch27@16 ,  9.001E+001 , 19.1ch27@16 ,  9.000E+001 ,  1.814E-003 ,  100.000 ,  100.000
070:015:00003 , mA    , 8     ,       ,  0.000E+000 , -9.240E-001 ,  9.240E-001 , -1.273E-003 , 19.3ch26@16 , -4.047E-004 , 19.4ch27@16 , -6.755E-004 ,  2.767E-004 ,  100.000 ,  100.000
070:020:00003 , mA    , 8     ,       ,  0.000E+000 , -2.310E+000 ,  2.310E+000 , -1.551E+000 , 19.2ch26@16 , -1.290E+000 , 19.1ch27@16 , -1.423E+000 ,  7.546E-002 ,  10.204  ,  3.917  
070:025:00003 , mA    , 8     ,       ,  0.000E+000 , -2.310E+000 ,  2.310E+000 , -6.412E-001 , 19.2ch26@16 , -4.337E-001 , 19.1ch27@16 , -5.276E-001 ,  6.571E-002 ,  11.718  ,  9.042  
070:030:00003 , mA    , 8     ,       ,  0.000E+000 , -2.310E+000 ,  2.310E+000 ,  2.700E-001 , 19.2ch26@16 ,  4.661E-001 , 19.2ch27@16 ,  3.685E-001 ,  6.822E-002 ,  11.287  ,  9.486  
070:033:00003 , mA    , 8     ,       ,  0.000E+000 , -2.310E+000 ,  2.310E+000 , -1.478E-003 , 19.3ch26@16 ,  1.689E-004 , 19.3ch27@16 , -7.263E-004 ,  6.041E-004 ,  100.000 ,  100.000
070:035:00003 , mA    , 8     ,       ,  0.000E+000 , -3.848E-002 ,  3.848E-002 , -5.472E-004 , 19.2ch27@16 ,  7.382E-004 , 19.3ch27@16 , -5.079E-005 ,  4.463E-004 ,  28.736  ,  28.698 
070:040:00003 ,       , 8     , I     ,  2.048E+003 ,  1.000E+000 ,  4.094E+003 ,  3.069E+003 , 19.2ch27@16 ,  3.490E+003 , 19.2ch26@16 ,  3.252E+003 ,  1.500E+002 ,  0.000   ,  0.000  
070:005:00004 , V     , 8     ,       ,  0.000E+000 , -2.079E+000 ,  2.079E+000 , -5.760E-004 , 19.1ch26@16 ,  3.793E-003 , 19.4ch27@16 ,  1.384E-003 ,  1.704E-003 ,  100.000 ,  100.000
070:010:00004 , V     , 8     ,       ,  9.000E+001 ,  8.792E+001 ,  9.208E+001 ,  9.000E+001 , 19.3ch27@16 ,  9.001E+001 , 19.1ch27@16 ,  9.000E+001 ,  1.850E-003 ,  100.000 ,  100.000
070:015:00004 , mA    , 8     ,       ,  0.000E+000 , -9.240E+000 ,  9.240E+000 , -1.523E-002 , 19.3ch26@16 , -2.569E-003 , 19.2ch26@16 , -6.837E-003 ,  4.059E-003 ,  100.000 ,  100.000
070:020:00004 , mA    , 8     ,       ,  0.000E+000 , -2.310E+001 ,  2.310E+001 , -1.570E+001 , 19.2ch26@16 , -1.293E+001 , 19.1ch27@16 , -1.434E+001 ,  8.000E-001 ,  9.625   ,  3.650  
070:025:00004 , mA    , 8     ,       ,  0.000E+000 , -2.310E+001 ,  2.310E+001 , -6.450E+000 , 19.2ch26@16 , -4.362E+000 , 19.1ch27@16 , -5.313E+000 ,  6.625E-001 ,  11.623  ,  8.950  
070:030:00004 , mA    , 8     ,       ,  0.000E+000 , -2.310E+001 ,  2.310E+001 ,  2.811E+000 , 19.2ch26@16 ,  4.637E+000 , 19.2ch27@16 ,  3.720E+000 ,  6.396E-001 ,  12.038  ,  10.099 
070:033:00004 , mA    , 8     ,       ,  0.000E+000 , -2.310E+001 ,  2.310E+001 , -2.087E-002 , 19.3ch26@16 , -9.579E-004 , 19.3ch27@16 , -8.484E-003 ,  6.388E-003 ,  100.000 ,  100.000
070:035:00004 , mA    , 8     ,       ,  0.000E+000 , -3.848E-001 ,  3.848E-001 , -5.643E-003 , 19.3ch26@16 ,  4.545E-003 , 19.3ch27@16 , -1.647E-003 ,  3.537E-003 ,  36.255  ,  36.100 
070:040:00004 ,       , 8     , I     ,  2.048E+003 ,  1.000E+000 ,  4.094E+003 ,  3.077E+003 , 19.2ch27@16 ,  3.477E+003 , 19.2ch26@16 ,  3.250E+003 ,  1.435E+002 ,  0.000   ,  0.000  
070:005:00005 , V     , 8     ,       ,  0.000E+000 , -2.079E+000 ,  2.079E+000 , -5.676E-004 , 19.1ch26@16 ,  3.800E-003 , 19.4ch27@16 ,  1.396E-003 ,  1.713E-003 ,  100.000 ,  100.000
070:010:00005 , V     , 8     ,       ,  4.000E+001 ,  3.908E+001 ,  4.092E+001 ,  4.000E+001 , 19.3ch27@16 ,  4.000E+001 , 19.4ch27@16 ,  4.000E+001 ,  1.099E-003 ,  100.000 ,  100.000
070:015:00005 , A     , 8     ,       ,  0.000E+000 , -9.240E-002 ,  9.240E-002 , -1.654E-004 , 19.3ch26@16 , -2.377E-005 , 19.2ch26@16 , -6.664E-005 ,  4.298E-005 ,  100.000 ,  100.000
070:020:00005 , A     , 8     ,       ,  0.000E+000 , -2.310E-001 ,  2.310E-001 , -7.340E-002 , 19.2ch26@16 , -5.875E-002 , 19.1ch27@16 , -6.620E-002 ,  4.292E-003 ,  17.939  ,  12.798 
070:025:00005 , A     , 8     ,       ,  0.000E+000 , -2.310E-001 ,  2.310E-001 , -2.858E-002 , 19.2ch26@16 , -1.964E-002 , 19.1ch27@16 , -2.377E-002 ,  2.884E-003 ,  26.695  ,  23.948 
070:030:00005 , A     , 8     ,       ,  0.000E+000 , -2.310E-001 ,  2.310E-001 ,  1.244E-002 , 19.2ch26@16 ,  2.049E-002 , 19.2ch27@16 ,  1.628E-002 ,  2.789E-003 ,  27.612  ,  25.666 
070:033:00005 , A     , 8     ,       ,  0.000E+000 , -2.310E-001 ,  2.310E-001 , -1.616E-004 , 19.3ch26@16 , -7.022E-006 , 19.2ch27@16 , -6.096E-005 ,  4.908E-005 ,  100.000 ,  100.000
070:035:00005 , A     , 8     ,       ,  0.000E+000 , -3.800E-003 ,  3.800E-003 , -2.840E-005 , 19.4ch27@16 ,  4.394E-005 , 19.2ch27@16 ,  5.686E-006 ,  2.205E-005 ,  57.432  ,  57.346 
070:040:00005 ,       , 8     , I     ,  2.048E+003 ,  1.000E+000 ,  4.094E+003 ,  3.072E+003 , 19.2ch27@16 ,  3.473E+003 , 19.2ch26@16 ,  3.260E+003 ,  1.408E+002 ,  0.000   ,  0.000  
075:005:00000 , O     , 8     ,       ,  5.000E+004 ,  4.999E+004 ,  5.001E+004 ,  5.000E+004 , 19.1ch26@16 ,  5.000E+004 , 19.3ch26@16 ,  5.000E+004 ,  5.528E-001 ,  8.141   ,  7.891  
075:015:00000 , uA    , 8     ,       ,  0.000E+000 , -7.700E-001 ,  7.700E-001 , -2.528E-003 , 19.3ch26@16 , -1.816E-003 , 19.2ch27@16 , -2.097E-003 ,  2.106E-004 ,  100.000 ,  100.000
075:020:00000 , uA    , 8     ,       ,  0.000E+000 , -7.700E-001 ,  7.700E-001 ,  1.251E-004 , 19.1ch26@16 ,  6.667E-004 , 19.4ch26@16 ,  3.312E-004 ,  1.697E-004 ,  100.000 ,  100.000
075:010:00000 , V     , 8     ,       ,  1.000E-001 , -3.860E-002 ,  2.386E-001 ,  9.994E-002 , 19.3ch26@16 ,  1.011E-001 , 19.4ch27@16 ,  1.005E-001 ,  4.061E-004 ,  100.000 ,  100.000
075:025:00000 , uA    , 8     ,       ,  2.000E+000 , -7.720E-001 ,  4.772E+000 ,  2.001E+000 , 19.3ch26@16 ,  2.023E+000 , 19.4ch27@16 ,  2.012E+000 ,  8.029E-003 ,  100.000 ,  100.000
075:010:00001 , V     , 8     ,       ,  2.500E-001 ,  1.114E-001 ,  3.886E-001 ,  2.495E-001 , 19.3ch26@16 ,  2.504E-001 , 19.4ch27@16 ,  2.500E-001 ,  3.547E-004 ,  100.000 ,  100.000
075:025:00001 , uA    , 8     ,       ,  5.000E+000 ,  2.228E+000 ,  7.772E+000 ,  4.992E+000 , 19.3ch26@16 ,  5.010E+000 , 19.4ch27@16 ,  5.001E+000 ,  6.974E-003 ,  100.000 ,  100.000
075:010:00002 , V     , 8     ,       ,  5.000E-001 ,  3.614E-001 ,  6.386E-001 ,  4.986E-001 , 19.3ch26@16 ,  4.997E-001 , 19.3ch27@16 ,  4.991E-001 ,  3.668E-004 ,  100.000 ,  100.000
075:025:00002 , uA    , 8     ,       ,  1.000E+001 ,  7.228E+000 ,  1.277E+001 ,  9.974E+000 , 19.3ch26@16 ,  9.996E+000 , 19.3ch27@16 ,  9.985E+000 ,  7.207E-003 ,  100.000 ,  100.000
075:010:00003 , V     , 8     ,       ,  7.500E-001 ,  6.114E-001 ,  8.886E-001 ,  7.483E-001 , 19.3ch26@16 ,  7.496E-001 , 19.3ch27@16 ,  7.489E-001 ,  3.930E-004 ,  100.000 ,  100.000
075:025:00003 , uA    , 8     ,       ,  1.500E+001 ,  1.223E+001 ,  1.777E+001 ,  1.497E+001 , 19.3ch26@16 ,  1.499E+001 , 19.3ch27@16 ,  1.498E+001 ,  7.741E-003 ,  100.000 ,  100.000
075:010:00004 , V     , 8     ,       ,  1.000E+000 ,  8.614E-001 ,  1.139E+000 ,  9.982E-001 , 19.3ch26@16 ,  9.996E-001 , 19.3ch27@16 ,  9.989E-001 ,  4.196E-004 ,  100.000 ,  100.000
075:025:00004 , uA    , 8     ,       ,  2.000E+001 ,  1.723E+001 ,  2.277E+001 ,  1.997E+001 , 19.3ch26@16 ,  1.999E+001 , 19.3ch27@16 ,  1.998E+001 ,  8.297E-003 ,  100.000 ,  100.000
075:030:00000 ,       , 8     ,       ,  1.000E+000 ,  8.614E-001 ,  1.139E+000 ,  1.001E+000 , 19.2ch27@16 ,  1.002E+000 , 19.4ch27@16 ,  1.002E+000 ,  3.757E-004 ,  100.000 ,  100.000
075:035:00000 , uA    , 8     ,       ,  0.000E+000 , -2.772E+000 ,  2.772E+000 , -2.210E-002 , 19.4ch27@16 , -9.281E-004 , 19.3ch26@16 , -1.049E-002 ,  7.734E-003 ,  100.000 ,  100.000
075:005:00100 , O     , 8     ,       ,  5.000E+004 ,  4.999E+004 ,  5.001E+004 ,  5.000E+004 , 19.1ch26@16 ,  5.000E+004 , 19.3ch26@16 ,  5.000E+004 ,  5.528E-001 ,  8.141   ,  7.891  
075:015:00100 , uA    , 8     ,       ,  0.000E+000 , -7.700E-001 ,  7.700E-001 , -2.528E-003 , 19.3ch26@16 , -1.816E-003 , 19.2ch27@16 , -2.097E-003 ,  2.106E-004 ,  100.000 ,  100.000
075:020:00100 , uA    , 8     ,       ,  0.000E+000 , -7.700E-001 ,  7.700E-001 ,  1.251E-004 , 19.1ch26@16 ,  6.667E-004 , 19.4ch26@16 ,  3.312E-004 ,  1.697E-004 ,  100.000 ,  100.000
075:010:00100 , V     , 8     ,       , -1.000E+000 , -1.139E+000 , -8.614E-001 , -1.001E+000 , 19.3ch26@16 , -9.988E-001 , 19.4ch27@16 , -9.999E-001 ,  5.583E-004 ,  82.746  ,  82.658 
075:025:00100 , uA    , 8     ,       , -2.000E+001 , -2.277E+001 , -1.723E+001 , -2.001E+001 , 19.3ch26@16 , -1.997E+001 , 19.4ch27@16 , -1.999E+001 ,  1.114E-002 ,  82.932  ,  82.776 
075:010:00101 , V     , 8     ,       , -7.500E-001 , -8.886E-001 , -6.114E-001 , -7.505E-001 , 19.3ch26@16 , -7.488E-001 , 19.4ch27@16 , -7.498E-001 ,  5.205E-004 ,  88.753  ,  88.619 
075:025:00101 , uA    , 8     ,       , -1.500E+001 , -1.777E+001 , -1.223E+001 , -1.501E+001 , 19.3ch26@16 , -1.497E+001 , 19.4ch27@16 , -1.499E+001 ,  1.036E-002 ,  89.177  ,  88.970 
075:010:00102 , V     , 8     ,       , -5.000E-001 , -6.386E-001 , -3.614E-001 , -5.004E-001 , 19.3ch26@16 , -4.989E-001 , 19.4ch27@16 , -4.997E-001 ,  4.916E-004 ,  93.980  ,  93.803 
075:025:00102 , uA    , 8     ,       , -1.000E+001 , -1.277E+001 , -7.228E+000 , -1.001E+001 , 19.3ch26@16 , -9.975E+000 , 19.4ch27@16 , -9.993E+000 ,  9.761E-003 ,  94.666  ,  94.413 
075:010:00103 , V     , 8     ,       , -2.500E-001 , -3.886E-001 , -1.114E-001 , -2.504E-001 , 19.3ch26@16 , -2.489E-001 , 19.4ch27@16 , -2.497E-001 ,  4.683E-004 ,  98.663  ,  98.440 
075:025:00103 , uA    , 8     ,       , -5.000E+000 , -7.772E+000 , -2.228E+000 , -5.005E+000 , 19.3ch26@16 , -4.976E+000 , 19.4ch27@16 , -4.992E+000 ,  9.272E-003 ,  99.657  ,  99.355 
075:010:00104 , V     , 8     ,       , -1.000E-001 , -2.386E-001 ,  3.860E-002 , -1.003E-001 , 19.3ch26@16 , -9.894E-002 , 19.4ch27@16 , -9.966E-002 ,  4.585E-004 ,  100.000 ,  100.000
075:025:00104 , uA    , 8     ,       , -2.000E+000 , -4.772E+000 ,  7.720E-001 , -2.004E+000 , 19.3ch26@16 , -1.977E+000 , 19.4ch27@16 , -1.991E+000 ,  9.066E-003 ,  100.000 ,  100.000
075:030:00100 ,       , 8     ,       ,  1.000E+000 ,  8.614E-001 ,  1.139E+000 ,  9.995E-001 , 19.1ch26@16 ,  1.000E+000 , 19.4ch27@16 ,  9.998E-001 ,  2.069E-004 ,  100.000 ,  100.000
075:035:00100 , uA    , 8     ,       ,  0.000E+000 , -2.772E+000 ,  2.772E+000 , -2.286E-002 , 19.4ch27@16 ,  3.451E-003 , 19.3ch26@16 , -9.362E-003 ,  8.846E-003 ,  100.000 ,  100.000
075:005:01000 , O     , 8     ,       ,  5.000E+004 ,  4.999E+004 ,  5.001E+004 ,  5.000E+004 , 19.1ch26@16 ,  5.000E+004 , 19.3ch26@16 ,  5.000E+004 ,  5.528E-001 ,  8.141   ,  7.891  
075:015:01000 , uA    , 8     ,       ,  0.000E+000 , -7.700E-001 ,  7.700E-001 , -2.528E-003 , 19.3ch26@16 , -1.816E-003 , 19.2ch27@16 , -2.097E-003 ,  2.106E-004 ,  100.000 ,  100.000
075:020:01000 , uA    , 8     ,       ,  0.000E+000 , -7.700E-001 ,  7.700E-001 ,  1.251E-004 , 19.1ch26@16 ,  6.667E-004 , 19.4ch26@16 ,  3.312E-004 ,  1.697E-004 ,  100.000 ,  100.000
075:010:01000 , V     , 8     ,       ,  1.000E-001 , -3.860E-002 ,  2.386E-001 ,  9.987E-002 , 19.3ch26@16 ,  1.011E-001 , 19.4ch27@16 ,  1.005E-001 ,  4.150E-004 ,  100.000 ,  100.000
075:025:01000 , uA    , 8     ,       ,  2.000E+000 , -7.720E-001 ,  4.772E+000 ,  2.000E+000 , 19.3ch26@16 ,  2.023E+000 , 19.4ch27@16 ,  2.011E+000 ,  8.201E-003 ,  100.000 ,  100.000
075:010:01001 , V     , 8     ,       ,  2.500E-001 ,  1.114E-001 ,  3.886E-001 ,  2.494E-001 , 19.3ch26@16 ,  2.504E-001 , 19.4ch27@16 ,  2.499E-001 ,  3.624E-004 ,  100.000 ,  100.000
075:025:01001 , uA    , 8     ,       ,  5.000E+000 ,  2.228E+000 ,  7.772E+000 ,  4.991E+000 , 19.3ch26@16 ,  5.010E+000 , 19.4ch27@16 ,  5.001E+000 ,  7.125E-003 ,  100.000 ,  100.000
075:010:01002 , V     , 8     ,       ,  5.000E-001 ,  3.614E-001 ,  6.386E-001 ,  4.985E-001 , 19.3ch26@16 ,  4.997E-001 , 19.3ch27@16 ,  4.991E-001 ,  3.785E-004 ,  100.000 ,  100.000
075:025:01002 , uA    , 8     ,       ,  1.000E+001 ,  7.228E+000 ,  1.277E+001 ,  9.972E+000 , 19.3ch26@16 ,  9.996E+000 , 19.3ch27@16 ,  9.984E+000 ,  7.439E-003 ,  100.000 ,  100.000
075:010:01003 , V     , 8     ,       ,  7.500E-001 ,  6.114E-001 ,  8.886E-001 ,  7.482E-001 , 19.3ch26@16 ,  7.496E-001 , 19.3ch27@16 ,  7.489E-001 ,  3.977E-004 ,  100.000 ,  100.000
075:025:01003 , uA    , 8     ,       ,  1.500E+001 ,  1.223E+001 ,  1.777E+001 ,  1.497E+001 , 19.3ch26@16 ,  1.499E+001 , 19.3ch27@16 ,  1.498E+001 ,  7.834E-003 ,  100.000 ,  100.000
075:010:01004 , V     , 8     ,       ,  1.000E+000 ,  8.614E-001 ,  1.139E+000 ,  9.982E-001 , 19.3ch26@16 ,  9.996E-001 , 19.3ch27@16 ,  9.989E-001 ,  4.201E-004 ,  100.000 ,  100.000
075:025:01004 , uA    , 8     ,       ,  2.000E+001 ,  1.723E+001 ,  2.277E+001 ,  1.997E+001 , 19.3ch26@16 ,  1.999E+001 , 19.3ch27@16 ,  1.998E+001 ,  8.307E-003 ,  100.000 ,  100.000
075:030:01000 ,       , 8     ,       ,  1.000E+000 ,  8.614E-001 ,  1.139E+000 ,  1.001E+000 , 19.2ch27@16 ,  1.002E+000 , 19.4ch27@16 ,  1.002E+000 ,  3.762E-004 ,  100.000 ,  100.000
075:035:01000 , uA    , 8     ,       ,  0.000E+000 , -2.772E+000 ,  2.772E+000 , -2.182E-002 , 19.4ch27@16 ,  4.907E-004 , 19.3ch26@16 , -9.587E-003 ,  7.928E-003 ,  100.000 ,  100.000
075:005:01100 , O     , 8     ,       ,  5.000E+004 ,  4.999E+004 ,  5.001E+004 ,  5.000E+004 , 19.1ch26@16 ,  5.000E+004 , 19.3ch26@16 ,  5.000E+004 ,  5.528E-001 ,  8.141   ,  7.891  
075:015:01100 , uA    , 8     ,       ,  0.000E+000 , -7.700E-001 ,  7.700E-001 , -2.528E-003 , 19.3ch26@16 , -1.816E-003 , 19.2ch27@16 , -2.097E-003 ,  2.106E-004 ,  100.000 ,  100.000
075:020:01100 , uA    , 8     ,       ,  0.000E+000 , -7.700E-001 ,  7.700E-001 ,  1.251E-004 , 19.1ch26@16 ,  6.667E-004 , 19.4ch26@16 ,  3.312E-004 ,  1.697E-004 ,  100.000 ,  100.000
075:010:01100 , V     , 8     ,       , -1.000E+000 , -1.139E+000 , -8.614E-001 , -1.001E+000 , 19.3ch26@16 , -9.988E-001 , 19.4ch27@16 , -9.999E-001 ,  5.645E-004 ,  81.847  ,  81.776 
075:025:01100 , uA    , 8     ,       , -2.000E+001 , -2.277E+001 , -1.723E+001 , -2.001E+001 , 19.3ch26@16 , -1.997E+001 , 19.4ch27@16 , -2.000E+001 ,  1.127E-002 ,  82.022  ,  81.884 
075:010:01101 , V     , 8     ,       , -7.500E-001 , -8.886E-001 , -6.114E-001 , -7.505E-001 , 19.3ch26@16 , -7.488E-001 , 19.4ch27@16 , -7.498E-001 ,  5.240E-004 ,  88.173  ,  88.059 
075:025:01101 , uA    , 8     ,       , -1.500E+001 , -1.777E+001 , -1.223E+001 , -1.501E+001 , 19.3ch26@16 , -1.497E+001 , 19.4ch27@16 , -1.499E+001 ,  1.043E-002 ,  88.620  ,  88.435 
075:010:01102 , V     , 8     ,       , -5.000E-001 , -6.386E-001 , -3.614E-001 , -5.005E-001 , 19.3ch26@16 , -4.989E-001 , 19.4ch27@16 , -4.998E-001 ,  4.965E-004 ,  93.048  ,  92.891 
075:025:01102 , uA    , 8     ,       , -1.000E+001 , -1.277E+001 , -7.228E+000 , -1.001E+001 , 19.3ch26@16 , -9.976E+000 , 19.4ch27@16 , -9.993E+000 ,  9.858E-003 ,  93.733  ,  93.501 
075:010:01103 , V     , 8     ,       , -2.500E-001 , -3.886E-001 , -1.114E-001 , -2.504E-001 , 19.3ch26@16 , -2.489E-001 , 19.4ch27@16 , -2.497E-001 ,  4.718E-004 ,  97.930  ,  97.728 
075:025:01103 , uA    , 8     ,       , -5.000E+000 , -7.772E+000 , -2.228E+000 , -5.005E+000 , 19.3ch26@16 , -4.977E+000 , 19.4ch27@16 , -4.992E+000 ,  9.341E-003 ,  98.916  ,  98.636 
075:010:01104 , V     , 8     ,       , -1.000E-001 , -2.386E-001 ,  3.860E-002 , -1.004E-001 , 19.3ch26@16 , -9.897E-002 , 19.4ch27@16 , -9.969E-002 ,  4.593E-004 ,  100.000 ,  100.000
075:025:01104 , uA    , 8     ,       , -2.000E+000 , -4.772E+000 ,  7.720E-001 , -2.005E+000 , 19.3ch26@16 , -1.977E+000 , 19.4ch27@16 , -1.992E+000 ,  9.082E-003 ,  100.000 ,  100.000
075:030:01100 ,       , 8     ,       ,  1.000E+000 ,  8.614E-001 ,  1.139E+000 ,  9.995E-001 , 19.1ch26@16 ,  1.000E+000 , 19.4ch27@16 ,  9.998E-001 ,  2.115E-004 ,  100.000 ,  100.000
075:035:01100 , uA    , 8     ,       ,  0.000E+000 , -2.772E+000 ,  2.772E+000 , -2.239E-002 , 19.4ch27@16 ,  4.058E-003 , 19.3ch26@16 , -8.789E-003 ,  8.879E-003 ,  100.000 ,  100.000
075:005:02000 , O     , 8     ,       ,  5.000E+004 ,  4.999E+004 ,  5.001E+004 ,  5.000E+004 , 19.1ch26@16 ,  5.000E+004 , 19.3ch26@16 ,  5.000E+004 ,  5.528E-001 ,  8.141   ,  7.891  
075:015:02000 , uA    , 8     ,       ,  0.000E+000 , -7.700E-001 ,  7.700E-001 , -2.528E-003 , 19.3ch26@16 , -1.816E-003 , 19.2ch27@16 , -2.097E-003 ,  2.106E-004 ,  100.000 ,  100.000
075:020:02000 , uA    , 8     ,       ,  0.000E+000 , -7.700E-001 ,  7.700E-001 ,  1.251E-004 , 19.1ch26@16 ,  6.667E-004 , 19.4ch26@16 ,  3.312E-004 ,  1.697E-004 ,  100.000 ,  100.000
075:010:02000 , V     , 8     ,       ,  1.000E-001 , -3.860E-002 ,  2.386E-001 ,  9.985E-002 , 19.3ch26@16 ,  1.011E-001 , 19.4ch27@16 ,  1.005E-001 ,  4.199E-004 ,  100.000 ,  100.000
075:025:02000 , uA    , 8     ,       ,  2.000E+000 , -7.720E-001 ,  4.772E+000 ,  2.000E+000 , 19.3ch26@16 ,  2.023E+000 , 19.4ch27@16 ,  2.011E+000 ,  8.300E-003 ,  100.000 ,  100.000
075:010:02001 , V     , 8     ,       ,  2.500E-001 ,  1.114E-001 ,  3.886E-001 ,  2.494E-001 , 19.3ch26@16 ,  2.504E-001 , 19.4ch27@16 ,  2.499E-001 ,  3.632E-004 ,  100.000 ,  100.000
075:025:02001 , uA    , 8     ,       ,  5.000E+000 ,  2.228E+000 ,  7.772E+000 ,  4.990E+000 , 19.3ch26@16 ,  5.010E+000 , 19.4ch27@16 ,  5.000E+000 ,  7.139E-003 ,  100.000 ,  100.000
075:010:02002 , V     , 8     ,       ,  5.000E-001 ,  3.614E-001 ,  6.386E-001 ,  4.985E-001 , 19.3ch26@16 ,  4.997E-001 , 19.3ch27@16 ,  4.991E-001 ,  3.745E-004 ,  100.000 ,  100.000
075:025:02002 , uA    , 8     ,       ,  1.000E+001 ,  7.228E+000 ,  1.277E+001 ,  9.972E+000 , 19.3ch26@16 ,  9.996E+000 , 19.3ch27@16 ,  9.984E+000 ,  7.356E-003 ,  100.000 ,  100.000
075:010:02003 , V     , 8     ,       ,  7.500E-001 ,  6.114E-001 ,  8.886E-001 ,  7.482E-001 , 19.3ch26@16 ,  7.496E-001 , 19.3ch27@16 ,  7.489E-001 ,  4.031E-004 ,  100.000 ,  100.000
075:025:02003 , uA    , 8     ,       ,  1.500E+001 ,  1.223E+001 ,  1.777E+001 ,  1.497E+001 , 19.3ch26@16 ,  1.499E+001 , 19.3ch27@16 ,  1.498E+001 ,  7.941E-003 ,  100.000 ,  100.000
075:010:02004 , V     , 8     ,       ,  1.000E+000 ,  8.614E-001 ,  1.139E+000 ,  9.982E-001 , 19.3ch26@16 ,  9.996E-001 , 19.3ch27@16 ,  9.989E-001 ,  4.201E-004 ,  100.000 ,  100.000
075:025:02004 , uA    , 8     ,       ,  2.000E+001 ,  1.723E+001 ,  2.277E+001 ,  1.997E+001 , 19.3ch26@16 ,  1.999E+001 , 19.3ch27@16 ,  1.998E+001 ,  8.305E-003 ,  100.000 ,  100.000
075:030:02000 ,       , 8     ,       ,  1.000E+000 ,  8.614E-001 ,  1.139E+000 ,  1.001E+000 , 19.2ch27@16 ,  1.002E+000 , 19.4ch27@16 ,  1.002E+000 ,  3.765E-004 ,  100.000 ,  100.000
075:035:02000 , uA    , 8     ,       ,  0.000E+000 , -2.772E+000 ,  2.772E+000 , -2.182E-002 , 19.4ch27@16 ,  8.253E-004 , 19.3ch26@16 , -9.485E-003 ,  7.986E-003 ,  100.000 ,  100.000
075:005:02100 , O     , 8     ,       ,  5.000E+004 ,  4.999E+004 ,  5.001E+004 ,  5.000E+004 , 19.1ch26@16 ,  5.000E+004 , 19.3ch26@16 ,  5.000E+004 ,  5.528E-001 ,  8.141   ,  7.891  
075:015:02100 , uA    , 8     ,       ,  0.000E+000 , -7.700E-001 ,  7.700E-001 , -2.528E-003 , 19.3ch26@16 , -1.816E-003 , 19.2ch27@16 , -2.097E-003 ,  2.106E-004 ,  100.000 ,  100.000
075:020:02100 , uA    , 8     ,       ,  0.000E+000 , -7.700E-001 ,  7.700E-001 ,  1.251E-004 , 19.1ch26@16 ,  6.667E-004 , 19.4ch26@16 ,  3.312E-004 ,  1.697E-004 ,  100.000 ,  100.000
075:010:02100 , V     , 8     ,       , -1.000E+000 , -1.139E+000 , -8.614E-001 , -1.001E+000 , 19.3ch26@16 , -9.988E-001 , 19.4ch27@16 , -9.999E-001 ,  5.671E-004 ,  81.471  ,  81.403 
075:025:02100 , uA    , 8     ,       , -2.000E+001 , -2.277E+001 , -1.723E+001 , -2.001E+001 , 19.3ch26@16 , -1.997E+001 , 19.4ch27@16 , -2.000E+001 ,  1.131E-002 ,  81.670  ,  81.536 
075:010:02101 , V     , 8     ,       , -7.500E-001 , -8.886E-001 , -6.114E-001 , -7.505E-001 , 19.3ch26@16 , -7.489E-001 , 19.4ch27@16 , -7.498E-001 ,  5.210E-004 ,  88.672  ,  88.559 
075:025:02101 , uA    , 8     ,       , -1.500E+001 , -1.777E+001 , -1.223E+001 , -1.501E+001 , 19.3ch26@16 , -1.497E+001 , 19.4ch27@16 , -1.499E+001 ,  1.037E-002 ,  89.090  ,  88.904 
075:010:02102 , V     , 8     ,       , -5.000E-001 , -6.386E-001 , -3.614E-001 , -5.005E-001 , 19.3ch26@16 , -4.989E-001 , 19.4ch27@16 , -4.998E-001 ,  4.961E-004 ,  93.120  ,  92.965 
075:025:02102 , uA    , 8     ,       , -1.000E+001 , -1.277E+001 , -7.228E+000 , -1.001E+001 , 19.3ch26@16 , -9.976E+000 , 19.4ch27@16 , -9.993E+000 ,  9.849E-003 ,  93.820  ,  93.591 
075:010:02103 , V     , 8     ,       , -2.500E-001 , -3.886E-001 , -1.114E-001 , -2.504E-001 , 19.3ch26@16 , -2.489E-001 , 19.4ch27@16 , -2.497E-001 ,  4.712E-004 ,  98.041  ,  97.841 
075:025:02103 , uA    , 8     ,       , -5.000E+000 , -7.772E+000 , -2.228E+000 , -5.005E+000 , 19.3ch26@16 , -4.977E+000 , 19.4ch27@16 , -4.992E+000 ,  9.331E-003 ,  99.028  ,  98.749 
075:010:02104 , V     , 8     ,       , -1.000E-001 , -2.386E-001 ,  3.860E-002 , -1.004E-001 , 19.3ch26@16 , -9.897E-002 , 19.4ch27@16 , -9.969E-002 ,  4.573E-004 ,  100.000 ,  100.000
075:025:02104 , uA    , 8     ,       , -2.000E+000 , -4.772E+000 ,  7.720E-001 , -2.005E+000 , 19.3ch26@16 , -1.977E+000 , 19.4ch27@16 , -1.992E+000 ,  9.047E-003 ,  100.000 ,  100.000
075:030:02100 ,       , 8     ,       ,  1.000E+000 ,  8.614E-001 ,  1.139E+000 ,  9.995E-001 , 19.1ch26@16 ,  1.000E+000 , 19.4ch27@16 ,  9.998E-001 ,  2.120E-004 ,  100.000 ,  100.000
075:035:02100 , uA    , 8     ,       ,  0.000E+000 , -2.772E+000 ,  2.772E+000 , -2.228E-002 , 19.4ch27@16 ,  3.823E-003 , 19.3ch26@16 , -8.805E-003 ,  8.837E-003 ,  100.000 ,  100.000
075:005:10000 , O     , 8     ,       ,  5.000E+003 ,  4.999E+003 ,  5.001E+003 ,  5.000E+003 , 19.4ch26@16 ,  5.000E+003 , 19.3ch26@16 ,  5.000E+003 ,  3.969E-002 ,  11.339  ,  10.717 
075:015:10000 , uA    , 8     ,       ,  0.000E+000 , -7.700E-001 ,  7.700E-001 , -2.528E-003 , 19.3ch26@16 , -1.816E-003 , 19.2ch27@16 , -2.097E-003 ,  2.106E-004 ,  100.000 ,  100.000
075:020:10000 , uA    , 8     ,       ,  0.000E+000 , -7.700E-001 ,  7.700E-001 ,  1.251E-004 , 19.1ch26@16 ,  6.667E-004 , 19.4ch26@16 ,  3.312E-004 ,  1.697E-004 ,  100.000 ,  100.000
075:010:10000 , V     , 8     ,       ,  1.000E-001 , -3.860E-002 ,  2.386E-001 ,  1.100E-001 , 19.3ch26@16 ,  1.113E-001 , 19.4ch27@16 ,  1.107E-001 ,  4.626E-004 ,  99.872  ,  92.180 
075:025:10000 , uA    , 8     ,       ,  2.000E+001 , -7.720E+000 ,  4.772E+001 ,  2.201E+001 , 19.3ch26@16 ,  2.227E+001 , 19.4ch27@16 ,  2.214E+001 ,  9.244E-002 ,  99.960  ,  92.253 
075:010:10001 , V     , 8     ,       ,  2.500E-001 ,  1.114E-001 ,  3.886E-001 ,  2.747E-001 , 19.3ch26@16 ,  2.757E-001 , 19.4ch27@16 ,  2.752E-001 ,  3.986E-004 ,  100.000 ,  94.832 
075:025:10001 , uA    , 8     ,       ,  5.000E+001 ,  2.228E+001 ,  7.772E+001 ,  5.493E+001 , 19.3ch26@16 ,  5.515E+001 , 19.4ch27@16 ,  5.505E+001 ,  7.967E-002 ,  100.000 ,  94.870 
075:010:10002 , V     , 8     ,       ,  5.000E-001 ,  3.614E-001 ,  6.386E-001 ,  5.489E-001 , 19.3ch26@16 ,  5.502E-001 , 19.3ch27@16 ,  5.495E-001 ,  4.051E-004 ,  100.000 ,  73.296 
075:025:10002 , uA    , 8     ,       ,  1.000E+002 ,  7.228E+001 ,  1.277E+002 ,  1.098E+002 , 19.3ch26@16 ,  1.100E+002 , 19.3ch27@16 ,  1.099E+002 ,  8.099E-002 ,  100.000 ,  73.309 
075:010:10003 , V     , 8     ,       ,  7.500E-001 ,  6.114E-001 ,  8.886E-001 ,  8.238E-001 , 19.3ch26@16 ,  8.252E-001 , 19.3ch27@16 ,  8.245E-001 ,  4.302E-004 ,  100.000 ,  49.664 
075:025:10003 , uA    , 8     ,       ,  1.500E+002 ,  1.223E+002 ,  1.777E+002 ,  1.648E+002 , 19.3ch26@16 ,  1.650E+002 , 19.3ch27@16 ,  1.649E+002 ,  8.596E-002 ,  100.000 ,  49.687 
075:010:10004 , V     , 8     ,       ,  1.000E+000 ,  8.614E-001 ,  1.139E+000 ,  1.099E+000 , 19.3ch26@16 ,  1.100E+000 , 19.3ch27@16 ,  1.100E+000 ,  4.497E-004 ,  100.000 ,  28.836 
075:025:10004 , uA    , 8     ,       ,  2.000E+002 ,  1.723E+002 ,  2.277E+002 ,  2.198E+002 , 19.3ch26@16 ,  2.201E+002 , 19.3ch27@16 ,  2.199E+002 ,  8.979E-002 ,  100.000 ,  28.866 
075:030:10000 ,       , 8     ,       ,  1.000E+000 ,  8.614E-001 ,  1.139E+000 ,  9.096E-001 , 19.2ch27@16 ,  9.105E-001 , 19.4ch27@16 ,  9.100E-001 ,  3.024E-004 ,  100.000 ,  53.559 
075:035:10000 , uA    , 8     ,       ,  0.000E+000 , -2.772E+001 ,  2.772E+001 , -2.164E-001 , 19.4ch27@16 ,  1.026E-002 , 19.3ch26@16 , -9.278E-002 ,  8.013E-002 ,  100.000 ,  100.000
075:005:10100 , O     , 8     ,       ,  5.000E+003 ,  4.999E+003 ,  5.001E+003 ,  5.000E+003 , 19.4ch26@16 ,  5.000E+003 , 19.3ch26@16 ,  5.000E+003 ,  3.969E-002 ,  11.339  ,  10.717 
075:015:10100 , uA    , 8     ,       ,  0.000E+000 , -7.700E-001 ,  7.700E-001 , -2.528E-003 , 19.3ch26@16 , -1.816E-003 , 19.2ch27@16 , -2.097E-003 ,  2.106E-004 ,  100.000 ,  100.000
075:020:10100 , uA    , 8     ,       ,  0.000E+000 , -7.700E-001 ,  7.700E-001 ,  1.251E-004 , 19.1ch26@16 ,  6.667E-004 , 19.4ch26@16 ,  3.312E-004 ,  1.697E-004 ,  100.000 ,  100.000
075:010:10100 , V     , 8     ,       , -1.000E+000 , -1.139E+000 , -8.614E-001 , -1.101E+000 , 19.3ch26@16 , -1.100E+000 , 19.4ch27@16 , -1.101E+000 ,  6.095E-004 ,  75.801  ,  20.765 
075:025:10100 , uA    , 8     ,       , -2.000E+002 , -2.277E+002 , -1.723E+002 , -2.203E+002 , 19.3ch26@16 , -2.199E+002 , 19.4ch27@16 , -2.201E+002 ,  1.214E-001 ,  76.087  ,  20.841 
075:010:10101 , V     , 8     ,       , -7.500E-001 , -8.886E-001 , -6.114E-001 , -8.261E-001 , 19.3ch26@16 , -8.243E-001 , 19.4ch27@16 , -8.253E-001 ,  5.670E-004 ,  81.489  ,  37.188 
075:025:10101 , uA    , 8     ,       , -1.500E+002 , -1.777E+002 , -1.223E+002 , -1.652E+002 , 19.3ch26@16 , -1.649E+002 , 19.4ch27@16 , -1.651E+002 ,  1.130E-001 ,  81.745  ,  37.304 
075:010:10102 , V     , 8     ,       , -5.000E-001 , -6.386E-001 , -3.614E-001 , -5.508E-001 , 19.3ch26@16 , -5.492E-001 , 19.4ch27@16 , -5.501E-001 ,  5.346E-004 ,  86.415  ,  55.190 
075:025:10102 , uA    , 8     ,       , -1.000E+002 , -1.277E+002 , -7.228E+001 , -1.102E+002 , 19.3ch26@16 , -1.098E+002 , 19.4ch27@16 , -1.100E+002 ,  1.067E-001 ,  86.623  ,  55.325 
075:010:10103 , V     , 8     ,       , -2.500E-001 , -3.886E-001 , -1.114E-001 , -2.756E-001 , 19.3ch26@16 , -2.740E-001 , 19.4ch27@16 , -2.748E-001 ,  5.157E-004 ,  89.595  ,  73.554 
075:025:10103 , uA    , 8     ,       , -5.000E+001 , -7.772E+001 , -2.228E+001 , -5.511E+001 , 19.3ch26@16 , -5.479E+001 , 19.4ch27@16 , -5.496E+001 ,  1.030E-001 ,  89.749  ,  73.684 
075:010:10104 , V     , 8     ,       , -1.000E-001 , -2.386E-001 ,  3.860E-002 , -1.104E-001 , 19.3ch26@16 , -1.089E-001 , 19.4ch27@16 , -1.097E-001 ,  5.051E-004 ,  91.469  ,  85.093 
075:025:10104 , uA    , 8     ,       , -2.000E+001 , -4.772E+001 ,  7.720E+000 , -2.208E+001 , 19.3ch26@16 , -2.177E+001 , 19.4ch27@16 , -2.193E+001 ,  1.009E-001 ,  91.586  ,  85.207 
075:030:10100 ,       , 8     ,       ,  1.000E+000 ,  8.614E-001 ,  1.139E+000 ,  9.079E-001 , 19.1ch26@16 ,  9.085E-001 , 19.4ch27@16 ,  9.082E-001 ,  1.723E-004 ,  100.000 ,  90.536 
075:035:10100 , uA    , 8     ,       ,  0.000E+000 , -2.772E+001 ,  2.772E+001 , -2.210E-001 , 19.4ch27@16 ,  4.364E-002 , 19.3ch26@16 , -8.398E-002 ,  8.945E-002 ,  100.000 ,  100.000
075:005:11000 , O     , 8     ,       ,  5.000E+003 ,  4.999E+003 ,  5.001E+003 ,  5.000E+003 , 19.4ch26@16 ,  5.000E+003 , 19.3ch26@16 ,  5.000E+003 ,  3.969E-002 ,  11.339  ,  10.717 
075:015:11000 , uA    , 8     ,       ,  0.000E+000 , -7.700E-001 ,  7.700E-001 , -2.528E-003 , 19.3ch26@16 , -1.816E-003 , 19.2ch27@16 , -2.097E-003 ,  2.106E-004 ,  100.000 ,  100.000
075:020:11000 , uA    , 8     ,       ,  0.000E+000 , -7.700E-001 ,  7.700E-001 ,  1.251E-004 , 19.1ch26@16 ,  6.667E-004 , 19.4ch26@16 ,  3.312E-004 ,  1.697E-004 ,  100.000 ,  100.000
075:010:11000 , V     , 8     ,       ,  1.000E-001 , -3.860E-002 ,  2.386E-001 ,  1.100E-001 , 19.3ch26@16 ,  1.113E-001 , 19.4ch27@16 ,  1.106E-001 ,  4.576E-004 ,  100.000 ,  93.213 
075:025:11000 , uA    , 8     ,       ,  2.000E+001 , -7.720E+000 ,  4.772E+001 ,  2.201E+001 , 19.3ch26@16 ,  2.226E+001 , 19.4ch27@16 ,  2.213E+001 ,  9.143E-002 ,  100.000 ,  93.287 
075:010:11001 , V     , 8     ,       ,  2.500E-001 ,  1.114E-001 ,  3.886E-001 ,  2.746E-001 , 19.3ch26@16 ,  2.757E-001 , 19.4ch27@16 ,  2.752E-001 ,  4.004E-004 ,  100.000 ,  94.427 
075:025:11001 , uA    , 8     ,       ,  5.000E+001 ,  2.228E+001 ,  7.772E+001 ,  5.493E+001 , 19.3ch26@16 ,  5.515E+001 , 19.4ch27@16 ,  5.504E+001 ,  8.003E-002 ,  100.000 ,  94.465 
075:010:11002 , V     , 8     ,       ,  5.000E-001 ,  3.614E-001 ,  6.386E-001 ,  5.489E-001 , 19.3ch26@16 ,  5.501E-001 , 19.3ch27@16 ,  5.495E-001 ,  4.121E-004 ,  100.000 ,  72.074 
075:025:11002 , uA    , 8     ,       ,  1.000E+002 ,  7.228E+001 ,  1.277E+002 ,  1.098E+002 , 19.3ch26@16 ,  1.100E+002 , 19.3ch27@16 ,  1.099E+002 ,  8.238E-002 ,  100.000 ,  72.090 
075:010:11003 , V     , 8     ,       ,  7.500E-001 ,  6.114E-001 ,  8.886E-001 ,  8.238E-001 , 19.3ch26@16 ,  8.252E-001 , 19.3ch27@16 ,  8.245E-001 ,  4.323E-004 ,  100.000 ,  49.440 
075:025:11003 , uA    , 8     ,       ,  1.500E+002 ,  1.223E+002 ,  1.777E+002 ,  1.648E+002 , 19.3ch26@16 ,  1.650E+002 , 19.3ch27@16 ,  1.649E+002 ,  8.638E-002 ,  100.000 ,  49.466 
075:010:11004 , V     , 8     ,       ,  1.000E+000 ,  8.614E-001 ,  1.139E+000 ,  1.099E+000 , 19.3ch26@16 ,  1.100E+000 , 19.3ch27@16 ,  1.100E+000 ,  4.536E-004 ,  100.000 ,  28.609 
075:025:11004 , uA    , 8     ,       ,  2.000E+002 ,  1.723E+002 ,  2.277E+002 ,  2.198E+002 , 19.3ch26@16 ,  2.201E+002 , 19.3ch27@16 ,  2.199E+002 ,  9.056E-002 ,  100.000 ,  28.639 
075:030:11000 ,       , 8     ,       ,  1.000E+000 ,  8.614E-001 ,  1.139E+000 ,  9.096E-001 , 19.2ch27@16 ,  9.105E-001 , 19.4ch27@16 ,  9.100E-001 ,  3.046E-004 ,  100.000 ,  53.174 
075:035:11000 , uA    , 8     ,       ,  0.000E+000 , -2.772E+001 ,  2.772E+001 , -2.116E-001 , 19.4ch27@16 ,  1.431E-002 , 19.3ch26@16 , -8.761E-002 ,  7.991E-002 ,  100.000 ,  100.000
075:005:11100 , O     , 8     ,       ,  5.000E+003 ,  4.999E+003 ,  5.001E+003 ,  5.000E+003 , 19.4ch26@16 ,  5.000E+003 , 19.3ch26@16 ,  5.000E+003 ,  3.969E-002 ,  11.339  ,  10.717 
075:015:11100 , uA    , 8     ,       ,  0.000E+000 , -7.700E-001 ,  7.700E-001 , -2.528E-003 , 19.3ch26@16 , -1.816E-003 , 19.2ch27@16 , -2.097E-003 ,  2.106E-004 ,  100.000 ,  100.000
075:020:11100 , uA    , 8     ,       ,  0.000E+000 , -7.700E-001 ,  7.700E-001 ,  1.251E-004 , 19.1ch26@16 ,  6.667E-004 , 19.4ch26@16 ,  3.312E-004 ,  1.697E-004 ,  100.000 ,  100.000
075:010:11100 , V     , 8     ,       , -1.000E+000 , -1.139E+000 , -8.614E-001 , -1.102E+000 , 19.3ch26@16 , -1.100E+000 , 19.4ch27@16 , -1.101E+000 ,  6.010E-004 ,  76.871  ,  21.043 
075:025:11100 , uA    , 8     ,       , -2.000E+002 , -2.277E+002 , -1.723E+002 , -2.203E+002 , 19.3ch26@16 , -2.199E+002 , 19.4ch27@16 , -2.201E+002 ,  1.197E-001 ,  77.164  ,  21.121 
075:010:11101 , V     , 8     ,       , -7.500E-001 , -8.886E-001 , -6.114E-001 , -8.262E-001 , 19.3ch26@16 , -8.244E-001 , 19.4ch27@16 , -8.254E-001 ,  5.662E-004 ,  81.603  ,  37.222 
075:025:11101 , uA    , 8     ,       , -1.500E+002 , -1.777E+002 , -1.223E+002 , -1.652E+002 , 19.3ch26@16 , -1.649E+002 , 19.4ch27@16 , -1.651E+002 ,  1.129E-001 ,  81.854  ,  37.337 
075:010:11102 , V     , 8     ,       , -5.000E-001 , -6.386E-001 , -3.614E-001 , -5.509E-001 , 19.3ch26@16 , -5.492E-001 , 19.4ch27@16 , -5.501E-001 ,  5.377E-004 ,  85.917  ,  54.853 
075:025:11102 , uA    , 8     ,       , -1.000E+002 , -1.277E+002 , -7.228E+001 , -1.102E+002 , 19.3ch26@16 , -1.098E+002 , 19.4ch27@16 , -1.100E+002 ,  1.073E-001 ,  86.120  ,  54.985 
075:010:11103 , V     , 8     ,       , -2.500E-001 , -3.886E-001 , -1.114E-001 , -2.756E-001 , 19.3ch26@16 , -2.740E-001 , 19.4ch27@16 , -2.748E-001 ,  5.164E-004 ,  89.465  ,  73.432 
075:025:11103 , uA    , 8     ,       , -5.000E+001 , -7.772E+001 , -2.228E+001 , -5.512E+001 , 19.3ch26@16 , -5.480E+001 , 19.4ch27@16 , -5.497E+001 ,  1.031E-001 ,  89.615  ,  73.559 
075:010:11104 , V     , 8     ,       , -1.000E-001 , -2.386E-001 ,  3.860E-002 , -1.104E-001 , 19.3ch26@16 , -1.089E-001 , 19.4ch27@16 , -1.097E-001 ,  5.058E-004 ,  91.343  ,  84.957 
075:025:11104 , uA    , 8     ,       , -2.000E+001 , -4.772E+001 ,  7.720E+000 , -2.208E+001 , 19.3ch26@16 , -2.178E+001 , 19.4ch27@16 , -2.194E+001 ,  1.010E-001 ,  91.458  ,  85.069 
075:030:11100 ,       , 8     ,       ,  1.000E+000 ,  8.614E-001 ,  1.139E+000 ,  9.079E-001 , 19.1ch26@16 ,  9.085E-001 , 19.4ch27@16 ,  9.082E-001 ,  1.712E-004 ,  100.000 ,  91.086 
075:035:11100 , uA    , 8     ,       ,  0.000E+000 , -2.772E+001 ,  2.772E+001 , -2.150E-001 , 19.4ch27@16 ,  5.102E-002 , 19.3ch26@16 , -7.907E-002 ,  9.016E-002 ,  100.000 ,  100.000
075:005:12000 , O     , 8     ,       ,  5.000E+003 ,  4.999E+003 ,  5.001E+003 ,  5.000E+003 , 19.4ch26@16 ,  5.000E+003 , 19.3ch26@16 ,  5.000E+003 ,  3.969E-002 ,  11.339  ,  10.717 
075:015:12000 , uA    , 8     ,       ,  0.000E+000 , -7.700E-001 ,  7.700E-001 , -2.528E-003 , 19.3ch26@16 , -1.816E-003 , 19.2ch27@16 , -2.097E-003 ,  2.106E-004 ,  100.000 ,  100.000
075:020:12000 , uA    , 8     ,       ,  0.000E+000 , -7.700E-001 ,  7.700E-001 ,  1.251E-004 , 19.1ch26@16 ,  6.667E-004 , 19.4ch26@16 ,  3.312E-004 ,  1.697E-004 ,  100.000 ,  100.000
075:010:12000 , V     , 8     ,       ,  1.000E-001 , -3.860E-002 ,  2.386E-001 ,  1.100E-001 , 19.3ch26@16 ,  1.113E-001 , 19.4ch27@16 ,  1.106E-001 ,  4.599E-004 ,  100.000 ,  92.733 
075:025:12000 , uA    , 8     ,       ,  2.000E+001 , -7.720E+000 ,  4.772E+001 ,  2.201E+001 , 19.3ch26@16 ,  2.226E+001 , 19.4ch27@16 ,  2.213E+001 ,  9.191E-002 ,  100.000 ,  92.807 
075:010:12001 , V     , 8     ,       ,  2.500E-001 ,  1.114E-001 ,  3.886E-001 ,  2.746E-001 , 19.3ch26@16 ,  2.757E-001 , 19.4ch27@16 ,  2.752E-001 ,  4.001E-004 ,  100.000 ,  94.484 
075:025:12001 , uA    , 8     ,       ,  5.000E+001 ,  2.228E+001 ,  7.772E+001 ,  5.493E+001 , 19.3ch26@16 ,  5.515E+001 , 19.4ch27@16 ,  5.504E+001 ,  7.998E-002 ,  100.000 ,  94.526 
075:010:12002 , V     , 8     ,       ,  5.000E-001 ,  3.614E-001 ,  6.386E-001 ,  5.489E-001 , 19.3ch26@16 ,  5.501E-001 , 19.3ch27@16 ,  5.495E-001 ,  4.108E-004 ,  100.000 ,  72.298 
075:025:12002 , uA    , 8     ,       ,  1.000E+002 ,  7.228E+001 ,  1.277E+002 ,  1.098E+002 , 19.3ch26@16 ,  1.100E+002 , 19.3ch27@16 ,  1.099E+002 ,  8.213E-002 ,  100.000 ,  72.312 
075:010:12003 , V     , 8     ,       ,  7.500E-001 ,  6.114E-001 ,  8.886E-001 ,  8.238E-001 , 19.3ch26@16 ,  8.252E-001 , 19.3ch27@16 ,  8.245E-001 ,  4.347E-004 ,  100.000 ,  49.166 
075:025:12003 , uA    , 8     ,       ,  1.500E+002 ,  1.223E+002 ,  1.777E+002 ,  1.648E+002 , 19.3ch26@16 ,  1.650E+002 , 19.3ch27@16 ,  1.649E+002 ,  8.687E-002 ,  100.000 ,  49.192 
075:010:12004 , V     , 8     ,       ,  1.000E+000 ,  8.614E-001 ,  1.139E+000 ,  1.099E+000 , 19.3ch26@16 ,  1.100E+000 , 19.3ch27@16 ,  1.100E+000 ,  4.586E-004 ,  100.000 ,  28.297 
075:025:12004 , uA    , 8     ,       ,  2.000E+002 ,  1.723E+002 ,  2.277E+002 ,  2.198E+002 , 19.3ch26@16 ,  2.201E+002 , 19.3ch27@16 ,  2.199E+002 ,  9.156E-002 ,  100.000 ,  28.328 
075:030:12000 ,       , 8     ,       ,  1.000E+000 ,  8.614E-001 ,  1.139E+000 ,  9.096E-001 , 19.2ch27@16 ,  9.104E-001 , 19.4ch27@16 ,  9.100E-001 ,  3.044E-004 ,  100.000 ,  53.214 
075:035:12000 , uA    , 8     ,       ,  0.000E+000 , -2.772E+001 ,  2.772E+001 , -2.101E-001 , 19.4ch27@16 ,  1.454E-002 , 19.3ch26@16 , -8.718E-002 ,  7.989E-002 ,  100.000 ,  100.000
075:005:12100 , O     , 8     ,       ,  5.000E+003 ,  4.999E+003 ,  5.001E+003 ,  5.000E+003 , 19.4ch26@16 ,  5.000E+003 , 19.3ch26@16 ,  5.000E+003 ,  3.969E-002 ,  11.339  ,  10.717 
075:015:12100 , uA    , 8     ,       ,  0.000E+000 , -7.700E-001 ,  7.700E-001 , -2.528E-003 , 19.3ch26@16 , -1.816E-003 , 19.2ch27@16 , -2.097E-003 ,  2.106E-004 ,  100.000 ,  100.000
075:020:12100 , uA    , 8     ,       ,  0.000E+000 , -7.700E-001 ,  7.700E-001 ,  1.251E-004 , 19.1ch26@16 ,  6.667E-004 , 19.4ch26@16 ,  3.312E-004 ,  1.697E-004 ,  100.000 ,  100.000
075:010:12100 , V     , 8     ,       , -1.000E+000 , -1.139E+000 , -8.614E-001 , -1.102E+000 , 19.3ch26@16 , -1.100E+000 , 19.4ch27@16 , -1.101E+000 ,  6.073E-004 ,  76.077  ,  20.822 
075:025:12100 , uA    , 8     ,       , -2.000E+002 , -2.277E+002 , -1.723E+002 , -2.203E+002 , 19.3ch26@16 , -2.199E+002 , 19.4ch27@16 , -2.201E+002 ,  1.210E-001 ,  76.371  ,  20.900 
075:010:12101 , V     , 8     ,       , -7.500E-001 , -8.886E-001 , -6.114E-001 , -8.262E-001 , 19.3ch26@16 , -8.244E-001 , 19.4ch27@16 , -8.254E-001 ,  5.706E-004 ,  80.965  ,  36.929 
075:025:12101 , uA    , 8     ,       , -1.500E+002 , -1.777E+002 , -1.223E+002 , -1.652E+002 , 19.3ch26@16 , -1.649E+002 , 19.4ch27@16 , -1.651E+002 ,  1.138E-001 ,  81.222  ,  37.046 
075:010:12102 , V     , 8     ,       , -5.000E-001 , -6.386E-001 , -3.614E-001 , -5.509E-001 , 19.3ch26@16 , -5.492E-001 , 19.4ch27@16 , -5.501E-001 ,  5.401E-004 ,  85.544  ,  54.613 
075:025:12102 , uA    , 8     ,       , -1.000E+002 , -1.277E+002 , -7.228E+001 , -1.102E+002 , 19.3ch26@16 , -1.098E+002 , 19.4ch27@16 , -1.100E+002 ,  1.078E-001 ,  85.745  ,  54.743 
075:010:12103 , V     , 8     ,       , -2.500E-001 , -3.886E-001 , -1.114E-001 , -2.756E-001 , 19.3ch26@16 , -2.740E-001 , 19.4ch27@16 , -2.748E-001 ,  5.178E-004 ,  89.216  ,  73.224 
075:025:12103 , uA    , 8     ,       , -5.000E+001 , -7.772E+001 , -2.228E+001 , -5.512E+001 , 19.3ch26@16 , -5.480E+001 , 19.4ch27@16 , -5.497E+001 ,  1.034E-001 ,  89.365  ,  73.351 
075:010:12104 , V     , 8     ,       , -1.000E-001 , -2.386E-001 ,  3.860E-002 , -1.104E-001 , 19.3ch26@16 , -1.089E-001 , 19.4ch27@16 , -1.097E-001 ,  5.054E-004 ,  91.410  ,  85.019 
075:025:12104 , uA    , 8     ,       , -2.000E+001 , -4.772E+001 ,  7.720E+000 , -2.208E+001 , 19.3ch26@16 , -2.178E+001 , 19.4ch27@16 , -2.194E+001 ,  1.010E-001 ,  91.526  ,  85.133 
075:030:12100 ,       , 8     ,       ,  1.000E+000 ,  8.614E-001 ,  1.139E+000 ,  9.079E-001 , 19.1ch26@16 ,  9.085E-001 , 19.4ch27@16 ,  9.082E-001 ,  1.713E-004 ,  100.000 ,  91.043 
075:035:12100 , uA    , 8     ,       ,  0.000E+000 , -2.772E+001 ,  2.772E+001 , -2.160E-001 , 19.4ch27@16 ,  4.996E-002 , 19.3ch26@16 , -7.890E-002 ,  8.998E-002 ,  100.000 ,  100.000
075:005:20000 , O     , 8     ,       ,  5.000E+002 ,  4.998E+002 ,  5.002E+002 ,  5.000E+002 , 19.3ch26@16 ,  5.000E+002 , 19.1ch26@16 ,  5.000E+002 ,  5.931E-003 ,  10.117  ,  9.142  
075:015:20000 , uA    , 8     ,       ,  0.000E+000 , -7.700E-001 ,  7.700E-001 , -2.528E-003 , 19.3ch26@16 , -1.816E-003 , 19.2ch27@16 , -2.097E-003 ,  2.106E-004 ,  100.000 ,  100.000
075:020:20000 , uA    , 8     ,       ,  0.000E+000 , -7.700E-001 ,  7.700E-001 ,  1.251E-004 , 19.1ch26@16 ,  6.667E-004 , 19.4ch26@16 ,  3.312E-004 ,  1.697E-004 ,  100.000 ,  100.000
075:010:20000 , V     , 8     ,       ,  1.000E-001 , -3.860E-002 ,  2.386E-001 ,  1.009E-001 , 19.3ch26@16 ,  1.022E-001 , 19.4ch27@16 ,  1.016E-001 ,  4.410E-004 ,  100.000 ,  100.000
075:025:20000 , mA    , 8     ,       ,  2.000E-001 , -7.720E-002 ,  4.772E-001 ,  2.019E-001 , 19.3ch26@16 ,  2.044E-001 , 19.4ch27@16 ,  2.031E-001 ,  8.815E-004 ,  100.000 ,  100.000
075:010:20001 , V     , 8     ,       ,  2.500E-001 ,  1.114E-001 ,  3.886E-001 ,  2.520E-001 , 19.3ch26@16 ,  2.531E-001 , 19.4ch27@16 ,  2.526E-001 ,  4.110E-004 ,  100.000 ,  100.000
075:025:20001 , mA    , 8     ,       ,  5.000E-001 ,  2.228E-001 ,  7.772E-001 ,  5.040E-001 , 19.3ch26@16 ,  5.063E-001 , 19.4ch27@16 ,  5.051E-001 ,  8.217E-004 ,  100.000 ,  100.000
075:010:20002 , V     , 8     ,       ,  5.000E-001 ,  3.614E-001 ,  6.386E-001 ,  5.036E-001 , 19.3ch26@16 ,  5.050E-001 , 19.3ch27@16 ,  5.043E-001 ,  4.778E-004 ,  96.691  ,  93.702 
075:025:20002 , mA    , 8     ,       ,  1.000E+000 ,  7.228E-001 ,  1.277E+000 ,  1.007E+000 , 19.3ch26@16 ,  1.010E+000 , 19.3ch27@16 ,  1.009E+000 ,  9.559E-004 ,  96.668  ,  93.667 
075:010:20003 , V     , 8     ,       ,  7.500E-001 ,  6.114E-001 ,  8.886E-001 ,  7.558E-001 , 19.3ch26@16 ,  7.575E-001 , 19.3ch27@16 ,  7.566E-001 ,  5.604E-004 ,  82.444  ,  78.497 
075:025:20003 , mA    , 8     ,       ,  1.500E+000 ,  1.223E+000 ,  1.777E+000 ,  1.512E+000 , 19.3ch26@16 ,  1.515E+000 , 19.3ch27@16 ,  1.513E+000 ,  1.121E-003 ,  82.399  ,  78.438 
075:010:20004 , V     , 8     ,       ,  1.000E+000 ,  8.614E-001 ,  1.139E+000 ,  1.008E+000 , 19.3ch26@16 ,  1.010E+000 , 19.3ch27@16 ,  1.009E+000 ,  6.399E-004 ,  72.195  ,  67.417 
075:025:20004 , mA    , 8     ,       ,  2.000E+000 ,  1.723E+000 ,  2.277E+000 ,  2.017E+000 , 19.3ch26@16 ,  2.020E+000 , 19.3ch27@16 ,  2.018E+000 ,  1.280E-003 ,  72.161  ,  67.366 
075:030:20000 ,       , 8     ,       ,  1.000E+000 ,  8.614E-001 ,  1.139E+000 ,  9.909E-001 , 19.2ch27@16 ,  9.922E-001 , 19.4ch26@16 ,  9.916E-001 ,  4.949E-004 ,  93.356  ,  87.693 
075:035:20000 , mA    , 8     ,       ,  0.000E+000 , -2.772E-001 ,  2.772E-001 , -2.138E-003 , 19.4ch27@16 ,  1.499E-004 , 19.3ch26@16 , -8.929E-004 ,  8.074E-004 ,  100.000 ,  100.000
075:005:20100 , O     , 8     ,       ,  5.000E+002 ,  4.998E+002 ,  5.002E+002 ,  5.000E+002 , 19.3ch26@16 ,  5.000E+002 , 19.1ch26@16 ,  5.000E+002 ,  5.931E-003 ,  10.117  ,  9.142  
075:015:20100 , uA    , 8     ,       ,  0.000E+000 , -7.700E-001 ,  7.700E-001 , -2.528E-003 , 19.3ch26@16 , -1.816E-003 , 19.2ch27@16 , -2.097E-003 ,  2.106E-004 ,  100.000 ,  100.000
075:020:20100 , uA    , 8     ,       ,  0.000E+000 , -7.700E-001 ,  7.700E-001 ,  1.251E-004 , 19.1ch26@16 ,  6.667E-004 , 19.4ch26@16 ,  3.312E-004 ,  1.697E-004 ,  100.000 ,  100.000
075:010:20100 , V     , 8     ,       , -1.000E+000 , -1.139E+000 , -8.614E-001 , -1.011E+000 , 19.2ch27@16 , -1.009E+000 , 19.4ch27@16 , -1.010E+000 ,  4.793E-004 ,  96.395  ,  89.410 
075:025:20100 , mA    , 8     ,       , -2.000E+000 , -2.277E+000 , -1.723E+000 , -2.021E+000 , 19.2ch27@16 , -2.019E+000 , 19.4ch27@16 , -2.020E+000 ,  9.643E-004 ,  95.817  ,  88.850 
075:010:20101 , V     , 8     ,       , -7.500E-001 , -8.886E-001 , -6.114E-001 , -7.579E-001 , 19.3ch26@16 , -7.567E-001 , 19.4ch27@16 , -7.574E-001 ,  4.518E-004 ,  100.000 ,  96.797 
075:025:20101 , mA    , 8     ,       , -1.500E+000 , -1.777E+000 , -1.223E+000 , -1.516E+000 , 19.3ch26@16 , -1.513E+000 , 19.4ch27@16 , -1.515E+000 ,  9.077E-004 ,  100.000 ,  96.328 
075:010:20102 , V     , 8     ,       , -5.000E-001 , -6.386E-001 , -3.614E-001 , -5.054E-001 , 19.3ch26@16 , -5.041E-001 , 19.4ch27@16 , -5.048E-001 ,  4.403E-004 ,  100.000 ,  100.000
075:025:20102 , mA    , 8     ,       , -1.000E+000 , -1.277E+000 , -7.228E-001 , -1.011E+000 , 19.3ch26@16 , -1.008E+000 , 19.4ch27@16 , -1.010E+000 ,  8.833E-004 ,  100.000 ,  100.000
075:010:20103 , V     , 8     ,       , -2.500E-001 , -3.886E-001 , -1.114E-001 , -2.528E-001 , 19.3ch26@16 , -2.515E-001 , 19.4ch27@16 , -2.522E-001 ,  4.479E-004 ,  100.000 ,  100.000
075:025:20103 , mA    , 8     ,       , -5.000E-001 , -7.772E-001 , -2.228E-001 , -5.057E-001 , 19.3ch26@16 , -5.030E-001 , 19.4ch27@16 , -5.044E-001 ,  8.970E-004 ,  100.000 ,  100.000
075:010:20104 , V     , 8     ,       , -1.000E-001 , -2.386E-001 ,  3.860E-002 , -1.013E-001 , 19.3ch26@16 , -9.994E-002 , 19.4ch27@16 , -1.006E-001 ,  4.533E-004 ,  100.000 ,  100.000
075:025:20104 , mA    , 8     ,       , -2.000E-001 , -4.772E-001 ,  7.720E-002 , -2.026E-001 , 19.3ch26@16 , -1.999E-001 , 19.4ch27@16 , -2.013E-001 ,  9.070E-004 ,  100.000 ,  100.000
075:030:20100 ,       , 8     ,       ,  1.000E+000 ,  8.614E-001 ,  1.139E+000 ,  9.891E-001 , 19.2ch27@16 ,  9.900E-001 , 19.2ch26@16 ,  9.896E-001 ,  2.785E-004 ,  100.000 ,  100.000
075:035:20100 , mA    , 8     ,       ,  0.000E+000 , -2.772E-001 ,  2.772E-001 , -2.190E-003 , 19.4ch27@16 ,  4.833E-004 , 19.3ch26@16 , -8.227E-004 ,  9.064E-004 ,  100.000 ,  100.000
075:005:21000 , O     , 8     ,       ,  5.000E+002 ,  4.998E+002 ,  5.002E+002 ,  5.000E+002 , 19.3ch26@16 ,  5.000E+002 , 19.1ch26@16 ,  5.000E+002 ,  5.931E-003 ,  10.117  ,  9.142  
075:015:21000 , uA    , 8     ,       ,  0.000E+000 , -7.700E-001 ,  7.700E-001 , -2.528E-003 , 19.3ch26@16 , -1.816E-003 , 19.2ch27@16 , -2.097E-003 ,  2.106E-004 ,  100.000 ,  100.000
075:020:21000 , uA    , 8     ,       ,  0.000E+000 , -7.700E-001 ,  7.700E-001 ,  1.251E-004 , 19.1ch26@16 ,  6.667E-004 , 19.4ch26@16 ,  3.312E-004 ,  1.697E-004 ,  100.000 ,  100.000
075:010:21000 , V     , 8     ,       ,  1.000E-001 , -3.860E-002 ,  2.386E-001 ,  1.009E-001 , 19.3ch26@16 ,  1.022E-001 , 19.4ch27@16 ,  1.015E-001 ,  4.396E-004 ,  100.000 ,  100.000
075:025:21000 , mA    , 8     ,       ,  2.000E-001 , -7.720E-002 ,  4.772E-001 ,  2.018E-001 , 19.3ch26@16 ,  2.044E-001 , 19.4ch27@16 ,  2.031E-001 ,  8.787E-004 ,  100.000 ,  100.000
075:010:21001 , V     , 8     ,       ,  2.500E-001 ,  1.114E-001 ,  3.886E-001 ,  2.519E-001 , 19.3ch26@16 ,  2.531E-001 , 19.4ch27@16 ,  2.525E-001 ,  4.164E-004 ,  100.000 ,  100.000
075:025:21001 , mA    , 8     ,       ,  5.000E-001 ,  2.228E-001 ,  7.772E-001 ,  5.039E-001 , 19.3ch26@16 ,  5.062E-001 , 19.4ch27@16 ,  5.051E-001 ,  8.325E-004 ,  100.000 ,  100.000
075:010:21002 , V     , 8     ,       ,  5.000E-001 ,  3.614E-001 ,  6.386E-001 ,  5.035E-001 , 19.3ch26@16 ,  5.050E-001 , 19.3ch27@16 ,  5.043E-001 ,  4.777E-004 ,  96.714  ,  93.739 
075:025:21002 , mA    , 8     ,       ,  1.000E+000 ,  7.228E-001 ,  1.277E+000 ,  1.007E+000 , 19.3ch26@16 ,  1.010E+000 , 19.3ch27@16 ,  1.009E+000 ,  9.557E-004 ,  96.684  ,  93.697 
075:010:21003 , V     , 8     ,       ,  7.500E-001 ,  6.114E-001 ,  8.886E-001 ,  7.558E-001 , 19.3ch26@16 ,  7.575E-001 , 19.3ch27@16 ,  7.566E-001 ,  5.630E-004 ,  82.065  ,  78.151 
075:025:21003 , mA    , 8     ,       ,  1.500E+000 ,  1.223E+000 ,  1.777E+000 ,  1.512E+000 , 19.3ch26@16 ,  1.515E+000 , 19.3ch27@16 ,  1.513E+000 ,  1.127E-003 ,  82.022  ,  78.094 
075:010:21004 , V     , 8     ,       ,  1.000E+000 ,  8.614E-001 ,  1.139E+000 ,  1.008E+000 , 19.3ch26@16 ,  1.010E+000 , 19.3ch27@16 ,  1.009E+000 ,  6.385E-004 ,  72.360  ,  67.580 
075:025:21004 , mA    , 8     ,       ,  2.000E+000 ,  1.723E+000 ,  2.277E+000 ,  2.016E+000 , 19.3ch26@16 ,  2.020E+000 , 19.3ch27@16 ,  2.018E+000 ,  1.278E-003 ,  72.326  ,  67.530 
075:030:21000 ,       , 8     ,       ,  1.000E+000 ,  8.614E-001 ,  1.139E+000 ,  9.909E-001 , 19.2ch27@16 ,  9.921E-001 , 19.4ch26@16 ,  9.916E-001 ,  4.944E-004 ,  93.444  ,  87.771 
075:035:21000 , mA    , 8     ,       ,  0.000E+000 , -2.772E-001 ,  2.772E-001 , -2.091E-003 , 19.4ch27@16 ,  2.019E-004 , 19.3ch26@16 , -8.407E-004 ,  8.119E-004 ,  100.000 ,  100.000
075:005:21100 , O     , 8     ,       ,  5.000E+002 ,  4.998E+002 ,  5.002E+002 ,  5.000E+002 , 19.3ch26@16 ,  5.000E+002 , 19.1ch26@16 ,  5.000E+002 ,  5.931E-003 ,  10.117  ,  9.142  
075:015:21100 , uA    , 8     ,       ,  0.000E+000 , -7.700E-001 ,  7.700E-001 , -2.528E-003 , 19.3ch26@16 , -1.816E-003 , 19.2ch27@16 , -2.097E-003 ,  2.106E-004 ,  100.000 ,  100.000
075:020:21100 , uA    , 8     ,       ,  0.000E+000 , -7.700E-001 ,  7.700E-001 ,  1.251E-004 , 19.1ch26@16 ,  6.667E-004 , 19.4ch26@16 ,  3.312E-004 ,  1.697E-004 ,  100.000 ,  100.000
075:010:21100 , V     , 8     ,       , -1.000E+000 , -1.139E+000 , -8.614E-001 , -1.011E+000 , 19.2ch27@16 , -1.009E+000 , 19.4ch27@16 , -1.010E+000 ,  4.748E-004 ,  97.302  ,  90.235 
075:025:21100 , mA    , 8     ,       , -2.000E+000 , -2.277E+000 , -1.723E+000 , -2.021E+000 , 19.2ch27@16 , -2.019E+000 , 19.4ch27@16 , -2.020E+000 ,  9.553E-004 ,  96.722  ,  89.673 
075:010:21101 , V     , 8     ,       , -7.500E-001 , -8.886E-001 , -6.114E-001 , -7.580E-001 , 19.3ch26@16 , -7.567E-001 , 19.4ch27@16 , -7.574E-001 ,  4.532E-004 ,  100.000 ,  96.477 
075:025:21101 , mA    , 8     ,       , -1.500E+000 , -1.777E+000 , -1.223E+000 , -1.516E+000 , 19.3ch26@16 , -1.513E+000 , 19.4ch27@16 , -1.515E+000 ,  9.106E-004 ,  100.000 ,  96.010 
075:010:21102 , V     , 8     ,       , -5.000E-001 , -6.386E-001 , -3.614E-001 , -5.054E-001 , 19.3ch26@16 , -5.041E-001 , 19.4ch27@16 , -5.048E-001 ,  4.382E-004 ,  100.000 ,  100.000
075:025:21102 , mA    , 8     ,       , -1.000E+000 , -1.277E+000 , -7.228E-001 , -1.011E+000 , 19.3ch26@16 , -1.008E+000 , 19.4ch27@16 , -1.010E+000 ,  8.792E-004 ,  100.000 ,  100.000
075:010:21103 , V     , 8     ,       , -2.500E-001 , -3.886E-001 , -1.114E-001 , -2.528E-001 , 19.3ch26@16 , -2.515E-001 , 19.4ch27@16 , -2.522E-001 ,  4.422E-004 ,  100.000 ,  100.000
075:025:21103 , mA    , 8     ,       , -5.000E-001 , -7.772E-001 , -2.228E-001 , -5.057E-001 , 19.3ch26@16 , -5.031E-001 , 19.4ch27@16 , -5.045E-001 ,  8.858E-004 ,  100.000 ,  100.000
075:010:21104 , V     , 8     ,       , -1.000E-001 , -2.386E-001 ,  3.860E-002 , -1.013E-001 , 19.3ch26@16 , -9.997E-002 , 19.4ch27@16 , -1.007E-001 ,  4.504E-004 ,  100.000 ,  100.000
075:025:21104 , mA    , 8     ,       , -2.000E-001 , -4.772E-001 ,  7.720E-002 , -2.026E-001 , 19.3ch26@16 , -1.999E-001 , 19.4ch27@16 , -2.013E-001 ,  9.013E-004 ,  100.000 ,  100.000
075:030:21100 ,       , 8     ,       ,  1.000E+000 ,  8.614E-001 ,  1.139E+000 ,  9.891E-001 , 19.2ch27@16 ,  9.900E-001 , 19.2ch26@16 ,  9.896E-001 ,  2.736E-004 ,  100.000 ,  100.000
075:035:21100 , mA    , 8     ,       ,  0.000E+000 , -2.772E-001 ,  2.772E-001 , -2.126E-003 , 19.4ch27@16 ,  5.190E-004 , 19.3ch26@16 , -7.719E-004 ,  8.981E-004 ,  100.000 ,  100.000
075:005:22000 , O     , 8     ,       ,  5.000E+002 ,  4.998E+002 ,  5.002E+002 ,  5.000E+002 , 19.3ch26@16 ,  5.000E+002 , 19.1ch26@16 ,  5.000E+002 ,  5.931E-003 ,  10.117  ,  9.142  
075:015:22000 , uA    , 8     ,       ,  0.000E+000 , -7.700E-001 ,  7.700E-001 , -2.528E-003 , 19.3ch26@16 , -1.816E-003 , 19.2ch27@16 , -2.097E-003 ,  2.106E-004 ,  100.000 ,  100.000
075:020:22000 , uA    , 8     ,       ,  0.000E+000 , -7.700E-001 ,  7.700E-001 ,  1.251E-004 , 19.1ch26@16 ,  6.667E-004 , 19.4ch26@16 ,  3.312E-004 ,  1.697E-004 ,  100.000 ,  100.000
075:010:22000 , V     , 8     ,       ,  1.000E-001 , -3.860E-002 ,  2.386E-001 ,  1.009E-001 , 19.3ch26@16 ,  1.022E-001 , 19.4ch27@16 ,  1.015E-001 ,  4.375E-004 ,  100.000 ,  100.000
075:025:22000 , mA    , 8     ,       ,  2.000E-001 , -7.720E-002 ,  4.772E-001 ,  2.019E-001 , 19.3ch26@16 ,  2.043E-001 , 19.4ch27@16 ,  2.031E-001 ,  8.745E-004 ,  100.000 ,  100.000
075:010:22001 , V     , 8     ,       ,  2.500E-001 ,  1.114E-001 ,  3.886E-001 ,  2.520E-001 , 19.3ch26@16 ,  2.531E-001 , 19.4ch27@16 ,  2.525E-001 ,  4.125E-004 ,  100.000 ,  100.000
075:025:22001 , mA    , 8     ,       ,  5.000E-001 ,  2.228E-001 ,  7.772E-001 ,  5.039E-001 , 19.3ch26@16 ,  5.062E-001 , 19.4ch27@16 ,  5.051E-001 ,  8.247E-004 ,  100.000 ,  100.000
075:010:22002 , V     , 8     ,       ,  5.000E-001 ,  3.614E-001 ,  6.386E-001 ,  5.036E-001 , 19.3ch26@16 ,  5.050E-001 , 19.3ch27@16 ,  5.043E-001 ,  4.753E-004 ,  97.203  ,  94.215 
075:025:22002 , mA    , 8     ,       ,  1.000E+000 ,  7.228E-001 ,  1.277E+000 ,  1.007E+000 , 19.3ch26@16 ,  1.010E+000 , 19.3ch27@16 ,  1.009E+000 ,  9.509E-004 ,  97.169  ,  94.169 
075:010:22003 , V     , 8     ,       ,  7.500E-001 ,  6.114E-001 ,  8.886E-001 ,  7.558E-001 , 19.3ch26@16 ,  7.575E-001 , 19.3ch27@16 ,  7.566E-001 ,  5.611E-004 ,  82.340  ,  78.414 
075:025:22003 , mA    , 8     ,       ,  1.500E+000 ,  1.223E+000 ,  1.777E+000 ,  1.512E+000 , 19.3ch26@16 ,  1.515E+000 , 19.3ch27@16 ,  1.513E+000 ,  1.123E-003 ,  82.299  ,  78.359 
075:010:22004 , V     , 8     ,       ,  1.000E+000 ,  8.614E-001 ,  1.139E+000 ,  1.008E+000 , 19.3ch26@16 ,  1.010E+000 , 19.3ch27@16 ,  1.009E+000 ,  6.413E-004 ,  72.039  ,  67.283 
075:025:22004 , mA    , 8     ,       ,  2.000E+000 ,  1.723E+000 ,  2.277E+000 ,  2.016E+000 , 19.3ch26@16 ,  2.020E+000 , 19.3ch27@16 ,  2.018E+000 ,  1.283E-003 ,  72.004  ,  67.232 
075:030:22000 ,       , 8     ,       ,  1.000E+000 ,  8.614E-001 ,  1.139E+000 ,  9.909E-001 , 19.2ch27@16 ,  9.922E-001 , 19.4ch26@16 ,  9.916E-001 ,  4.974E-004 ,  92.886  ,  87.253 
075:035:22000 , mA    , 8     ,       ,  0.000E+000 , -2.772E-001 ,  2.772E-001 , -2.080E-003 , 19.4ch27@16 ,  1.687E-004 , 19.3ch26@16 , -8.495E-004 ,  8.052E-004 ,  100.000 ,  100.000
075:005:22100 , O     , 8     ,       ,  5.000E+002 ,  4.998E+002 ,  5.002E+002 ,  5.000E+002 , 19.3ch26@16 ,  5.000E+002 , 19.1ch26@16 ,  5.000E+002 ,  5.931E-003 ,  10.117  ,  9.142  
075:015:22100 , uA    , 8     ,       ,  0.000E+000 , -7.700E-001 ,  7.700E-001 , -2.528E-003 , 19.3ch26@16 , -1.816E-003 , 19.2ch27@16 , -2.097E-003 ,  2.106E-004 ,  100.000 ,  100.000
075:020:22100 , uA    , 8     ,       ,  0.000E+000 , -7.700E-001 ,  7.700E-001 ,  1.251E-004 , 19.1ch26@16 ,  6.667E-004 , 19.4ch26@16 ,  3.312E-004 ,  1.697E-004 ,  100.000 ,  100.000
075:010:22100 , V     , 8     ,       , -1.000E+000 , -1.139E+000 , -8.614E-001 , -1.011E+000 , 19.2ch27@16 , -1.009E+000 , 19.4ch27@16 , -1.010E+000 ,  4.784E-004 ,  96.564  ,  89.550 
075:025:22100 , mA    , 8     ,       , -2.000E+000 , -2.277E+000 , -1.723E+000 , -2.021E+000 , 19.2ch27@16 , -2.019E+000 , 19.4ch27@16 , -2.020E+000 ,  9.627E-004 ,  95.982  ,  88.986 
075:010:22101 , V     , 8     ,       , -7.500E-001 , -8.886E-001 , -6.114E-001 , -7.580E-001 , 19.3ch26@16 , -7.567E-001 , 19.4ch27@16 , -7.574E-001 ,  4.491E-004 ,  100.000 ,  97.351 
075:025:22101 , mA    , 8     ,       , -1.500E+000 , -1.777E+000 , -1.223E+000 , -1.516E+000 , 19.3ch26@16 , -1.513E+000 , 19.4ch27@16 , -1.515E+000 ,  9.024E-004 ,  100.000 ,  96.882 
075:010:22102 , V     , 8     ,       , -5.000E-001 , -6.386E-001 , -3.614E-001 , -5.054E-001 , 19.3ch26@16 , -5.041E-001 , 19.4ch27@16 , -5.048E-001 ,  4.380E-004 ,  100.000 ,  100.000
075:025:22102 , mA    , 8     ,       , -1.000E+000 , -1.277E+000 , -7.228E-001 , -1.011E+000 , 19.3ch26@16 , -1.008E+000 , 19.4ch27@16 , -1.010E+000 ,  8.788E-004 ,  100.000 ,  100.000
075:010:22103 , V     , 8     ,       , -2.500E-001 , -3.886E-001 , -1.114E-001 , -2.528E-001 , 19.3ch26@16 , -2.515E-001 , 19.4ch27@16 , -2.522E-001 ,  4.443E-004 ,  100.000 ,  100.000
075:025:22103 , mA    , 8     ,       , -5.000E-001 , -7.772E-001 , -2.228E-001 , -5.057E-001 , 19.3ch26@16 , -5.031E-001 , 19.4ch27@16 , -5.045E-001 ,  8.898E-004 ,  100.000 ,  100.000
075:010:22104 , V     , 8     ,       , -1.000E-001 , -2.386E-001 ,  3.860E-002 , -1.013E-001 , 19.3ch26@16 , -9.997E-002 , 19.4ch27@16 , -1.007E-001 ,  4.478E-004 ,  100.000 ,  100.000
075:025:22104 , mA    , 8     ,       , -2.000E-001 , -4.772E-001 ,  7.720E-002 , -2.026E-001 , 19.3ch26@16 , -1.999E-001 , 19.4ch27@16 , -2.013E-001 ,  8.961E-004 ,  100.000 ,  100.000
075:030:22100 ,       , 8     ,       ,  1.000E+000 ,  8.614E-001 ,  1.139E+000 ,  9.891E-001 , 19.2ch27@16 ,  9.900E-001 , 19.2ch26@16 ,  9.896E-001 ,  2.742E-004 ,  100.000 ,  100.000
075:035:22100 , mA    , 8     ,       ,  0.000E+000 , -2.772E-001 ,  2.772E-001 , -2.126E-003 , 19.4ch27@16 ,  5.190E-004 , 19.3ch26@16 , -7.680E-004 ,  8.954E-004 ,  100.000 ,  100.000
075:005:30000 , O     , 8     ,       ,  5.000E+001 ,  4.996E+001 ,  5.005E+001 ,  4.998E+001 , 19.3ch26@16 ,  4.999E+001 , 19.4ch26@16 ,  4.998E+001 ,  5.527E-003 ,  2.714   ,  1.640  
075:015:30000 , uA    , 8     ,       ,  0.000E+000 , -7.700E-001 ,  7.700E-001 , -2.528E-003 , 19.3ch26@16 , -1.816E-003 , 19.2ch27@16 , -2.097E-003 ,  2.106E-004 ,  100.000 ,  100.000
075:020:30000 , uA    , 8     ,       ,  0.000E+000 , -7.700E-001 ,  7.700E-001 ,  1.251E-004 , 19.1ch26@16 ,  6.667E-004 , 19.4ch26@16 ,  3.312E-004 ,  1.697E-004 ,  100.000 ,  100.000
075:010:30000 , V     , 8     ,       ,  1.000E-001 , -3.860E-002 ,  2.386E-001 ,  9.861E-002 , 19.2ch26@16 ,  1.012E-001 , 19.4ch27@16 ,  9.991E-002 ,  1.026E-003 ,  45.040  ,  45.009 
075:025:30000 , mA    , 8     ,       ,  2.000E+000 , -7.720E-001 ,  4.772E+000 ,  1.973E+000 , 19.2ch26@16 ,  2.025E+000 , 19.4ch27@16 ,  1.999E+000 ,  2.048E-002 ,  45.126  ,  45.107 
075:010:30001 , V     , 8     ,       ,  2.500E-001 ,  1.114E-001 ,  3.886E-001 ,  2.461E-001 , 19.2ch26@16 ,  2.508E-001 , 19.4ch27@16 ,  2.484E-001 ,  2.133E-003 ,  21.662  ,  21.419 
075:025:30001 , mA    , 8     ,       ,  5.000E+000 ,  2.228E+000 ,  7.772E+000 ,  4.923E+000 , 19.2ch26@16 ,  5.017E+000 , 19.3ch27@16 ,  4.971E+000 ,  4.263E-002 ,  21.674  ,  21.445 
075:010:30002 , V     , 8     ,       ,  5.000E-001 ,  3.614E-001 ,  6.386E-001 ,  4.918E-001 , 19.2ch26@16 ,  5.003E-001 , 19.3ch27@16 ,  4.961E-001 ,  4.072E-003 ,  11.345  ,  11.024 
075:025:30002 , mA    , 8     ,       ,  1.000E+001 ,  7.228E+000 ,  1.277E+001 ,  9.840E+000 , 19.2ch26@16 ,  1.001E+001 , 19.3ch27@16 ,  9.925E+000 ,  8.146E-002 ,  11.343  ,  11.037 
075:010:30003 , V     , 8     ,       ,  7.500E-001 ,  6.114E-001 ,  8.886E-001 ,  7.381E-001 , 19.2ch26@16 ,  7.505E-001 , 19.3ch27@16 ,  7.443E-001 ,  6.024E-003 ,  7.669   ,  7.355  
075:025:30003 , mA    , 8     ,       ,  1.500E+001 ,  1.223E+001 ,  1.777E+001 ,  1.477E+001 , 19.2ch26@16 ,  1.502E+001 , 19.3ch27@16 ,  1.489E+001 ,  1.205E-001 ,  7.667   ,  7.368  
075:010:30004 , V     , 8     ,       ,  1.000E+000 ,  8.614E-001 ,  1.139E+000 ,  9.845E-001 , 19.2ch26@16 ,  1.001E+000 , 19.3ch27@16 ,  9.927E-001 ,  7.971E-003 ,  5.796   ,  5.493  
075:025:30004 , mA    , 8     ,       ,  2.000E+001 ,  1.723E+001 ,  2.277E+001 ,  1.970E+001 , 19.2ch26@16 ,  2.003E+001 , 19.3ch27@16 ,  1.986E+001 ,  1.595E-001 ,  5.794   ,  5.506  
075:030:30000 ,       , 8     ,       ,  1.000E+000 ,  8.614E-001 ,  1.139E+000 ,  9.998E-001 , 19.3ch27@16 ,  1.016E+000 , 19.1ch26@16 ,  1.008E+000 ,  7.929E-003 ,  5.827   ,  5.502  
075:035:30000 , mA    , 8     ,       ,  0.000E+000 , -2.772E+000 ,  2.772E+000 , -2.138E-002 , 19.4ch27@16 ,  1.260E-003 , 19.3ch26@16 , -8.995E-003 ,  8.014E-003 ,  100.000 ,  100.000
075:005:30100 , O     , 8     ,       ,  5.000E+001 ,  4.996E+001 ,  5.005E+001 ,  4.998E+001 , 19.3ch26@16 ,  4.999E+001 , 19.4ch26@16 ,  4.998E+001 ,  5.527E-003 ,  2.714   ,  1.640  
075:015:30100 , uA    , 8     ,       ,  0.000E+000 , -7.700E-001 ,  7.700E-001 , -2.528E-003 , 19.3ch26@16 , -1.816E-003 , 19.2ch27@16 , -2.097E-003 ,  2.106E-004 ,  100.000 ,  100.000
075:020:30100 , uA    , 8     ,       ,  0.000E+000 , -7.700E-001 ,  7.700E-001 ,  1.251E-004 , 19.1ch26@16 ,  6.667E-004 , 19.4ch26@16 ,  3.312E-004 ,  1.697E-004 ,  100.000 ,  100.000
075:010:30100 , V     , 8     ,       , -1.000E+000 , -1.139E+000 , -8.614E-001 , -1.001E+000 , 19.2ch27@16 , -9.857E-001 , 19.1ch26@16 , -9.936E-001 ,  7.492E-003 ,  6.166   ,  5.881  
075:025:30100 , mA    , 8     ,       , -2.000E+001 , -2.277E+001 , -1.723E+001 , -2.003E+001 , 19.2ch27@16 , -1.972E+001 , 19.1ch26@16 , -1.988E+001 ,  1.500E-001 ,  6.161   ,  5.891  
075:010:30101 , V     , 8     ,       , -7.500E-001 , -8.886E-001 , -6.114E-001 , -7.506E-001 , 19.1ch27@16 , -7.391E-001 , 19.1ch26@16 , -7.451E-001 ,  5.573E-003 ,  8.290   ,  7.996  
075:025:30101 , mA    , 8     ,       , -1.500E+001 , -1.777E+001 , -1.223E+001 , -1.502E+001 , 19.2ch27@16 , -1.479E+001 , 19.1ch26@16 , -1.491E+001 ,  1.116E-001 ,  8.281   ,  8.003  
075:010:30102 , V     , 8     ,       , -5.000E-001 , -6.386E-001 , -3.614E-001 , -5.004E-001 , 19.1ch27@16 , -4.925E-001 , 19.1ch26@16 , -4.966E-001 ,  3.665E-003 ,  12.605  ,  12.294 
075:025:30102 , mA    , 8     ,       , -1.000E+001 , -1.277E+001 , -7.228E+000 , -1.001E+001 , 19.1ch27@16 , -9.853E+000 , 19.1ch26@16 , -9.935E+000 ,  7.340E-002 ,  12.588  ,  12.294 
075:010:30103 , V     , 8     ,       , -2.500E-001 , -3.886E-001 , -1.114E-001 , -2.501E-001 , 19.1ch27@16 , -2.459E-001 , 19.1ch26@16 , -2.481E-001 ,  1.765E-003 ,  26.177  ,  25.815 
075:025:30103 , mA    , 8     ,       , -5.000E+000 , -7.772E+000 , -2.228E+000 , -5.004E+000 , 19.1ch27@16 , -4.919E+000 , 19.1ch26@16 , -4.963E+000 ,  3.538E-002 ,  26.113  ,  25.769 
075:010:30104 , V     , 8     ,       , -1.000E-001 , -2.386E-001 ,  3.860E-002 , -9.994E-002 , 19.1ch27@16 , -9.791E-002 , 19.1ch26@16 , -9.899E-002 ,  6.999E-004 ,  66.010  ,  65.532 
075:025:30104 , mA    , 8     ,       , -2.000E+000 , -4.772E+000 ,  7.720E-001 , -1.999E+000 , 19.1ch27@16 , -1.959E+000 , 19.1ch26@16 , -1.981E+000 ,  1.407E-002 ,  65.653  ,  65.194 
075:030:30100 ,       , 8     ,       ,  1.000E+000 ,  8.614E-001 ,  1.139E+000 ,  9.983E-001 , 19.3ch27@16 ,  1.014E+000 , 19.2ch26@16 ,  1.006E+000 ,  7.772E-003 ,  5.945   ,  5.699  
075:035:30100 , mA    , 8     ,       ,  0.000E+000 , -2.772E+000 ,  2.772E+000 , -2.193E-002 , 19.4ch27@16 ,  4.754E-003 , 19.3ch26@16 , -8.214E-003 ,  9.021E-003 ,  100.000 ,  100.000
075:005:31000 , O     , 8     ,       ,  5.000E+001 ,  4.996E+001 ,  5.005E+001 ,  4.998E+001 , 19.3ch26@16 ,  4.999E+001 , 19.4ch26@16 ,  4.998E+001 ,  5.527E-003 ,  2.714   ,  1.640  
075:015:31000 , uA    , 8     ,       ,  0.000E+000 , -7.700E-001 ,  7.700E-001 , -2.528E-003 , 19.3ch26@16 , -1.816E-003 , 19.2ch27@16 , -2.097E-003 ,  2.106E-004 ,  100.000 ,  100.000
075:020:31000 , uA    , 8     ,       ,  0.000E+000 , -7.700E-001 ,  7.700E-001 ,  1.251E-004 , 19.1ch26@16 ,  6.667E-004 , 19.4ch26@16 ,  3.312E-004 ,  1.697E-004 ,  100.000 ,  100.000
075:010:31000 , V     , 8     ,       ,  1.000E-001 , -3.860E-002 ,  2.386E-001 ,  9.858E-002 , 19.2ch26@16 ,  1.012E-001 , 19.4ch27@16 ,  9.988E-002 ,  1.028E-003 ,  44.944  ,  44.907 
075:025:31000 , mA    , 8     ,       ,  2.000E+000 , -7.720E-001 ,  4.772E+000 ,  1.972E+000 , 19.2ch26@16 ,  2.025E+000 , 19.4ch27@16 ,  1.998E+000 ,  2.052E-002 ,  45.028  ,  45.002 
075:010:31001 , V     , 8     ,       ,  2.500E-001 ,  1.114E-001 ,  3.886E-001 ,  2.460E-001 , 19.2ch26@16 ,  2.507E-001 , 19.4ch27@16 ,  2.484E-001 ,  2.135E-003 ,  21.635  ,  21.389 
075:025:31001 , mA    , 8     ,       ,  5.000E+000 ,  2.228E+000 ,  7.772E+000 ,  4.923E+000 , 19.2ch26@16 ,  5.017E+000 , 19.3ch27@16 ,  4.970E+000 ,  4.268E-002 ,  21.647  ,  21.415 
075:010:31002 , V     , 8     ,       ,  5.000E-001 ,  3.614E-001 ,  6.386E-001 ,  4.918E-001 , 19.2ch26@16 ,  5.003E-001 , 19.3ch27@16 ,  4.961E-001 ,  4.076E-003 ,  11.335  ,  11.012 
075:025:31002 , mA    , 8     ,       ,  1.000E+001 ,  7.228E+000 ,  1.277E+001 ,  9.840E+000 , 19.2ch26@16 ,  1.001E+001 , 19.3ch27@16 ,  9.925E+000 ,  8.153E-002 ,  11.333  ,  11.025 
075:010:31003 , V     , 8     ,       ,  7.500E-001 ,  6.114E-001 ,  8.886E-001 ,  7.381E-001 , 19.2ch26@16 ,  7.505E-001 , 19.3ch27@16 ,  7.443E-001 ,  6.023E-003 ,  7.670   ,  7.355  
075:025:31003 , mA    , 8     ,       ,  1.500E+001 ,  1.223E+001 ,  1.777E+001 ,  1.477E+001 , 19.2ch26@16 ,  1.502E+001 , 19.3ch27@16 ,  1.489E+001 ,  1.205E-001 ,  7.668   ,  7.367  
075:010:31004 , V     , 8     ,       ,  1.000E+000 ,  8.614E-001 ,  1.139E+000 ,  9.845E-001 , 19.2ch26@16 ,  1.001E+000 , 19.3ch27@16 ,  9.927E-001 ,  7.969E-003 ,  5.797   ,  5.493  
075:025:31004 , mA    , 8     ,       ,  2.000E+001 ,  1.723E+001 ,  2.277E+001 ,  1.970E+001 , 19.2ch26@16 ,  2.002E+001 , 19.3ch27@16 ,  1.986E+001 ,  1.594E-001 ,  5.795   ,  5.506  
075:030:31000 ,       , 8     ,       ,  1.000E+000 ,  8.614E-001 ,  1.139E+000 ,  9.998E-001 , 19.3ch27@16 ,  1.016E+000 , 19.1ch26@16 ,  1.008E+000 ,  7.924E-003 ,  5.831   ,  5.505  
075:035:31000 , mA    , 8     ,       ,  0.000E+000 , -2.772E+000 ,  2.772E+000 , -2.096E-002 , 19.4ch27@16 ,  1.851E-003 , 19.3ch26@16 , -8.569E-003 ,  8.081E-003 ,  100.000 ,  100.000
075:005:31100 , O     , 8     ,       ,  5.000E+001 ,  4.996E+001 ,  5.005E+001 ,  4.998E+001 , 19.3ch26@16 ,  4.999E+001 , 19.4ch26@16 ,  4.998E+001 ,  5.527E-003 ,  2.714   ,  1.640  
075:015:31100 , uA    , 8     ,       ,  0.000E+000 , -7.700E-001 ,  7.700E-001 , -2.528E-003 , 19.3ch26@16 , -1.816E-003 , 19.2ch27@16 , -2.097E-003 ,  2.106E-004 ,  100.000 ,  100.000
075:020:31100 , uA    , 8     ,       ,  0.000E+000 , -7.700E-001 ,  7.700E-001 ,  1.251E-004 , 19.1ch26@16 ,  6.667E-004 , 19.4ch26@16 ,  3.312E-004 ,  1.697E-004 ,  100.000 ,  100.000
075:010:31100 , V     , 8     ,       , -1.000E+000 , -1.139E+000 , -8.614E-001 , -1.001E+000 , 19.2ch27@16 , -9.857E-001 , 19.1ch26@16 , -9.936E-001 ,  7.491E-003 ,  6.168   ,  5.883  
075:025:31100 , mA    , 8     ,       , -2.000E+001 , -2.277E+001 , -1.723E+001 , -2.003E+001 , 19.2ch27@16 , -1.972E+001 , 19.1ch26@16 , -1.988E+001 ,  1.499E-001 ,  6.162   ,  5.894  
075:010:31101 , V     , 8     ,       , -7.500E-001 , -8.886E-001 , -6.114E-001 , -7.507E-001 , 19.1ch27@16 , -7.391E-001 , 19.1ch26@16 , -7.451E-001 ,  5.573E-003 ,  8.291   ,  7.998  
075:025:31101 , mA    , 8     ,       , -1.500E+001 , -1.777E+001 , -1.223E+001 , -1.502E+001 , 19.2ch27@16 , -1.479E+001 , 19.1ch26@16 , -1.491E+001 ,  1.116E-001 ,  8.282   ,  8.005  
075:010:31102 , V     , 8     ,       , -5.000E-001 , -6.386E-001 , -3.614E-001 , -5.004E-001 , 19.1ch27@16 , -4.925E-001 , 19.1ch26@16 , -4.966E-001 ,  3.667E-003 ,  12.598  ,  12.289 
075:025:31102 , mA    , 8     ,       , -1.000E+001 , -1.277E+001 , -7.228E+000 , -1.001E+001 , 19.1ch27@16 , -9.853E+000 , 19.1ch26@16 , -9.936E+000 ,  7.345E-002 ,  12.581  ,  12.289 
075:010:31103 , V     , 8     ,       , -2.500E-001 , -3.886E-001 , -1.114E-001 , -2.501E-001 , 19.1ch27@16 , -2.459E-001 , 19.1ch26@16 , -2.481E-001 ,  1.766E-003 ,  26.163  ,  25.806 
075:025:31103 , mA    , 8     ,       , -5.000E+000 , -7.772E+000 , -2.228E+000 , -5.004E+000 , 19.1ch27@16 , -4.919E+000 , 19.1ch26@16 , -4.964E+000 ,  3.540E-002 ,  26.100  ,  25.761 
075:010:31104 , V     , 8     ,       , -1.000E-001 , -2.386E-001 ,  3.860E-002 , -9.997E-002 , 19.1ch27@16 , -9.793E-002 , 19.1ch26@16 , -9.902E-002 ,  7.002E-004 ,  65.982  ,  65.516 
075:025:31104 , mA    , 8     ,       , -2.000E+000 , -4.772E+000 ,  7.720E-001 , -2.000E+000 , 19.1ch27@16 , -1.959E+000 , 19.1ch26@16 , -1.981E+000 ,  1.408E-002 ,  65.627  ,  65.180 
075:030:31100 ,       , 8     ,       ,  1.000E+000 ,  8.614E-001 ,  1.139E+000 ,  9.983E-001 , 19.3ch27@16 ,  1.014E+000 , 19.2ch26@16 ,  1.006E+000 ,  7.768E-003 ,  5.947   ,  5.701  
075:035:31100 , mA    , 8     ,       ,  0.000E+000 , -2.772E+000 ,  2.772E+000 , -2.129E-002 , 19.4ch27@16 ,  5.148E-003 , 19.3ch26@16 , -7.708E-003 ,  8.976E-003 ,  100.000 ,  100.000
075:005:32000 , O     , 8     ,       ,  5.000E+001 ,  4.996E+001 ,  5.005E+001 ,  4.998E+001 , 19.3ch26@16 ,  4.999E+001 , 19.4ch26@16 ,  4.998E+001 ,  5.527E-003 ,  2.714   ,  1.640  
075:015:32000 , uA    , 8     ,       ,  0.000E+000 , -7.700E-001 ,  7.700E-001 , -2.528E-003 , 19.3ch26@16 , -1.816E-003 , 19.2ch27@16 , -2.097E-003 ,  2.106E-004 ,  100.000 ,  100.000
075:020:32000 , uA    , 8     ,       ,  0.000E+000 , -7.700E-001 ,  7.700E-001 ,  1.251E-004 , 19.1ch26@16 ,  6.667E-004 , 19.4ch26@16 ,  3.312E-004 ,  1.697E-004 ,  100.000 ,  100.000
075:010:32000 , V     , 8     ,       ,  1.000E-001 , -3.860E-002 ,  2.386E-001 ,  9.858E-002 , 19.2ch26@16 ,  1.012E-001 , 19.4ch27@16 ,  9.988E-002 ,  1.028E-003 ,  44.935  ,  44.896 
075:025:32000 , mA    , 8     ,       ,  2.000E+000 , -7.720E-001 ,  4.772E+000 ,  1.972E+000 , 19.2ch26@16 ,  2.025E+000 , 19.4ch27@16 ,  1.998E+000 ,  2.052E-002 ,  45.019  ,  44.993 
075:010:32001 , V     , 8     ,       ,  2.500E-001 ,  1.114E-001 ,  3.886E-001 ,  2.460E-001 , 19.2ch26@16 ,  2.507E-001 , 19.4ch27@16 ,  2.484E-001 ,  2.133E-003 ,  21.660  ,  21.414 
075:025:32001 , mA    , 8     ,       ,  5.000E+000 ,  2.228E+000 ,  7.772E+000 ,  4.923E+000 , 19.2ch26@16 ,  5.017E+000 , 19.3ch27@16 ,  4.970E+000 ,  4.264E-002 ,  21.672  ,  21.440 
075:010:32002 , V     , 8     ,       ,  5.000E-001 ,  3.614E-001 ,  6.386E-001 ,  4.918E-001 , 19.2ch26@16 ,  5.003E-001 , 19.3ch27@16 ,  4.961E-001 ,  4.075E-003 ,  11.338  ,  11.016 
075:025:32002 , mA    , 8     ,       ,  1.000E+001 ,  7.228E+000 ,  1.277E+001 ,  9.840E+000 , 19.2ch26@16 ,  1.001E+001 , 19.3ch27@16 ,  9.925E+000 ,  8.151E-002 ,  11.336  ,  11.028 
075:010:32003 , V     , 8     ,       ,  7.500E-001 ,  6.114E-001 ,  8.886E-001 ,  7.381E-001 , 19.2ch26@16 ,  7.505E-001 , 19.3ch27@16 ,  7.443E-001 ,  6.022E-003 ,  7.672   ,  7.356  
075:025:32003 , mA    , 8     ,       ,  1.500E+001 ,  1.223E+001 ,  1.777E+001 ,  1.477E+001 , 19.2ch26@16 ,  1.502E+001 , 19.3ch27@16 ,  1.489E+001 ,  1.205E-001 ,  7.670   ,  7.369  
075:010:32004 , V     , 8     ,       ,  1.000E+000 ,  8.614E-001 ,  1.139E+000 ,  9.845E-001 , 19.2ch26@16 ,  1.001E+000 , 19.3ch27@16 ,  9.927E-001 ,  7.968E-003 ,  5.798   ,  5.494  
075:025:32004 , mA    , 8     ,       ,  2.000E+001 ,  1.723E+001 ,  2.277E+001 ,  1.970E+001 , 19.2ch26@16 ,  2.002E+001 , 19.3ch27@16 ,  1.986E+001 ,  1.594E-001 ,  5.797   ,  5.507  
075:030:32000 ,       , 8     ,       ,  1.000E+000 ,  8.614E-001 ,  1.139E+000 ,  9.998E-001 , 19.3ch27@16 ,  1.016E+000 , 19.1ch26@16 ,  1.008E+000 ,  7.922E-003 ,  5.832   ,  5.506  
075:035:32000 , mA    , 8     ,       ,  0.000E+000 , -2.772E+000 ,  2.772E+000 , -2.095E-002 , 19.4ch27@16 ,  1.711E-003 , 19.3ch26@16 , -8.530E-003 ,  8.041E-003 ,  100.000 ,  100.000
075:005:32100 , O     , 8     ,       ,  5.000E+001 ,  4.996E+001 ,  5.005E+001 ,  4.998E+001 , 19.3ch26@16 ,  4.999E+001 , 19.4ch26@16 ,  4.998E+001 ,  5.527E-003 ,  2.714   ,  1.640  
075:015:32100 , uA    , 8     ,       ,  0.000E+000 , -7.700E-001 ,  7.700E-001 , -2.528E-003 , 19.3ch26@16 , -1.816E-003 , 19.2ch27@16 , -2.097E-003 ,  2.106E-004 ,  100.000 ,  100.000
075:020:32100 , uA    , 8     ,       ,  0.000E+000 , -7.700E-001 ,  7.700E-001 ,  1.251E-004 , 19.1ch26@16 ,  6.667E-004 , 19.4ch26@16 ,  3.312E-004 ,  1.697E-004 ,  100.000 ,  100.000
075:010:32100 , V     , 8     ,       , -1.000E+000 , -1.139E+000 , -8.614E-001 , -1.001E+000 , 19.2ch27@16 , -9.857E-001 , 19.1ch26@16 , -9.936E-001 ,  7.489E-003 ,  6.169   ,  5.885  
075:025:32100 , mA    , 8     ,       , -2.000E+001 , -2.277E+001 , -1.723E+001 , -2.003E+001 , 19.2ch27@16 , -1.972E+001 , 19.1ch26@16 , -1.988E+001 ,  1.499E-001 ,  6.163   ,  5.895  
075:010:32101 , V     , 8     ,       , -7.500E-001 , -8.886E-001 , -6.114E-001 , -7.507E-001 , 19.1ch27@16 , -7.391E-001 , 19.1ch26@16 , -7.451E-001 ,  5.575E-003 ,  8.286   ,  7.994  
075:025:32101 , mA    , 8     ,       , -1.500E+001 , -1.777E+001 , -1.223E+001 , -1.502E+001 , 19.2ch27@16 , -1.479E+001 , 19.1ch26@16 , -1.491E+001 ,  1.116E-001 ,  8.278   ,  8.002  
075:010:32102 , V     , 8     ,       , -5.000E-001 , -6.386E-001 , -3.614E-001 , -5.004E-001 , 19.1ch27@16 , -4.925E-001 , 19.1ch26@16 , -4.966E-001 ,  3.664E-003 ,  12.609  ,  12.300 
075:025:32102 , mA    , 8     ,       , -1.000E+001 , -1.277E+001 , -7.228E+000 , -1.001E+001 , 19.1ch27@16 , -9.853E+000 , 19.1ch26@16 , -9.936E+000 ,  7.338E-002 ,  12.592  ,  12.300 
075:010:32103 , V     , 8     ,       , -2.500E-001 , -3.886E-001 , -1.114E-001 , -2.501E-001 , 19.1ch27@16 , -2.459E-001 , 19.1ch26@16 , -2.481E-001 ,  1.767E-003 ,  26.148  ,  25.792 
075:025:32103 , mA    , 8     ,       , -5.000E+000 , -7.772E+000 , -2.228E+000 , -5.004E+000 , 19.1ch27@16 , -4.920E+000 , 19.1ch26@16 , -4.964E+000 ,  3.542E-002 ,  26.085  ,  25.746 
075:010:32104 , V     , 8     ,       , -1.000E-001 , -2.386E-001 ,  3.860E-002 , -9.997E-002 , 19.1ch27@16 , -9.794E-002 , 19.1ch26@16 , -9.902E-002 ,  7.003E-004 ,  65.976  ,  65.511 
075:025:32104 , mA    , 8     ,       , -2.000E+000 , -4.772E+000 ,  7.720E-001 , -2.000E+000 , 19.1ch27@16 , -1.960E+000 , 19.1ch26@16 , -1.981E+000 ,  1.408E-002 ,  65.624  ,  65.178 
075:030:32100 ,       , 8     ,       ,  1.000E+000 ,  8.614E-001 ,  1.139E+000 ,  9.983E-001 , 19.3ch27@16 ,  1.014E+000 , 19.2ch26@16 ,  1.006E+000 ,  7.767E-003 ,  5.948   ,  5.702  
075:035:32100 , mA    , 8     ,       ,  0.000E+000 , -2.772E+000 ,  2.772E+000 , -2.121E-002 , 19.4ch27@16 ,  5.233E-003 , 19.3ch26@16 , -7.679E-003 ,  8.965E-003 ,  100.000 ,  100.000
075:005:40000 , O     , 8     ,       ,  5.000E+000 ,  4.910E+000 ,  5.090E+000 ,  4.982E+000 , 19.3ch26@16 ,  4.994E+000 , 19.4ch26@16 ,  4.989E+000 ,  4.793E-003 ,  6.259   ,  5.469  
075:015:40000 , uA    , 8     ,       ,  0.000E+000 , -7.700E-001 ,  7.700E-001 , -2.528E-003 , 19.3ch26@16 , -1.816E-003 , 19.2ch27@16 , -2.097E-003 ,  2.106E-004 ,  100.000 ,  100.000
075:020:40000 , uA    , 8     ,       ,  0.000E+000 , -7.700E-001 ,  7.700E-001 ,  1.251E-004 , 19.1ch26@16 ,  6.667E-004 , 19.4ch26@16 ,  3.312E-004 ,  1.697E-004 ,  100.000 ,  100.000
075:010:40000 , V     , 8     ,       ,  1.000E-001 , -3.860E-002 ,  2.386E-001 ,  9.971E-002 , 19.3ch26@16 ,  1.014E-001 , 19.4ch27@16 ,  1.005E-001 ,  5.114E-004 ,  90.341  ,  90.001 
075:025:40000 , mA    , 8     ,       ,  2.000E+001 , -7.720E+000 ,  4.772E+001 ,  2.002E+001 , 19.3ch26@16 ,  2.030E+001 , 19.4ch27@16 ,  2.015E+001 ,  9.205E-002 ,  100.000 ,  99.839 
075:010:40001 , V     , 8     ,       ,  2.500E-001 ,  1.114E-001 ,  3.886E-001 ,  2.489E-001 , 19.3ch26@16 ,  2.511E-001 , 19.4ch27@16 ,  2.500E-001 ,  6.231E-004 ,  74.147  ,  74.126 
075:025:40001 , mA    , 8     ,       ,  5.000E+001 ,  2.228E+001 ,  7.772E+001 ,  4.996E+001 , 19.3ch26@16 ,  5.027E+001 , 19.4ch27@16 ,  5.011E+001 ,  9.377E-002 ,  98.542  ,  98.166 
075:010:40002 , V     , 8     ,       ,  5.000E-001 ,  3.614E-001 ,  6.386E-001 ,  4.974E-001 , 19.3ch26@16 ,  5.007E-001 , 19.4ch27@16 ,  4.991E-001 ,  9.183E-004 ,  50.312  ,  49.985 
075:025:40002 , mA    , 8     ,       ,  1.000E+002 ,  7.228E+001 ,  1.277E+002 ,  9.985E+001 , 19.3ch26@16 ,  1.002E+002 , 19.4ch27@16 ,  1.000E+002 ,  1.143E-001 ,  80.819  ,  80.682 
075:010:40003 , V     , 8     ,       ,  7.500E-001 ,  6.114E-001 ,  8.886E-001 ,  7.465E-001 , 19.3ch26@16 ,  7.509E-001 , 19.4ch27@16 ,  7.488E-001 ,  1.260E-003 ,  36.681  ,  36.374 
075:025:40003 , mA    , 8     ,       ,  1.500E+002 ,  1.223E+002 ,  1.777E+002 ,  1.499E+002 , 19.3ch26@16 ,  1.504E+002 , 19.4ch27@16 ,  1.501E+002 ,  1.389E-001 ,  66.502  ,  66.240 
075:010:40004 , V     , 8     ,       ,  1.000E+000 ,  8.614E-001 ,  1.139E+000 ,  9.959E-001 , 19.3ch26@16 ,  1.001E+000 , 19.4ch27@16 ,  9.988E-001 ,  1.620E-003 ,  28.512  ,  28.258 
075:025:40004 , mA    , 8     ,       ,  2.000E+002 ,  1.723E+002 ,  2.277E+002 ,  1.999E+002 , 19.3ch26@16 ,  2.005E+002 , 19.4ch27@16 ,  2.002E+002 ,  1.660E-001 ,  55.679  ,  55.261 
075:030:40000 ,       , 8     ,       ,  1.000E+000 ,  8.614E-001 ,  1.139E+000 ,  9.989E-001 , 19.4ch27@16 ,  1.001E+000 , 19.3ch26@16 ,  9.997E-001 ,  5.552E-004 ,  83.210  ,  83.027 
075:035:40000 , mA    , 8     ,       ,  0.000E+000 , -2.772E+001 ,  2.772E+001 , -2.150E-001 , 19.4ch27@16 ,  1.135E-002 , 19.3ch26@16 , -9.211E-002 ,  8.061E-002 ,  100.000 ,  100.000
075:005:40100 , O     , 8     ,       ,  5.000E+000 ,  4.910E+000 ,  5.090E+000 ,  4.982E+000 , 19.3ch26@16 ,  4.994E+000 , 19.4ch26@16 ,  4.989E+000 ,  4.793E-003 ,  6.259   ,  5.469  
075:015:40100 , uA    , 8     ,       ,  0.000E+000 , -7.700E-001 ,  7.700E-001 , -2.528E-003 , 19.3ch26@16 , -1.816E-003 , 19.2ch27@16 , -2.097E-003 ,  2.106E-004 ,  100.000 ,  100.000
075:020:40100 , uA    , 8     ,       ,  0.000E+000 , -7.700E-001 ,  7.700E-001 ,  1.251E-004 , 19.1ch26@16 ,  6.667E-004 , 19.4ch26@16 ,  3.312E-004 ,  1.697E-004 ,  100.000 ,  100.000
075:010:40100 , V     , 8     ,       , -1.000E+000 , -1.139E+000 , -8.614E-001 , -1.001E+000 , 19.4ch26@16 , -9.974E-001 , 19.3ch27@16 , -9.996E-001 ,  1.318E-003 ,  35.052  ,  34.953 
075:025:40100 , mA    , 8     ,       , -2.000E+002 , -2.277E+002 , -1.723E+002 , -2.005E+002 , 19.2ch26@16 , -2.002E+002 , 19.3ch27@16 , -2.004E+002 ,  9.419E-002 ,  98.100  ,  96.768 
075:010:40101 , V     , 8     ,       , -7.500E-001 , -8.886E-001 , -6.114E-001 , -7.507E-001 , 19.4ch26@16 , -7.478E-001 , 19.3ch27@16 , -7.496E-001 ,  9.777E-004 ,  47.252  ,  47.114 
075:025:40101 , mA    , 8     ,       , -1.500E+002 , -1.777E+002 , -1.223E+002 , -1.504E+002 , 19.2ch26@16 , -1.501E+002 , 19.3ch27@16 , -1.503E+002 ,  8.045E-002 ,  100.000 ,  100.000
075:010:40102 , V     , 8     ,       , -5.000E-001 , -6.386E-001 , -3.614E-001 , -5.003E-001 , 19.4ch26@16 , -4.983E-001 , 19.3ch27@16 , -4.996E-001 ,  6.568E-004 ,  70.340  ,  70.133 
075:025:40102 , mA    , 8     ,       , -1.000E+002 , -1.277E+002 , -7.228E+001 , -1.003E+002 , 19.2ch26@16 , -1.000E+002 , 19.3ch27@16 , -1.001E+002 ,  7.411E-002 ,  100.000 ,  100.000
075:010:40103 , V     , 8     ,       , -2.500E-001 , -3.886E-001 , -1.114E-001 , -2.501E-001 , 19.2ch26@16 , -2.488E-001 , 19.3ch27@16 , -2.496E-001 ,  4.251E-004 ,  100.000 ,  100.000
075:025:40103 , mA    , 8     ,       , -5.000E+001 , -7.772E+001 , -2.228E+001 , -5.013E+001 , 19.2ch26@16 , -4.993E+001 , 19.3ch27@16 , -5.003E+001 ,  7.790E-002 ,  100.000 ,  100.000
075:010:40104 , V     , 8     ,       , -1.500E-001 , -2.886E-001 , -1.140E-002 , -1.501E-001 , 19.2ch26@16 , -1.489E-001 , 19.3ch27@16 , -1.496E-001 ,  3.978E-004 ,  100.000 ,  100.000
075:025:40104 , mA    , 8     ,       , -3.000E+001 , -5.772E+001 , -2.280E+000 , -3.009E+001 , 19.3ch26@16 , -2.988E+001 , 19.4ch27@16 , -2.998E+001 ,  8.233E-002 ,  100.000 ,  100.000
075:030:40100 ,       , 8     ,       ,  1.000E+000 ,  8.614E-001 ,  1.139E+000 ,  9.967E-001 , 19.4ch27@16 ,  9.985E-001 , 19.3ch26@16 ,  9.977E-001 ,  5.422E-004 ,  85.204  ,  83.787 
075:035:40100 , mA    , 8     ,       ,  0.000E+000 , -2.772E+001 ,  2.772E+001 , -2.192E-001 , 19.4ch27@16 ,  4.627E-002 , 19.3ch26@16 , -8.520E-002 ,  8.982E-002 ,  100.000 ,  100.000
075:005:41000 , O     , 8     ,       ,  5.000E+000 ,  4.910E+000 ,  5.090E+000 ,  4.982E+000 , 19.3ch26@16 ,  4.994E+000 , 19.4ch26@16 ,  4.989E+000 ,  4.793E-003 ,  6.259   ,  5.469  
075:015:41000 , uA    , 8     ,       ,  0.000E+000 , -7.700E-001 ,  7.700E-001 , -2.528E-003 , 19.3ch26@16 , -1.816E-003 , 19.2ch27@16 , -2.097E-003 ,  2.106E-004 ,  100.000 ,  100.000
075:020:41000 , uA    , 8     ,       ,  0.000E+000 , -7.700E-001 ,  7.700E-001 ,  1.251E-004 , 19.1ch26@16 ,  6.667E-004 , 19.4ch26@16 ,  3.312E-004 ,  1.697E-004 ,  100.000 ,  100.000
075:010:41000 , V     , 8     ,       ,  1.000E-001 , -3.860E-002 ,  2.386E-001 ,  9.969E-002 , 19.3ch26@16 ,  1.013E-001 , 19.4ch27@16 ,  1.005E-001 ,  5.100E-004 ,  90.581  ,  90.256 
075:025:41000 , mA    , 8     ,       ,  2.000E+001 , -7.720E+000 ,  4.772E+001 ,  2.001E+001 , 19.3ch26@16 ,  2.029E+001 , 19.4ch27@16 ,  2.015E+001 ,  9.172E-002 ,  100.000 ,  100.000
075:010:41001 , V     , 8     ,       ,  2.500E-001 ,  1.114E-001 ,  3.886E-001 ,  2.489E-001 , 19.3ch26@16 ,  2.510E-001 , 19.4ch27@16 ,  2.499E-001 ,  6.247E-004 ,  73.952  ,  73.918 
075:025:41001 , mA    , 8     ,       ,  5.000E+001 ,  2.228E+001 ,  7.772E+001 ,  4.996E+001 , 19.3ch26@16 ,  5.027E+001 , 19.4ch27@16 ,  5.010E+001 ,  9.404E-002 ,  98.261  ,  97.902 
075:010:41002 , V     , 8     ,       ,  5.000E-001 ,  3.614E-001 ,  6.386E-001 ,  4.974E-001 , 19.3ch26@16 ,  5.006E-001 , 19.4ch27@16 ,  4.991E-001 ,  9.193E-004 ,  50.255  ,  49.919 
075:025:41002 , mA    , 8     ,       ,  1.000E+002 ,  7.228E+001 ,  1.277E+002 ,  9.984E+001 , 19.3ch26@16 ,  1.002E+002 , 19.4ch27@16 ,  1.000E+002 ,  1.144E-001 ,  80.740  ,  80.617 
075:010:41003 , V     , 8     ,       ,  7.500E-001 ,  6.114E-001 ,  8.886E-001 ,  7.465E-001 , 19.3ch26@16 ,  7.509E-001 , 19.4ch27@16 ,  7.488E-001 ,  1.259E-003 ,  36.688  ,  36.375 
075:025:41003 , mA    , 8     ,       ,  1.500E+002 ,  1.223E+002 ,  1.777E+002 ,  1.498E+002 , 19.3ch26@16 ,  1.503E+002 , 19.4ch27@16 ,  1.501E+002 ,  1.385E-001 ,  66.695  ,  66.443 
075:010:41004 , V     , 8     ,       ,  1.000E+000 ,  8.614E-001 ,  1.139E+000 ,  9.958E-001 , 19.3ch26@16 ,  1.001E+000 , 19.4ch27@16 ,  9.987E-001 ,  1.620E-003 ,  28.519  ,  28.260 
075:025:41004 , mA    , 8     ,       ,  2.000E+002 ,  1.723E+002 ,  2.277E+002 ,  1.999E+002 , 19.3ch26@16 ,  2.005E+002 , 19.4ch27@16 ,  2.002E+002 ,  1.659E-001 ,  55.701  ,  55.292 
075:030:41000 ,       , 8     ,       ,  1.000E+000 ,  8.614E-001 ,  1.139E+000 ,  9.989E-001 , 19.4ch27@16 ,  1.001E+000 , 19.3ch26@16 ,  9.997E-001 ,  5.537E-004 ,  83.441  ,  83.256 
075:035:41000 , mA    , 8     ,       ,  0.000E+000 , -2.772E+001 ,  2.772E+001 , -2.102E-001 , 19.4ch27@16 ,  1.709E-002 , 19.3ch26@16 , -8.728E-002 ,  8.053E-002 ,  100.000 ,  100.000
075:005:41100 , O     , 8     ,       ,  5.000E+000 ,  4.910E+000 ,  5.090E+000 ,  4.982E+000 , 19.3ch26@16 ,  4.994E+000 , 19.4ch26@16 ,  4.989E+000 ,  4.793E-003 ,  6.259   ,  5.469  
075:015:41100 , uA    , 8     ,       ,  0.000E+000 , -7.700E-001 ,  7.700E-001 , -2.528E-003 , 19.3ch26@16 , -1.816E-003 , 19.2ch27@16 , -2.097E-003 ,  2.106E-004 ,  100.000 ,  100.000
075:020:41100 , uA    , 8     ,       ,  0.000E+000 , -7.700E-001 ,  7.700E-001 ,  1.251E-004 , 19.1ch26@16 ,  6.667E-004 , 19.4ch26@16 ,  3.312E-004 ,  1.697E-004 ,  100.000 ,  100.000
075:010:41100 , V     , 8     ,       , -1.000E+000 , -1.139E+000 , -8.614E-001 , -1.001E+000 , 19.4ch26@16 , -9.974E-001 , 19.3ch27@16 , -9.996E-001 ,  1.321E-003 ,  34.969  ,  34.877 
075:025:41100 , mA    , 8     ,       , -2.000E+002 , -2.277E+002 , -1.723E+002 , -2.005E+002 , 19.2ch26@16 , -2.002E+002 , 19.3ch27@16 , -2.004E+002 ,  9.514E-002 ,  97.118  ,  95.778 
075:010:41101 , V     , 8     ,       , -7.500E-001 , -8.886E-001 , -6.114E-001 , -7.507E-001 , 19.4ch26@16 , -7.478E-001 , 19.3ch27@16 , -7.496E-001 ,  9.779E-004 ,  47.246  ,  47.117 
075:025:41101 , mA    , 8     ,       , -1.500E+002 , -1.777E+002 , -1.223E+002 , -1.504E+002 , 19.2ch26@16 , -1.501E+002 , 19.3ch27@16 , -1.503E+002 ,  8.076E-002 ,  100.000 ,  100.000
075:010:41102 , V     , 8     ,       , -5.000E-001 , -6.386E-001 , -3.614E-001 , -5.004E-001 , 19.4ch26@16 , -4.983E-001 , 19.3ch27@16 , -4.996E-001 ,  6.606E-004 ,  69.935  ,  69.742 
075:025:41102 , mA    , 8     ,       , -1.000E+002 , -1.277E+002 , -7.228E+001 , -1.003E+002 , 19.2ch26@16 , -1.000E+002 , 19.3ch27@16 , -1.002E+002 ,  7.484E-002 ,  100.000 ,  100.000
075:010:41103 , V     , 8     ,       , -2.500E-001 , -3.886E-001 , -1.114E-001 , -2.501E-001 , 19.2ch26@16 , -2.488E-001 , 19.3ch27@16 , -2.496E-001 ,  4.292E-004 ,  100.000 ,  100.000
075:025:41103 , mA    , 8     ,       , -5.000E+001 , -7.772E+001 , -2.228E+001 , -5.014E+001 , 19.2ch26@16 , -4.993E+001 , 19.3ch27@16 , -5.004E+001 ,  7.846E-002 ,  100.000 ,  100.000
075:010:41104 , V     , 8     ,       , -1.500E-001 , -2.886E-001 , -1.140E-002 , -1.501E-001 , 19.2ch26@16 , -1.489E-001 , 19.3ch27@16 , -1.496E-001 ,  3.983E-004 ,  100.000 ,  100.000
075:025:41104 , mA    , 8     ,       , -3.000E+001 , -5.772E+001 , -2.280E+000 , -3.010E+001 , 19.3ch26@16 , -2.988E+001 , 19.4ch27@16 , -2.999E+001 ,  8.241E-002 ,  100.000 ,  100.000
075:030:41100 ,       , 8     ,       ,  1.000E+000 ,  8.614E-001 ,  1.139E+000 ,  9.967E-001 , 19.4ch27@16 ,  9.985E-001 , 19.3ch26@16 ,  9.977E-001 ,  5.438E-004 ,  84.957  ,  83.543 
075:035:41100 , mA    , 8     ,       ,  0.000E+000 , -2.772E+001 ,  2.772E+001 , -2.154E-001 , 19.4ch27@16 ,  5.127E-002 , 19.3ch26@16 , -8.004E-002 ,  8.997E-002 ,  100.000 ,  100.000
075:005:42000 , O     , 8     ,       ,  5.000E+000 ,  4.910E+000 ,  5.090E+000 ,  4.982E+000 , 19.3ch26@16 ,  4.994E+000 , 19.4ch26@16 ,  4.989E+000 ,  4.793E-003 ,  6.259   ,  5.469  
075:015:42000 , uA    , 8     ,       ,  0.000E+000 , -7.700E-001 ,  7.700E-001 , -2.528E-003 , 19.3ch26@16 , -1.816E-003 , 19.2ch27@16 , -2.097E-003 ,  2.106E-004 ,  100.000 ,  100.000
075:020:42000 , uA    , 8     ,       ,  0.000E+000 , -7.700E-001 ,  7.700E-001 ,  1.251E-004 , 19.1ch26@16 ,  6.667E-004 , 19.4ch26@16 ,  3.312E-004 ,  1.697E-004 ,  100.000 ,  100.000
075:010:42000 , V     , 8     ,       ,  1.000E-001 , -3.860E-002 ,  2.386E-001 ,  9.969E-002 , 19.3ch26@16 ,  1.013E-001 , 19.4ch27@16 ,  1.005E-001 ,  5.105E-004 ,  90.496  ,  90.175 
075:025:42000 , mA    , 8     ,       ,  2.000E+001 , -7.720E+000 ,  4.772E+001 ,  2.001E+001 , 19.3ch26@16 ,  2.029E+001 , 19.4ch27@16 ,  2.014E+001 ,  9.193E-002 ,  100.000 ,  99.989 
075:010:42001 , V     , 8     ,       ,  2.500E-001 ,  1.114E-001 ,  3.886E-001 ,  2.489E-001 , 19.3ch26@16 ,  2.510E-001 , 19.4ch27@16 ,  2.499E-001 ,  6.249E-004 ,  73.936  ,  73.900 
075:025:42001 , mA    , 8     ,       ,  5.000E+001 ,  2.228E+001 ,  7.772E+001 ,  4.996E+001 , 19.3ch26@16 ,  5.026E+001 , 19.4ch27@16 ,  5.010E+001 ,  9.419E-002 ,  98.100  ,  97.745 
075:010:42002 , V     , 8     ,       ,  5.000E-001 ,  3.614E-001 ,  6.386E-001 ,  4.974E-001 , 19.3ch26@16 ,  5.006E-001 , 19.4ch27@16 ,  4.991E-001 ,  9.178E-004 ,  50.338  ,  50.000 
075:025:42002 , mA    , 8     ,       ,  1.000E+002 ,  7.228E+001 ,  1.277E+002 ,  9.984E+001 , 19.3ch26@16 ,  1.002E+002 , 19.4ch27@16 ,  1.000E+002 ,  1.145E-001 ,  80.720  ,  80.601 
075:010:42003 , V     , 8     ,       ,  7.500E-001 ,  6.114E-001 ,  8.886E-001 ,  7.465E-001 , 19.3ch26@16 ,  7.509E-001 , 19.4ch27@16 ,  7.488E-001 ,  1.258E-003 ,  36.711  ,  36.397 
075:025:42003 , mA    , 8     ,       ,  1.500E+002 ,  1.223E+002 ,  1.777E+002 ,  1.498E+002 , 19.3ch26@16 ,  1.503E+002 , 19.4ch27@16 ,  1.501E+002 ,  1.388E-001 ,  66.562  ,  66.311 
075:010:42004 , V     , 8     ,       ,  1.000E+000 ,  8.614E-001 ,  1.139E+000 ,  9.958E-001 , 19.3ch26@16 ,  1.001E+000 , 19.4ch27@16 ,  9.987E-001 ,  1.623E-003 ,  28.474  ,  28.216 
075:025:42004 , mA    , 8     ,       ,  2.000E+002 ,  1.723E+002 ,  2.277E+002 ,  1.999E+002 , 19.3ch26@16 ,  2.005E+002 , 19.4ch27@16 ,  2.002E+002 ,  1.664E-001 ,  55.542  ,  55.134 
075:030:42000 ,       , 8     ,       ,  1.000E+000 ,  8.614E-001 ,  1.139E+000 ,  9.988E-001 , 19.4ch27@16 ,  1.001E+000 , 19.3ch26@16 ,  9.997E-001 ,  5.572E-004 ,  82.911  ,  82.725 
075:035:42000 , mA    , 8     ,       ,  0.000E+000 , -2.772E+001 ,  2.772E+001 , -2.091E-001 , 19.4ch27@16 ,  1.747E-002 , 19.3ch26@16 , -8.623E-002 ,  8.064E-002 ,  100.000 ,  100.000
075:005:42100 , O     , 8     ,       ,  5.000E+000 ,  4.910E+000 ,  5.090E+000 ,  4.982E+000 , 19.3ch26@16 ,  4.994E+000 , 19.4ch26@16 ,  4.989E+000 ,  4.793E-003 ,  6.259   ,  5.469  
075:015:42100 , uA    , 8     ,       ,  0.000E+000 , -7.700E-001 ,  7.700E-001 , -2.528E-003 , 19.3ch26@16 , -1.816E-003 , 19.2ch27@16 , -2.097E-003 ,  2.106E-004 ,  100.000 ,  100.000
075:020:42100 , uA    , 8     ,       ,  0.000E+000 , -7.700E-001 ,  7.700E-001 ,  1.251E-004 , 19.1ch26@16 ,  6.667E-004 , 19.4ch26@16 ,  3.312E-004 ,  1.697E-004 ,  100.000 ,  100.000
075:010:42100 , V     , 8     ,       , -1.000E+000 , -1.139E+000 , -8.614E-001 , -1.001E+000 , 19.4ch26@16 , -9.974E-001 , 19.3ch27@16 , -9.996E-001 ,  1.323E-003 ,  34.911  ,  34.819 
075:025:42100 , mA    , 8     ,       , -2.000E+002 , -2.277E+002 , -1.723E+002 , -2.005E+002 , 19.2ch26@16 , -2.002E+002 , 19.3ch27@16 , -2.004E+002 ,  9.557E-002 ,  96.679  ,  95.346 
075:010:42101 , V     , 8     ,       , -7.500E-001 , -8.886E-001 , -6.114E-001 , -7.507E-001 , 19.4ch26@16 , -7.478E-001 , 19.3ch27@16 , -7.496E-001 ,  9.785E-004 ,  47.215  ,  47.087 
075:025:42101 , mA    , 8     ,       , -1.500E+002 , -1.777E+002 , -1.223E+002 , -1.504E+002 , 19.2ch26@16 , -1.501E+002 , 19.3ch27@16 , -1.503E+002 ,  8.104E-002 ,  100.000 ,  100.000
075:010:42102 , V     , 8     ,       , -5.000E-001 , -6.386E-001 , -3.614E-001 , -5.004E-001 , 19.4ch26@16 , -4.983E-001 , 19.3ch27@16 , -4.996E-001 ,  6.603E-004 ,  69.967  ,  69.776 
075:025:42102 , mA    , 8     ,       , -1.000E+002 , -1.277E+002 , -7.228E+001 , -1.003E+002 , 19.2ch26@16 , -1.000E+002 , 19.3ch27@16 , -1.002E+002 ,  7.493E-002 ,  100.000 ,  100.000
075:010:42103 , V     , 8     ,       , -2.500E-001 , -3.886E-001 , -1.114E-001 , -2.501E-001 , 19.2ch26@16 , -2.488E-001 , 19.3ch27@16 , -2.496E-001 ,  4.264E-004 ,  100.000 ,  100.000
075:025:42103 , mA    , 8     ,       , -5.000E+001 , -7.772E+001 , -2.228E+001 , -5.014E+001 , 19.2ch26@16 , -4.994E+001 , 19.3ch27@16 , -5.004E+001 ,  7.791E-002 ,  100.000 ,  100.000
075:010:42104 , V     , 8     ,       , -1.500E-001 , -2.886E-001 , -1.140E-002 , -1.501E-001 , 19.2ch26@16 , -1.490E-001 , 19.3ch27@16 , -1.496E-001 ,  3.989E-004 ,  100.000 ,  100.000
075:025:42104 , mA    , 8     ,       , -3.000E+001 , -5.772E+001 , -2.280E+000 , -3.010E+001 , 19.3ch26@16 , -2.988E+001 , 19.4ch27@16 , -2.999E+001 ,  8.272E-002 ,  100.000 ,  100.000
075:030:42100 ,       , 8     ,       ,  1.000E+000 ,  8.614E-001 ,  1.139E+000 ,  9.967E-001 , 19.4ch27@16 ,  9.985E-001 , 19.3ch26@16 ,  9.977E-001 ,  5.472E-004 ,  84.432  ,  83.029 
075:035:42100 , mA    , 8     ,       ,  0.000E+000 , -2.772E+001 ,  2.772E+001 , -2.151E-001 , 19.4ch27@16 ,  5.300E-002 , 19.3ch26@16 , -7.918E-002 ,  8.998E-002 ,  100.000 ,  100.000
075:005:50000 , O     , 8     ,       ,  5.000E-001 ,  4.910E-001 ,  5.090E-001 ,  4.997E-001 , 19.1ch26@16 ,  5.001E-001 , 19.2ch26@16 ,  5.000E-001 ,  1.571E-004 ,  19.095  ,  19.079 
075:015:50000 , uA    , 8     ,       ,  0.000E+000 , -7.700E-001 ,  7.700E-001 , -2.528E-003 , 19.3ch26@16 , -1.816E-003 , 19.2ch27@16 , -2.097E-003 ,  2.106E-004 ,  100.000 ,  100.000
075:020:50000 , uA    , 8     ,       ,  0.000E+000 , -7.700E-001 ,  7.700E-001 ,  1.251E-004 , 19.1ch26@16 ,  6.667E-004 , 19.4ch26@16 ,  3.312E-004 ,  1.697E-004 ,  100.000 ,  100.000
075:010:50000 , V     , 8     ,       ,  1.000E-001 , -3.860E-002 ,  2.386E-001 ,  1.002E-001 , 19.1ch27@16 ,  1.006E-001 , 19.4ch27@16 ,  1.004E-001 ,  1.589E-004 ,  100.000 ,  100.000
075:025:50000 , A     , 8     ,       ,  2.000E-001 , -7.720E-002 ,  4.772E-001 ,  2.004E-001 , 19.3ch26@16 ,  2.011E-001 , 19.4ch27@16 ,  2.008E-001 ,  3.189E-004 ,  100.000 ,  100.000
075:010:50001 , V     , 8     ,       ,  2.500E-001 ,  1.114E-001 ,  3.886E-001 ,  2.494E-001 , 19.1ch27@16 ,  2.501E-001 , 19.3ch27@16 ,  2.498E-001 ,  2.158E-004 ,  100.000 ,  100.000
075:025:50001 , A     , 8     ,       ,  5.000E-001 ,  2.228E-001 ,  7.772E-001 ,  4.991E-001 , 19.1ch27@16 ,  5.002E-001 , 19.3ch27@16 ,  4.996E-001 ,  3.259E-004 ,  100.000 ,  100.000
075:010:50002 , V     , 8     ,       ,  5.000E-001 ,  3.614E-001 ,  6.386E-001 ,  4.984E-001 , 19.1ch27@16 ,  4.995E-001 , 19.2ch27@16 ,  4.989E-001 ,  4.392E-004 ,  100.000 ,  100.000
075:025:50002 , A     , 8     ,       ,  1.000E+000 ,  7.228E-001 ,  1.277E+000 ,  9.968E-001 , 19.4ch27@16 ,  9.988E-001 , 19.3ch27@16 ,  9.978E-001 ,  7.150E-004 ,  100.000 ,  100.000
075:010:50003 , V     , 8     ,       ,  7.500E-001 ,  6.114E-001 ,  8.886E-001 ,  7.477E-001 , 19.4ch27@16 ,  7.494E-001 , 19.2ch27@16 ,  7.486E-001 ,  6.194E-004 ,  74.589  ,  73.813 
075:025:50003 , A     , 8     ,       ,  1.500E+000 ,  1.223E+000 ,  1.777E+000 ,  1.495E+000 , 19.4ch27@16 ,  1.499E+000 , 19.2ch27@16 ,  1.497E+000 ,  1.044E-003 ,  88.541  ,  87.628 
075:010:50004 , V     , 8     ,       ,  1.000E+000 ,  8.614E-001 ,  1.139E+000 ,  9.973E-001 , 19.4ch27@16 ,  9.996E-001 , 19.2ch27@16 ,  9.984E-001 ,  7.878E-004 ,  58.644  ,  57.980 
075:025:50004 , A     , 8     ,       ,  2.000E+000 ,  1.723E+000 ,  2.277E+000 ,  1.994E+000 , 19.4ch27@16 ,  1.999E+000 , 19.2ch27@16 ,  1.997E+000 ,  1.360E-003 ,  67.935  ,  67.173 
075:030:50000 ,       , 8     ,       ,  1.000E+000 ,  8.614E-001 ,  1.139E+000 ,  1.001E+000 , 19.2ch27@16 ,  1.004E+000 , 19.4ch27@16 ,  1.002E+000 ,  8.254E-004 ,  55.974  ,  55.096 
075:035:50000 , A     , 8     ,       ,  0.000E+000 , -2.772E-001 ,  2.772E-001 , -1.319E-003 , 19.4ch27@16 , -1.376E-004 , 19.1ch27@16 , -6.852E-004 ,  3.825E-004 ,  100.000 ,  100.000
075:005:50100 , O     , 8     ,       ,  5.000E-001 ,  4.910E-001 ,  5.090E-001 ,  4.997E-001 , 19.1ch26@16 ,  5.001E-001 , 19.2ch26@16 ,  5.000E-001 ,  1.571E-004 ,  19.095  ,  19.079 
075:015:50100 , uA    , 8     ,       ,  0.000E+000 , -7.700E-001 ,  7.700E-001 , -2.528E-003 , 19.3ch26@16 , -1.816E-003 , 19.2ch27@16 , -2.097E-003 ,  2.106E-004 ,  100.000 ,  100.000
075:020:50100 , uA    , 8     ,       ,  0.000E+000 , -7.700E-001 ,  7.700E-001 ,  1.251E-004 , 19.1ch26@16 ,  6.667E-004 , 19.4ch26@16 ,  3.312E-004 ,  1.697E-004 ,  100.000 ,  100.000
075:010:50100 , V     , 8     ,       , -2.250E-001 , -3.636E-001 , -8.640E-002 , -2.250E-001 , 19.3ch26@16 , -2.240E-001 , 19.4ch27@16 , -2.246E-001 ,  3.398E-004 ,  100.000 ,  100.000
075:025:50100 , A     , 8     ,       , -4.500E-001 , -7.272E-001 , -1.728E-001 , -4.500E-001 , 19.3ch26@16 , -4.479E-001 , 19.4ch27@16 , -4.492E-001 ,  6.652E-004 ,  100.000 ,  100.000
075:010:50101 , V     , 8     ,       , -1.838E-001 , -3.224E-001 , -4.515E-002 , -1.837E-001 , 19.3ch26@16 , -1.828E-001 , 19.4ch27@16 , -1.833E-001 ,  3.123E-004 ,  100.000 ,  100.000
075:025:50101 , A     , 8     ,       , -3.675E-001 , -6.447E-001 , -9.030E-002 , -3.674E-001 , 19.3ch26@16 , -3.655E-001 , 19.4ch27@16 , -3.667E-001 ,  6.141E-004 ,  100.000 ,  100.000
075:010:50102 , V     , 8     ,       , -1.425E-001 , -2.811E-001 , -3.900E-003 , -1.425E-001 , 19.3ch26@16 , -1.416E-001 , 19.4ch27@16 , -1.421E-001 ,  2.904E-004 ,  100.000 ,  100.000
075:025:50102 , A     , 8     ,       , -2.850E-001 , -5.622E-001 , -7.800E-003 , -2.849E-001 , 19.3ch26@16 , -2.831E-001 , 19.4ch27@16 , -2.842E-001 ,  5.731E-004 ,  100.000 ,  100.000
075:010:50103 , V     , 8     ,       , -1.013E-001 , -2.399E-001 ,  3.735E-002 , -1.012E-001 , 19.3ch26@16 , -1.004E-001 , 19.4ch27@16 , -1.009E-001 ,  2.635E-004 ,  100.000 ,  100.000
075:025:50103 , A     , 8     ,       , -2.025E-001 , -4.797E-001 ,  7.470E-002 , -2.024E-001 , 19.3ch26@16 , -2.008E-001 , 19.4ch27@16 , -2.018E-001 ,  5.226E-004 ,  100.000 ,  100.000
075:010:50104 , V     , 8     ,       , -6.000E-002 , -1.986E-001 ,  7.860E-002 , -5.991E-002 , 19.3ch26@16 , -5.919E-002 , 19.4ch27@16 , -5.961E-002 ,  2.375E-004 ,  100.000 ,  100.000
075:025:50104 , A     , 8     ,       , -1.200E-001 , -3.972E-001 ,  1.572E-001 , -1.198E-001 , 19.3ch26@16 , -1.184E-001 , 19.4ch27@16 , -1.192E-001 ,  4.730E-004 ,  100.000 ,  100.000
075:030:50100 ,       , 8     ,       ,  1.000E+000 ,  8.614E-001 ,  1.139E+000 ,  9.993E-001 , 19.2ch27@16 ,  1.002E+000 , 19.4ch27@16 ,  1.000E+000 ,  6.987E-004 ,  66.120  ,  66.064 
075:035:50100 , A     , 8     ,       ,  0.000E+000 , -2.772E-001 ,  2.772E-001 , -1.436E-003 , 19.4ch27@16 , -2.348E-004 , 19.3ch26@16 , -7.576E-004 ,  4.174E-004 ,  100.000 ,  100.000
075:005:51000 , O     , 8     ,       ,  5.000E-001 ,  4.910E-001 ,  5.090E-001 ,  4.997E-001 , 19.1ch26@16 ,  5.001E-001 , 19.2ch26@16 ,  5.000E-001 ,  1.571E-004 ,  19.095  ,  19.079 
075:015:51000 , uA    , 8     ,       ,  0.000E+000 , -7.700E-001 ,  7.700E-001 , -2.528E-003 , 19.3ch26@16 , -1.816E-003 , 19.2ch27@16 , -2.097E-003 ,  2.106E-004 ,  100.000 ,  100.000
075:020:51000 , uA    , 8     ,       ,  0.000E+000 , -7.700E-001 ,  7.700E-001 ,  1.251E-004 , 19.1ch26@16 ,  6.667E-004 , 19.4ch26@16 ,  3.312E-004 ,  1.697E-004 ,  100.000 ,  100.000
075:010:51000 , V     , 8     ,       ,  1.000E-001 , -3.860E-002 ,  2.386E-001 ,  1.002E-001 , 19.1ch27@16 ,  1.006E-001 , 19.4ch27@16 ,  1.004E-001 ,  1.547E-004 ,  100.000 ,  100.000
075:025:51000 , A     , 8     ,       ,  2.000E-001 , -7.720E-002 ,  4.772E-001 ,  2.004E-001 , 19.3ch26@16 ,  2.011E-001 , 19.4ch27@16 ,  2.008E-001 ,  3.115E-004 ,  100.000 ,  100.000
075:010:51001 , V     , 8     ,       ,  2.500E-001 ,  1.114E-001 ,  3.886E-001 ,  2.494E-001 , 19.1ch27@16 ,  2.501E-001 , 19.3ch27@16 ,  2.498E-001 ,  2.125E-004 ,  100.000 ,  100.000
075:025:51001 , A     , 8     ,       ,  5.000E-001 ,  2.228E-001 ,  7.772E-001 ,  4.991E-001 , 19.1ch27@16 ,  5.001E-001 , 19.3ch27@16 ,  4.996E-001 ,  3.192E-004 ,  100.000 ,  100.000
075:010:51002 , V     , 8     ,       ,  5.000E-001 ,  3.614E-001 ,  6.386E-001 ,  4.984E-001 , 19.4ch27@16 ,  4.995E-001 , 19.2ch27@16 ,  4.989E-001 ,  4.371E-004 ,  100.000 ,  100.000
075:025:51002 , A     , 8     ,       ,  1.000E+000 ,  7.228E-001 ,  1.277E+000 ,  9.967E-001 , 19.4ch27@16 ,  9.988E-001 , 19.3ch27@16 ,  9.978E-001 ,  7.108E-004 ,  100.000 ,  100.000
075:010:51003 , V     , 8     ,       ,  7.500E-001 ,  6.114E-001 ,  8.886E-001 ,  7.478E-001 , 19.4ch27@16 ,  7.494E-001 , 19.2ch27@16 ,  7.486E-001 ,  6.159E-004 ,  75.015  ,  74.240 
075:025:51003 , A     , 8     ,       ,  1.500E+000 ,  1.223E+000 ,  1.777E+000 ,  1.495E+000 , 19.4ch27@16 ,  1.499E+000 , 19.2ch27@16 ,  1.497E+000 ,  1.038E-003 ,  89.012  ,  88.100 
075:010:51004 , V     , 8     ,       ,  1.000E+000 ,  8.614E-001 ,  1.139E+000 ,  9.973E-001 , 19.4ch27@16 ,  9.996E-001 , 19.2ch27@16 ,  9.984E-001 ,  7.826E-004 ,  59.033  ,  58.369 
075:025:51004 , A     , 8     ,       ,  2.000E+000 ,  1.723E+000 ,  2.277E+000 ,  1.995E+000 , 19.4ch27@16 ,  1.999E+000 , 19.2ch27@16 ,  1.997E+000 ,  1.352E-003 ,  68.368  ,  67.606 
075:030:51000 ,       , 8     ,       ,  1.000E+000 ,  8.614E-001 ,  1.139E+000 ,  1.001E+000 , 19.2ch27@16 ,  1.004E+000 , 19.4ch27@16 ,  1.002E+000 ,  8.185E-004 ,  56.446  ,  55.568 
075:035:51000 , A     , 8     ,       ,  0.000E+000 , -2.772E-001 ,  2.772E-001 , -1.292E-003 , 19.4ch27@16 , -1.323E-004 , 19.1ch27@16 , -6.702E-004 ,  3.749E-004 ,  100.000 ,  100.000
075:005:51100 , O     , 8     ,       ,  5.000E-001 ,  4.910E-001 ,  5.090E-001 ,  4.997E-001 , 19.1ch26@16 ,  5.001E-001 , 19.2ch26@16 ,  5.000E-001 ,  1.571E-004 ,  19.095  ,  19.079 
075:015:51100 , uA    , 8     ,       ,  0.000E+000 , -7.700E-001 ,  7.700E-001 , -2.528E-003 , 19.3ch26@16 , -1.816E-003 , 19.2ch27@16 , -2.097E-003 ,  2.106E-004 ,  100.000 ,  100.000
075:020:51100 , uA    , 8     ,       ,  0.000E+000 , -7.700E-001 ,  7.700E-001 ,  1.251E-004 , 19.1ch26@16 ,  6.667E-004 , 19.4ch26@16 ,  3.312E-004 ,  1.697E-004 ,  100.000 ,  100.000
075:010:51100 , V     , 8     ,       , -2.250E-001 , -3.636E-001 , -8.640E-002 , -2.250E-001 , 19.3ch26@16 , -2.240E-001 , 19.4ch27@16 , -2.246E-001 ,  3.391E-004 ,  100.000 ,  100.000
075:025:51100 , A     , 8     ,       , -4.500E-001 , -7.272E-001 , -1.728E-001 , -4.500E-001 , 19.3ch26@16 , -4.479E-001 , 19.4ch27@16 , -4.492E-001 ,  6.623E-004 ,  100.000 ,  100.000
075:010:51101 , V     , 8     ,       , -1.838E-001 , -3.224E-001 , -4.515E-002 , -1.837E-001 , 19.3ch26@16 , -1.828E-001 , 19.4ch27@16 , -1.833E-001 ,  3.111E-004 ,  100.000 ,  100.000
075:025:51101 , A     , 8     ,       , -3.675E-001 , -6.447E-001 , -9.030E-002 , -3.674E-001 , 19.3ch26@16 , -3.655E-001 , 19.4ch27@16 , -3.667E-001 ,  6.109E-004 ,  100.000 ,  100.000
075:010:51102 , V     , 8     ,       , -1.425E-001 , -2.811E-001 , -3.900E-003 , -1.425E-001 , 19.3ch26@16 , -1.416E-001 , 19.4ch27@16 , -1.421E-001 ,  2.872E-004 ,  100.000 ,  100.000
075:025:51102 , A     , 8     ,       , -2.850E-001 , -5.622E-001 , -7.800E-003 , -2.849E-001 , 19.3ch26@16 , -2.831E-001 , 19.4ch27@16 , -2.842E-001 ,  5.670E-004 ,  100.000 ,  100.000
075:010:51103 , V     , 8     ,       , -1.013E-001 , -2.399E-001 ,  3.735E-002 , -1.012E-001 , 19.3ch26@16 , -1.004E-001 , 19.4ch27@16 , -1.009E-001 ,  2.647E-004 ,  100.000 ,  100.000
075:025:51103 , A     , 8     ,       , -2.025E-001 , -4.797E-001 ,  7.470E-002 , -2.024E-001 , 19.3ch26@16 , -2.008E-001 , 19.4ch27@16 , -2.018E-001 ,  5.245E-004 ,  100.000 ,  100.000
075:010:51104 , V     , 8     ,       , -6.000E-002 , -1.986E-001 ,  7.860E-002 , -5.992E-002 , 19.3ch26@16 , -5.920E-002 , 19.4ch27@16 , -5.961E-002 ,  2.389E-004 ,  100.000 ,  100.000
075:025:51104 , A     , 8     ,       , -1.200E-001 , -3.972E-001 ,  1.572E-001 , -1.198E-001 , 19.3ch26@16 , -1.184E-001 , 19.4ch27@16 , -1.192E-001 ,  4.751E-004 ,  100.000 ,  100.000
075:030:51100 ,       , 8     ,       ,  1.000E+000 ,  8.614E-001 ,  1.139E+000 ,  9.993E-001 , 19.2ch27@16 ,  1.001E+000 , 19.4ch27@16 ,  1.000E+000 ,  6.818E-004 ,  67.760  ,  67.716 
075:035:51100 , A     , 8     ,       ,  0.000E+000 , -2.772E-001 ,  2.772E-001 , -1.428E-003 , 19.4ch27@16 , -2.111E-004 , 19.3ch26@16 , -7.486E-004 ,  4.203E-004 ,  100.000 ,  100.000
075:005:52000 , O     , 8     ,       ,  5.000E-001 ,  4.910E-001 ,  5.090E-001 ,  4.997E-001 , 19.1ch26@16 ,  5.001E-001 , 19.2ch26@16 ,  5.000E-001 ,  1.571E-004 ,  19.095  ,  19.079 
075:015:52000 , uA    , 8     ,       ,  0.000E+000 , -7.700E-001 ,  7.700E-001 , -2.528E-003 , 19.3ch26@16 , -1.816E-003 , 19.2ch27@16 , -2.097E-003 ,  2.106E-004 ,  100.000 ,  100.000
075:020:52000 , uA    , 8     ,       ,  0.000E+000 , -7.700E-001 ,  7.700E-001 ,  1.251E-004 , 19.1ch26@16 ,  6.667E-004 , 19.4ch26@16 ,  3.312E-004 ,  1.697E-004 ,  100.000 ,  100.000
075:010:52000 , V     , 8     ,       ,  1.000E-001 , -3.860E-002 ,  2.386E-001 ,  1.002E-001 , 19.1ch27@16 ,  1.006E-001 , 19.4ch27@16 ,  1.004E-001 ,  1.582E-004 ,  100.000 ,  100.000
075:025:52000 , A     , 8     ,       ,  2.000E-001 , -7.720E-002 ,  4.772E-001 ,  2.004E-001 , 19.3ch26@16 ,  2.011E-001 , 19.4ch27@16 ,  2.008E-001 ,  3.181E-004 ,  100.000 ,  100.000
075:010:52001 , V     , 8     ,       ,  2.500E-001 ,  1.114E-001 ,  3.886E-001 ,  2.494E-001 , 19.1ch27@16 ,  2.501E-001 , 19.3ch27@16 ,  2.498E-001 ,  2.113E-004 ,  100.000 ,  100.000
075:025:52001 , A     , 8     ,       ,  5.000E-001 ,  2.228E-001 ,  7.772E-001 ,  4.991E-001 , 19.1ch27@16 ,  5.001E-001 , 19.3ch27@16 ,  4.996E-001 ,  3.179E-004 ,  100.000 ,  100.000
075:010:52002 , V     , 8     ,       ,  5.000E-001 ,  3.614E-001 ,  6.386E-001 ,  4.984E-001 , 19.1ch27@16 ,  4.995E-001 , 19.2ch27@16 ,  4.989E-001 ,  4.364E-004 ,  100.000 ,  100.000
075:025:52002 , A     , 8     ,       ,  1.000E+000 ,  7.228E-001 ,  1.277E+000 ,  9.968E-001 , 19.4ch27@16 ,  9.988E-001 , 19.3ch27@16 ,  9.978E-001 ,  7.084E-004 ,  100.000 ,  100.000
075:010:52003 , V     , 8     ,       ,  7.500E-001 ,  6.114E-001 ,  8.886E-001 ,  7.478E-001 , 19.4ch27@16 ,  7.495E-001 , 19.2ch27@16 ,  7.486E-001 ,  6.165E-004 ,  74.938  ,  74.165 
075:025:52003 , A     , 8     ,       ,  1.500E+000 ,  1.223E+000 ,  1.777E+000 ,  1.495E+000 , 19.4ch27@16 ,  1.499E+000 , 19.2ch27@16 ,  1.497E+000 ,  1.039E-003 ,  88.937  ,  88.028 
075:010:52004 , V     , 8     ,       ,  1.000E+000 ,  8.614E-001 ,  1.139E+000 ,  9.973E-001 , 19.4ch27@16 ,  9.996E-001 , 19.2ch27@16 ,  9.984E-001 ,  7.837E-004 ,  58.950  ,  58.290 
075:025:52004 , A     , 8     ,       ,  2.000E+000 ,  1.723E+000 ,  2.277E+000 ,  1.995E+000 , 19.4ch27@16 ,  1.999E+000 , 19.2ch27@16 ,  1.997E+000 ,  1.353E-003 ,  68.276  ,  67.520 
075:030:52000 ,       , 8     ,       ,  1.000E+000 ,  8.614E-001 ,  1.139E+000 ,  1.001E+000 , 19.2ch27@16 ,  1.004E+000 , 19.4ch27@16 ,  1.002E+000 ,  8.211E-004 ,  56.265  ,  55.392 
075:035:52000 , A     , 8     ,       ,  0.000E+000 , -2.772E-001 ,  2.772E-001 , -1.300E-003 , 19.4ch27@16 , -1.262E-004 , 19.1ch27@16 , -6.676E-004 ,  3.785E-004 ,  100.000 ,  100.000
075:005:52100 , O     , 8     ,       ,  5.000E-001 ,  4.910E-001 ,  5.090E-001 ,  4.997E-001 , 19.1ch26@16 ,  5.001E-001 , 19.2ch26@16 ,  5.000E-001 ,  1.571E-004 ,  19.095  ,  19.079 
075:015:52100 , uA    , 8     ,       ,  0.000E+000 , -7.700E-001 ,  7.700E-001 , -2.528E-003 , 19.3ch26@16 , -1.816E-003 , 19.2ch27@16 , -2.097E-003 ,  2.106E-004 ,  100.000 ,  100.000
075:020:52100 , uA    , 8     ,       ,  0.000E+000 , -7.700E-001 ,  7.700E-001 ,  1.251E-004 , 19.1ch26@16 ,  6.667E-004 , 19.4ch26@16 ,  3.312E-004 ,  1.697E-004 ,  100.000 ,  100.000
075:010:52100 , V     , 8     ,       , -2.250E-001 , -3.636E-001 , -8.640E-002 , -2.250E-001 , 19.3ch26@16 , -2.240E-001 , 19.4ch27@16 , -2.246E-001 ,  3.386E-004 ,  100.000 ,  100.000
075:025:52100 , A     , 8     ,       , -4.500E-001 , -7.272E-001 , -1.728E-001 , -4.500E-001 , 19.3ch26@16 , -4.479E-001 , 19.4ch27@16 , -4.492E-001 ,  6.623E-004 ,  100.000 ,  100.000
075:010:52101 , V     , 8     ,       , -1.838E-001 , -3.224E-001 , -4.515E-002 , -1.837E-001 , 19.3ch26@16 , -1.828E-001 , 19.4ch27@16 , -1.833E-001 ,  3.120E-004 ,  100.000 ,  100.000
075:025:52101 , A     , 8     ,       , -3.675E-001 , -6.447E-001 , -9.030E-002 , -3.674E-001 , 19.3ch26@16 , -3.655E-001 , 19.4ch27@16 , -3.667E-001 ,  6.135E-004 ,  100.000 ,  100.000
075:010:52102 , V     , 8     ,       , -1.425E-001 , -2.811E-001 , -3.900E-003 , -1.425E-001 , 19.3ch26@16 , -1.416E-001 , 19.4ch27@16 , -1.421E-001 ,  2.905E-004 ,  100.000 ,  100.000
075:025:52102 , A     , 8     ,       , -2.850E-001 , -5.622E-001 , -7.800E-003 , -2.849E-001 , 19.3ch26@16 , -2.831E-001 , 19.4ch27@16 , -2.842E-001 ,  5.731E-004 ,  100.000 ,  100.000
075:010:52103 , V     , 8     ,       , -1.013E-001 , -2.399E-001 ,  3.735E-002 , -1.012E-001 , 19.3ch26@16 , -1.004E-001 , 19.4ch27@16 , -1.009E-001 ,  2.600E-004 ,  100.000 ,  100.000
075:025:52103 , A     , 8     ,       , -2.025E-001 , -4.797E-001 ,  7.470E-002 , -2.024E-001 , 19.3ch26@16 , -2.008E-001 , 19.4ch27@16 , -2.018E-001 ,  5.157E-004 ,  100.000 ,  100.000
075:010:52104 , V     , 8     ,       , -6.000E-002 , -1.986E-001 ,  7.860E-002 , -5.991E-002 , 19.3ch26@16 , -5.920E-002 , 19.4ch27@16 , -5.961E-002 ,  2.359E-004 ,  100.000 ,  100.000
075:025:52104 , A     , 8     ,       , -1.200E-001 , -3.972E-001 ,  1.572E-001 , -1.198E-001 , 19.3ch26@16 , -1.184E-001 , 19.4ch27@16 , -1.192E-001 ,  4.706E-004 ,  100.000 ,  100.000
075:030:52100 ,       , 8     ,       ,  1.000E+000 ,  8.614E-001 ,  1.139E+000 ,  9.993E-001 , 19.2ch27@16 ,  1.001E+000 , 19.4ch27@16 ,  1.000E+000 ,  6.959E-004 ,  66.385  ,  66.360 
075:035:52100 , A     , 8     ,       ,  0.000E+000 , -2.772E-001 ,  2.772E-001 , -1.430E-003 , 19.4ch27@16 , -2.534E-004 , 19.3ch26@16 , -7.621E-004 ,  4.120E-004 ,  100.000 ,  100.000
080:005:00000 , O     , 8     ,       ,  5.000E+004 ,  4.999E+004 ,  5.001E+004 ,  5.000E+004 , 19.1ch26@16 ,  5.000E+004 , 19.3ch26@16 ,  5.000E+004 ,  5.528E-001 ,  8.141   ,  7.891  
080:010:00000 , uA    , 8     ,       ,  0.000E+000 , -7.700E-001 ,  7.700E-001 , -2.528E-003 , 19.3ch26@16 , -1.816E-003 , 19.2ch27@16 , -2.097E-003 ,  2.106E-004 ,  100.000 ,  100.000
080:015:00000 , uA    , 8     ,       ,  0.000E+000 , -7.700E-001 ,  7.700E-001 ,  1.251E-004 , 19.1ch26@16 ,  6.667E-004 , 19.4ch26@16 ,  3.312E-004 ,  1.697E-004 ,  100.000 ,  100.000
080:020:00000 , V     , 8     ,       , -1.000E+000 , -1.139E+000 , -8.614E-001 , -1.000E+000 , 19.3ch26@16 , -1.000E+000 , 19.2ch27@16 , -1.000E+000 ,  3.543E-005 ,  100.000 ,  100.000
080:025:00000 , uA    , 8     ,       , -2.000E+001 , -2.277E+001 , -1.723E+001 , -2.000E+001 , 19.4ch26@16 , -2.000E+001 , 19.1ch27@16 , -2.000E+001 ,  3.560E-004 ,  100.000 ,  100.000
080:030:00000 , uA    , 8     , OS    , -2.000E+001 , -2.277E+001 , -1.723E+001 , -2.001E+001 , 19.4ch27@16 , -2.000E+001 , 19.1ch27@16 , -2.001E+001 ,  3.380E-003 ,  100.000 ,  100.000
080:020:00001 , V     , 8     ,       , -8.438E-001 , -9.824E-001 , -7.052E-001 , -8.439E-001 , 19.3ch26@16 , -8.438E-001 , 19.2ch27@16 , -8.438E-001 ,  2.138E-005 ,  100.000 ,  100.000
080:025:00001 , uA    , 8     ,       , -1.688E+001 , -1.965E+001 , -1.410E+001 , -1.687E+001 , 19.1ch26@16 , -1.687E+001 , 19.3ch27@16 , -1.687E+001 ,  2.811E-004 ,  100.000 ,  100.000
080:030:00001 , uA    , 8     , OS    , -1.687E+001 , -1.965E+001 , -1.410E+001 , -1.689E+001 , 19.4ch27@16 , -1.688E+001 , 19.1ch27@16 , -1.688E+001 ,  3.335E-003 ,  100.000 ,  100.000
080:020:00002 , V     , 8     ,       , -6.750E-001 , -8.136E-001 , -5.364E-001 , -6.751E-001 , 19.3ch26@16 , -6.751E-001 , 19.2ch27@16 , -6.751E-001 ,  2.132E-005 ,  100.000 ,  100.000
080:025:00002 , uA    , 8     ,       , -1.350E+001 , -1.627E+001 , -1.073E+001 , -1.350E+001 , 19.3ch26@16 , -1.350E+001 , 19.4ch27@16 , -1.350E+001 ,  2.038E-004 ,  100.000 ,  100.000
080:030:00002 , uA    , 8     , OS    , -1.350E+001 , -1.627E+001 , -1.073E+001 , -1.351E+001 , 19.4ch27@16 , -1.350E+001 , 19.1ch27@16 , -1.351E+001 ,  3.158E-003 ,  100.000 ,  100.000
080:020:00003 , V     , 8     ,       , -5.063E-001 , -6.449E-001 , -3.677E-001 , -5.064E-001 , 19.3ch26@16 , -5.063E-001 , 19.2ch27@16 , -5.063E-001 ,  2.147E-005 ,  100.000 ,  100.000
080:025:00003 , uA    , 8     ,       , -1.013E+001 , -1.290E+001 , -7.353E+000 , -1.013E+001 , 19.2ch26@16 , -1.012E+001 , 19.3ch27@16 , -1.012E+001 ,  3.807E-004 ,  100.000 ,  100.000
080:030:00003 , uA    , 8     , OS    , -1.013E+001 , -1.290E+001 , -7.353E+000 , -1.014E+001 , 19.4ch27@16 , -1.013E+001 , 19.1ch27@16 , -1.013E+001 ,  3.025E-003 ,  100.000 ,  100.000
080:020:00004 , V     , 8     ,       , -3.375E-001 , -4.761E-001 , -1.989E-001 , -3.376E-001 , 19.3ch26@16 , -3.376E-001 , 19.3ch27@16 , -3.376E-001 ,  1.206E-005 ,  100.000 ,  100.000
080:025:00004 , uA    , 8     ,       , -6.750E+000 , -9.522E+000 , -3.978E+000 , -6.750E+000 , 19.2ch26@16 , -6.749E+000 , 19.3ch27@16 , -6.750E+000 ,  2.786E-004 ,  100.000 ,  100.000
080:030:00004 , uA    , 8     , OS    , -6.750E+000 , -9.522E+000 , -3.978E+000 , -6.761E+000 , 19.4ch27@16 , -6.752E+000 , 19.1ch27@16 , -6.757E+000 ,  2.920E-003 ,  100.000 ,  100.000
080:020:00005 , V     , 8     ,       , -1.688E-001 , -3.074E-001 , -3.015E-002 , -1.689E-001 , 19.3ch26@16 , -1.688E-001 , 19.3ch27@16 , -1.688E-001 ,  2.356E-005 ,  100.000 ,  100.000
080:025:00005 , uA    , 8     ,       , -3.375E+000 , -6.147E+000 , -6.030E-001 , -3.375E+000 , 19.3ch26@16 , -3.374E+000 , 19.3ch27@16 , -3.374E+000 ,  3.913E-004 ,  100.000 ,  100.000
080:030:00005 , uA    , 8     , OS    , -3.375E+000 , -6.147E+000 , -6.026E-001 , -3.386E+000 , 19.4ch27@16 , -3.377E+000 , 19.1ch27@16 , -3.382E+000 ,  2.790E-003 ,  100.000 ,  100.000
080:020:00006 , V     , 8     ,       , -2.500E-002 , -1.636E-001 ,  1.136E-001 , -2.510E-002 , 19.3ch26@16 , -2.506E-002 , 19.3ch27@16 , -2.508E-002 ,  1.701E-005 ,  100.000 ,  100.000
080:025:00006 , uA    , 8     ,       , -5.000E-001 , -3.272E+000 ,  2.272E+000 , -4.998E-001 , 19.2ch26@16 , -4.990E-001 , 19.3ch27@16 , -4.995E-001 ,  2.857E-004 ,  100.000 ,  100.000
080:030:00006 , uA    , 8     , OS    , -4.994E-001 , -3.271E+000 ,  2.273E+000 , -5.105E-001 , 19.4ch27@16 , -5.017E-001 , 19.1ch27@16 , -5.067E-001 ,  2.699E-003 ,  100.000 ,  100.000
080:020:00007 , V     , 8     ,       ,  2.500E-002 , -1.136E-001 ,  1.636E-001 ,  2.490E-002 , 19.3ch26@16 ,  2.505E-002 , 19.1ch27@16 ,  2.499E-002 ,  5.939E-005 ,  100.000 ,  100.000
080:025:00007 , uA    , 8     ,       ,  5.000E-001 , -2.272E+000 ,  3.272E+000 ,  5.004E-001 , 19.3ch26@16 ,  5.031E-001 , 19.1ch27@16 ,  5.020E-001 ,  1.086E-003 ,  100.000 ,  100.000
080:030:00007 , uA    , 8     , OS    ,  5.023E-001 , -2.270E+000 ,  3.274E+000 ,  4.915E-001 , 19.4ch27@16 ,  5.001E-001 , 19.1ch27@16 ,  4.950E-001 ,  2.708E-003 ,  100.000 ,  100.000
080:020:00008 , V     , 8     ,       ,  1.688E-001 ,  3.015E-002 ,  3.074E-001 ,  1.689E-001 , 19.2ch26@16 ,  1.691E-001 , 19.1ch27@16 ,  1.690E-001 ,  7.378E-005 ,  100.000 ,  100.000
080:025:00008 , uA    , 8     ,       ,  3.375E+000 ,  6.030E-001 ,  6.147E+000 ,  3.380E+000 , 19.2ch26@16 ,  3.385E+000 , 19.1ch27@16 ,  3.383E+000 ,  1.428E-003 ,  100.000 ,  100.000
080:030:00008 , uA    , 8     , OS    ,  3.383E+000 ,  6.112E-001 ,  6.155E+000 ,  3.372E+000 , 19.4ch27@16 ,  3.381E+000 , 19.1ch27@16 ,  3.376E+000 ,  2.612E-003 ,  100.000 ,  100.000
080:020:00009 , V     , 8     ,       ,  3.375E-001 ,  1.989E-001 ,  4.761E-001 ,  3.370E-001 , 19.1ch26@16 ,  3.372E-001 , 19.2ch27@16 ,  3.371E-001 ,  7.342E-005 ,  100.000 ,  100.000
080:025:00009 , uA    , 8     ,       ,  6.750E+000 ,  3.978E+000 ,  9.522E+000 ,  6.742E+000 , 19.1ch26@16 ,  6.746E+000 , 19.2ch27@16 ,  6.745E+000 ,  1.350E-003 ,  100.000 ,  100.000
080:030:00009 , uA    , 8     , OS    ,  6.742E+000 ,  3.970E+000 ,  9.514E+000 ,  6.751E+000 , 19.3ch27@16 ,  6.763E+000 , 19.1ch27@16 ,  6.754E+000 ,  3.973E-003 ,  100.000 ,  100.000
080:020:00010 , V     , 8     ,       ,  5.063E-001 ,  3.677E-001 ,  6.449E-001 ,  5.057E-001 , 19.1ch26@16 ,  5.059E-001 , 19.2ch27@16 ,  5.058E-001 ,  7.366E-005 ,  100.000 ,  100.000
080:025:00010 , uA    , 8     ,       ,  1.013E+001 ,  7.353E+000 ,  1.290E+001 ,  1.012E+001 , 19.1ch26@16 ,  1.012E+001 , 19.2ch27@16 ,  1.012E+001 ,  1.385E-003 ,  100.000 ,  100.000
080:030:00010 , uA    , 8     , OS    ,  1.012E+001 ,  7.343E+000 ,  1.289E+001 ,  1.013E+001 , 19.3ch27@16 ,  1.015E+001 , 19.1ch27@16 ,  1.014E+001 ,  4.880E-003 ,  100.000 ,  100.000
080:020:00011 , V     , 8     ,       ,  6.750E-001 ,  5.364E-001 ,  8.136E-001 ,  6.746E-001 , 19.1ch26@16 ,  6.747E-001 , 19.3ch27@16 ,  6.746E-001 ,  5.480E-005 ,  100.000 ,  100.000
080:025:00011 , uA    , 8     ,       ,  1.350E+001 ,  1.073E+001 ,  1.627E+001 ,  1.349E+001 , 19.4ch26@16 ,  1.350E+001 , 19.2ch27@16 ,  1.349E+001 ,  1.005E-003 ,  100.000 ,  100.000
080:030:00011 , uA    , 8     , OS    ,  1.349E+001 ,  1.072E+001 ,  1.627E+001 ,  1.351E+001 , 19.3ch27@16 ,  1.353E+001 , 19.1ch27@16 ,  1.352E+001 ,  5.370E-003 ,  100.000 ,  100.000
080:020:00012 , V     , 8     ,       ,  8.438E-001 ,  7.052E-001 ,  9.824E-001 ,  8.436E-001 , 19.3ch26@16 ,  8.437E-001 , 19.2ch27@16 ,  8.436E-001 ,  2.354E-005 ,  100.000 ,  100.000
080:025:00012 , uA    , 8     ,       ,  1.688E+001 ,  1.410E+001 ,  1.965E+001 ,  1.687E+001 , 19.4ch26@16 ,  1.688E+001 , 19.2ch27@16 ,  1.687E+001 ,  3.427E-004 ,  100.000 ,  100.000
080:030:00012 , uA    , 8     , OS    ,  1.687E+001 ,  1.410E+001 ,  1.965E+001 ,  1.689E+001 , 19.3ch27@16 ,  1.691E+001 , 19.1ch27@16 ,  1.690E+001 ,  5.762E-003 ,  100.000 ,  100.000
080:020:00013 , V     , 8     ,       ,  1.000E+000 ,  8.614E-001 ,  1.139E+000 ,  1.000E+000 , 19.2ch26@16 ,  1.000E+000 , 19.4ch27@16 ,  1.000E+000 ,  3.738E-005 ,  100.000 ,  100.000
080:025:00013 , uA    , 8     ,       ,  2.000E+001 ,  1.723E+001 ,  2.277E+001 ,  2.000E+001 , 19.2ch27@16 ,  2.001E+001 , 19.1ch26@16 ,  2.001E+001 ,  6.976E-004 ,  100.000 ,  100.000
080:030:00013 , uA    , 8     , OS    ,  2.001E+001 ,  1.723E+001 ,  2.278E+001 ,  2.003E+001 , 19.3ch27@16 ,  2.004E+001 , 19.1ch27@16 ,  2.003E+001 ,  6.081E-003 ,  100.000 ,  100.000
080:035:00000 ,       , 8     ,       ,  1.000E+000 ,  8.614E-001 ,  1.139E+000 ,  9.999E-001 , 19.4ch27@16 ,  1.000E+000 , 19.4ch26@16 ,  1.000E+000 ,  5.972E-005 ,  100.000 ,  100.000
080:040:00000 , uA    , 8     ,       ,  0.000E+000 , -2.772E+000 ,  2.772E+000 ,  1.504E-003 , 19.1ch27@16 ,  1.073E-002 , 19.4ch27@16 ,  7.305E-003 ,  3.275E-003 ,  100.000 ,  100.000
080:035:00001 ,       , 8     ,       ,  1.000E+000 ,  8.614E-001 ,  1.139E+000 ,  9.999E-001 , 19.4ch27@16 ,  1.000E+000 , 19.4ch26@16 ,  1.000E+000 ,  5.972E-005 ,  100.000 ,  100.000
080:040:00001 , uA    , 8     ,       ,  0.000E+000 , -2.772E+000 ,  2.772E+000 ,  1.504E-003 , 19.1ch27@16 ,  1.073E-002 , 19.4ch27@16 ,  7.305E-003 ,  3.275E-003 ,  100.000 ,  100.000
080:035:00002 ,       , 8     ,       ,  1.000E+000 ,  8.614E-001 ,  1.139E+000 ,  9.999E-001 , 19.4ch27@16 ,  1.000E+000 , 19.4ch26@16 ,  1.000E+000 ,  5.972E-005 ,  100.000 ,  100.000
080:040:00002 , uA    , 8     ,       ,  0.000E+000 , -2.772E+000 ,  2.772E+000 ,  1.504E-003 , 19.1ch27@16 ,  1.073E-002 , 19.4ch27@16 ,  7.305E-003 ,  3.275E-003 ,  100.000 ,  100.000
080:035:00003 ,       , 8     ,       ,  1.000E+000 ,  8.614E-001 ,  1.139E+000 ,  9.999E-001 , 19.4ch27@16 ,  1.000E+000 , 19.3ch26@16 ,  1.000E+000 ,  8.257E-005 ,  100.000 ,  100.000
080:040:00003 , uA    , 8     ,       ,  0.000E+000 , -2.772E+000 ,  2.772E+000 ,  1.728E-003 , 19.1ch27@16 ,  9.842E-003 , 19.4ch27@16 ,  6.470E-003 ,  2.632E-003 ,  100.000 ,  100.000
080:035:00004 ,       , 8     ,       ,  1.000E+000 ,  8.614E-001 ,  1.139E+000 ,  9.999E-001 , 19.4ch27@16 ,  1.000E+000 , 19.1ch27@16 ,  1.000E+000 ,  6.078E-005 ,  100.000 ,  100.000
080:040:00004 , uA    , 8     ,       ,  0.000E+000 , -2.772E+000 ,  2.772E+000 ,  2.571E-003 , 19.1ch27@16 ,  1.066E-002 , 19.4ch27@16 ,  7.156E-003 ,  2.680E-003 ,  100.000 ,  100.000
080:035:00005 ,       , 8     ,       ,  1.000E+000 ,  8.614E-001 ,  1.139E+000 ,  1.000E+000 , 19.4ch27@16 ,  1.000E+000 , 19.3ch27@16 ,  1.000E+000 ,  5.323E-005 ,  100.000 ,  100.000
080:040:00005 , uA    , 8     ,       ,  0.000E+000 , -2.772E+000 ,  2.772E+000 ,  2.138E-003 , 19.1ch27@16 ,  1.102E-002 , 19.4ch27@16 ,  7.310E-003 ,  2.734E-003 ,  100.000 ,  100.000
080:035:00006 ,       , 8     ,       ,  1.000E+000 ,  8.614E-001 ,  1.139E+000 ,  9.999E-001 , 19.2ch26@16 ,  1.000E+000 , 19.1ch27@16 ,  1.000E+000 ,  6.172E-005 ,  100.000 ,  100.000
080:040:00006 , uA    , 8     ,       ,  0.000E+000 , -2.772E+000 ,  2.772E+000 ,  2.433E-003 , 19.1ch27@16 ,  1.122E-002 , 19.4ch27@16 ,  7.204E-003 ,  2.669E-003 ,  100.000 ,  100.000
080:035:00007 ,       , 8     ,       ,  1.000E+000 ,  8.614E-001 ,  1.139E+000 ,  9.999E-001 , 19.4ch27@16 ,  1.000E+000 , 19.4ch26@16 ,  1.000E+000 ,  6.613E-005 ,  100.000 ,  100.000
080:040:00007 , uA    , 8     ,       ,  0.000E+000 , -2.772E+000 ,  2.772E+000 ,  2.326E-003 , 19.1ch27@16 ,  1.102E-002 , 19.4ch27@16 ,  7.287E-003 ,  2.685E-003 ,  100.000 ,  100.000
080:035:00008 ,       , 8     ,       ,  1.000E+000 ,  8.614E-001 ,  1.139E+000 ,  1.000E+000 , 19.4ch27@16 ,  1.000E+000 , 19.1ch27@16 ,  1.000E+000 ,  4.922E-005 ,  100.000 ,  100.000
080:040:00008 , uA    , 8     ,       ,  0.000E+000 , -2.772E+000 ,  2.772E+000 ,  2.321E-003 , 19.1ch27@16 ,  1.103E-002 , 19.4ch27@16 ,  7.278E-003 ,  2.687E-003 ,  100.000 ,  100.000
080:035:00009 ,       , 8     ,       ,  1.000E+000 ,  8.614E-001 ,  1.139E+000 ,  9.929E-001 , 19.1ch26@16 ,  9.953E-001 , 19.2ch27@16 ,  9.941E-001 ,  1.006E-003 ,  45.924  ,  43.983 
080:040:00009 , uA    , 8     ,       ,  0.000E+000 , -2.772E+000 ,  2.772E+000 ,  2.138E-002 , 19.2ch27@16 ,  3.369E-002 , 19.4ch27@16 ,  2.717E-002 ,  4.574E-003 ,  100.000 ,  100.000
080:035:00010 ,       , 8     ,       ,  1.000E+000 ,  8.614E-001 ,  1.139E+000 ,  9.970E-001 , 19.4ch27@16 ,  9.981E-001 , 19.2ch27@16 ,  9.975E-001 ,  4.335E-004 ,  100.000 ,  100.000
080:040:00010 , uA    , 8     ,       ,  0.000E+000 , -2.772E+000 ,  2.772E+000 , -2.810E-003 , 19.1ch27@16 ,  8.265E-003 , 19.4ch27@16 ,  4.213E-003 ,  3.553E-003 ,  100.000 ,  100.000
080:035:00011 ,       , 8     ,       ,  1.000E+000 ,  8.614E-001 ,  1.139E+000 ,  9.986E-001 , 19.4ch27@16 ,  9.992E-001 , 19.3ch27@16 ,  9.989E-001 ,  2.307E-004 ,  100.000 ,  100.000
080:040:00011 , uA    , 8     ,       ,  0.000E+000 , -2.772E+000 ,  2.772E+000 , -1.850E-002 , 19.1ch27@16 , -5.889E-003 , 19.2ch26@16 , -9.794E-003 ,  4.005E-003 ,  100.000 ,  100.000
080:035:00012 ,       , 8     ,       ,  1.000E+000 ,  8.614E-001 ,  1.139E+000 ,  9.992E-001 , 19.4ch27@16 ,  9.997E-001 , 19.2ch27@16 ,  9.995E-001 ,  1.840E-004 ,  100.000 ,  100.000
080:040:00012 , uA    , 8     ,       ,  0.000E+000 , -2.772E+000 ,  2.772E+000 , -2.729E-002 , 19.1ch27@16 , -1.390E-002 , 19.2ch26@16 , -1.768E-002 ,  4.369E-003 ,  100.000 ,  100.000
080:035:00013 ,       , 8     ,       ,  1.000E+000 ,  8.614E-001 ,  1.139E+000 ,  9.997E-001 , 19.3ch26@16 ,  1.000E+000 , 19.3ch27@16 ,  9.999E-001 ,  1.396E-004 ,  100.000 ,  100.000
080:040:00013 , uA    , 8     ,       ,  0.000E+000 , -2.772E+000 ,  2.772E+000 , -3.140E-002 , 19.1ch27@16 , -1.857E-002 , 19.2ch26@16 , -2.368E-002 ,  4.406E-003 ,  100.000 ,  100.000
080:035:00014 ,       , 8     ,       ,  1.000E+000 ,  8.614E-001 ,  1.139E+000 ,  9.997E-001 , 19.3ch26@16 ,  1.000E+000 , 19.3ch27@16 ,  9.999E-001 ,  1.396E-004 ,  100.000 ,  100.000
080:040:00014 , uA    , 8     ,       ,  0.000E+000 , -2.772E+000 ,  2.772E+000 , -3.140E-002 , 19.1ch27@16 , -1.857E-002 , 19.2ch26@16 , -2.368E-002 ,  4.406E-003 ,  100.000 ,  100.000
080:035:00015 ,       , 8     ,       ,  1.000E+000 ,  8.614E-001 ,  1.139E+000 ,  9.997E-001 , 19.3ch26@16 ,  1.000E+000 , 19.3ch27@16 ,  9.999E-001 ,  1.396E-004 ,  100.000 ,  100.000
080:040:00015 , uA    , 8     ,       ,  0.000E+000 , -2.772E+000 ,  2.772E+000 , -3.140E-002 , 19.1ch27@16 , -1.857E-002 , 19.2ch26@16 , -2.368E-002 ,  4.406E-003 ,  100.000 ,  100.000
080:005:01000 , O     , 8     ,       ,  5.000E+003 ,  4.999E+003 ,  5.001E+003 ,  5.000E+003 , 19.4ch26@16 ,  5.000E+003 , 19.3ch26@16 ,  5.000E+003 ,  3.969E-002 ,  11.339  ,  10.717 
080:010:01000 , uA    , 8     ,       ,  0.000E+000 , -7.700E-001 ,  7.700E-001 , -2.528E-003 , 19.3ch26@16 , -1.816E-003 , 19.2ch27@16 , -2.097E-003 ,  2.106E-004 ,  100.000 ,  100.000
080:015:01000 , uA    , 8     ,       ,  0.000E+000 , -7.700E-001 ,  7.700E-001 ,  1.251E-004 , 19.1ch26@16 ,  6.667E-004 , 19.4ch26@16 ,  3.312E-004 ,  1.697E-004 ,  100.000 ,  100.000
080:020:01000 , V     , 8     ,       , -1.000E+000 , -1.139E+000 , -8.614E-001 , -1.000E+000 , 19.1ch27@16 , -1.000E+000 , 19.2ch26@16 , -1.000E+000 ,  1.307E-005 ,  100.000 ,  100.000
080:025:01000 , uA    , 8     ,       , -2.000E+002 , -2.277E+002 , -1.723E+002 , -2.000E+002 , 19.1ch27@16 , -2.000E+002 , 19.3ch27@16 , -2.000E+002 ,  2.049E-003 ,  100.000 ,  100.000
080:030:01000 , uA    , 8     , OS    , -2.000E+002 , -2.277E+002 , -1.723E+002 , -1.818E+002 , 19.4ch27@16 , -1.817E+002 , 19.1ch27@16 , -1.817E+002 ,  3.324E-002 ,  100.000 ,  94.829 
080:020:01001 , V     , 8     ,       , -8.438E-001 , -9.824E-001 , -7.052E-001 , -8.437E-001 , 19.3ch27@16 , -8.437E-001 , 19.4ch27@16 , -8.437E-001 ,  1.729E-005 ,  100.000 ,  100.000
080:025:01001 , uA    , 8     ,       , -1.688E+002 , -1.965E+002 , -1.410E+002 , -1.687E+002 , 19.4ch26@16 , -1.687E+002 , 19.3ch26@16 , -1.687E+002 ,  3.360E-003 ,  100.000 ,  100.000
080:030:01001 , uA    , 8     , OS    , -1.687E+002 , -1.965E+002 , -1.410E+002 , -1.534E+002 , 19.4ch27@16 , -1.533E+002 , 19.1ch27@16 , -1.533E+002 ,  3.263E-002 ,  100.000 ,  100.000
080:020:01002 , V     , 8     ,       , -6.750E-001 , -8.136E-001 , -5.364E-001 , -6.750E-001 , 19.1ch27@16 , -6.750E-001 , 19.3ch26@16 , -6.750E-001 ,  1.164E-005 ,  100.000 ,  100.000
080:025:01002 , uA    , 8     ,       , -1.350E+002 , -1.627E+002 , -1.073E+002 , -1.350E+002 , 19.1ch27@16 , -1.350E+002 , 19.3ch26@16 , -1.350E+002 ,  2.102E-003 ,  100.000 ,  100.000
080:030:01002 , uA    , 8     , OS    , -1.350E+002 , -1.627E+002 , -1.073E+002 , -1.227E+002 , 19.4ch27@16 , -1.226E+002 , 19.1ch27@16 , -1.227E+002 ,  3.157E-002 ,  100.000 ,  100.000
080:020:01003 , V     , 8     ,       , -5.063E-001 , -6.449E-001 , -3.677E-001 , -5.063E-001 , 19.1ch26@16 , -5.062E-001 , 19.3ch26@16 , -5.062E-001 ,  1.404E-005 ,  100.000 ,  100.000
080:025:01003 , uA    , 8     ,       , -1.013E+002 , -1.290E+002 , -7.353E+001 , -1.012E+002 , 19.4ch26@16 , -1.012E+002 , 19.3ch26@16 , -1.012E+002 ,  3.225E-003 ,  100.000 ,  100.000
080:030:01003 , uA    , 8     , OS    , -1.012E+002 , -1.290E+002 , -7.353E+001 , -9.207E+001 , 19.4ch27@16 , -9.197E+001 , 19.1ch27@16 , -9.203E+001 ,  3.006E-002 ,  100.000 ,  100.000
080:020:01004 , V     , 8     ,       , -3.375E-001 , -4.761E-001 , -1.989E-001 , -3.375E-001 , 19.2ch26@16 , -3.375E-001 , 19.3ch27@16 , -3.375E-001 ,  1.189E-005 ,  100.000 ,  100.000
080:025:01004 , uA    , 8     ,       , -6.750E+001 , -9.522E+001 , -3.978E+001 , -6.750E+001 , 19.2ch26@16 , -6.749E+001 , 19.3ch27@16 , -6.749E+001 ,  2.910E-003 ,  100.000 ,  100.000
080:030:01004 , uA    , 8     , OS    , -6.749E+001 , -9.521E+001 , -3.977E+001 , -6.141E+001 , 19.4ch27@16 , -6.132E+001 , 19.1ch27@16 , -6.137E+001 ,  2.899E-002 ,  100.000 ,  100.000
080:020:01005 , V     , 8     ,       , -1.688E-001 , -3.074E-001 , -3.015E-002 , -1.687E-001 , 19.4ch26@16 , -1.687E-001 , 19.1ch27@16 , -1.687E-001 ,  1.129E-005 ,  100.000 ,  100.000
080:025:01005 , uA    , 8     ,       , -3.375E+001 , -6.147E+001 , -6.030E+000 , -3.375E+001 , 19.4ch26@16 , -3.374E+001 , 19.1ch27@16 , -3.374E+001 ,  2.503E-003 ,  100.000 ,  100.000
080:030:01005 , uA    , 8     , OS    , -3.374E+001 , -6.146E+001 , -6.021E+000 , -3.075E+001 , 19.4ch27@16 , -3.066E+001 , 19.1ch27@16 , -3.071E+001 ,  2.759E-002 ,  100.000 ,  100.000
080:020:01006 , V     , 8     ,       , -2.500E-003 , -1.411E-001 ,  1.361E-001 , -2.654E-003 , 19.2ch27@16 , -2.466E-003 , 19.3ch27@16 , -2.516E-003 ,  6.627E-005 ,  100.000 ,  100.000
080:025:01006 , uA    , 8     ,       , -5.000E-001 , -2.822E+001 ,  2.722E+001 , -5.289E-001 , 19.2ch27@16 , -4.910E-001 , 19.3ch27@16 , -5.012E-001 ,  1.337E-002 ,  100.000 ,  100.000
080:030:01006 , uA    , 8     , OS    , -4.943E-001 , -2.821E+001 ,  2.723E+001 , -5.507E-001 , 19.4ch27@16 , -4.646E-001 , 19.1ch27@16 , -5.129E-001 ,  2.698E-002 ,  100.000 ,  100.000
080:020:01007 , V     , 8     ,       ,  2.500E-003 , -1.361E-001 ,  1.411E-001 ,  2.505E-003 , 19.3ch26@16 ,  2.647E-003 , 19.1ch26@16 ,  2.567E-003 ,  4.582E-005 ,  100.000 ,  100.000
080:025:01007 , uA    , 8     ,       ,  5.000E-001 , -2.722E+001 ,  2.822E+001 ,  5.035E-001 , 19.3ch26@16 ,  5.315E-001 , 19.1ch26@16 ,  5.155E-001 ,  9.100E-003 ,  100.000 ,  100.000
080:030:01007 , uA    , 8     , OS    ,  5.315E-001 , -2.719E+001 ,  2.825E+001 ,  3.802E-001 , 19.4ch27@16 ,  4.687E-001 , 19.1ch27@16 ,  4.198E-001 ,  2.736E-002 ,  100.000 ,  100.000
080:020:01008 , V     , 8     ,       ,  1.688E-001 ,  3.015E-002 ,  3.074E-001 ,  1.690E-001 , 19.2ch26@16 ,  1.693E-001 , 19.1ch26@16 ,  1.691E-001 ,  8.126E-005 ,  100.000 ,  100.000
080:025:01008 , uA    , 8     ,       ,  3.375E+001 ,  6.030E+000 ,  6.147E+001 ,  3.381E+001 , 19.2ch26@16 ,  3.385E+001 , 19.1ch26@16 ,  3.383E+001 ,  1.618E-002 ,  100.000 ,  100.000
080:030:01008 , uA    , 8     , OS    ,  3.385E+001 ,  6.132E+000 ,  6.157E+001 ,  3.065E+001 , 19.4ch27@16 ,  3.073E+001 , 19.1ch27@16 ,  3.069E+001 ,  2.699E-002 ,  100.000 ,  100.000
080:020:01009 , V     , 8     ,       ,  3.375E-001 ,  1.989E-001 ,  4.761E-001 ,  3.372E-001 , 19.1ch27@16 ,  3.373E-001 , 19.3ch27@16 ,  3.373E-001 ,  5.343E-005 ,  100.000 ,  100.000
080:025:01009 , uA    , 8     ,       ,  6.750E+001 ,  3.978E+001 ,  9.522E+001 ,  6.744E+001 , 19.1ch27@16 ,  6.747E+001 , 19.3ch27@16 ,  6.746E+001 ,  1.074E-002 ,  100.000 ,  100.000
080:030:01009 , uA    , 8     , OS    ,  6.744E+001 ,  3.972E+001 ,  9.516E+001 ,  6.133E+001 , 19.3ch27@16 ,  6.145E+001 , 19.1ch27@16 ,  6.137E+001 ,  3.762E-002 ,  100.000 ,  100.000
080:020:01010 , V     , 8     ,       ,  5.063E-001 ,  3.677E-001 ,  6.449E-001 ,  5.057E-001 , 19.1ch27@16 ,  5.059E-001 , 19.2ch26@16 ,  5.058E-001 ,  6.451E-005 ,  100.000 ,  100.000
080:025:01010 , uA    , 8     ,       ,  1.013E+002 ,  7.353E+001 ,  1.290E+002 ,  1.012E+002 , 19.1ch27@16 ,  1.012E+002 , 19.2ch26@16 ,  1.012E+002 ,  1.308E-002 ,  100.000 ,  100.000
080:030:01010 , uA    , 8     , OS    ,  1.012E+002 ,  7.343E+001 ,  1.289E+002 ,  9.203E+001 , 19.3ch27@16 ,  9.217E+001 , 19.1ch27@16 ,  9.208E+001 ,  4.499E-002 ,  100.000 ,  100.000
080:020:01011 , V     , 8     ,       ,  6.750E-001 ,  5.364E-001 ,  8.136E-001 ,  6.746E-001 , 19.1ch27@16 ,  6.747E-001 , 19.2ch27@16 ,  6.746E-001 ,  5.142E-005 ,  100.000 ,  100.000
080:025:01011 , uA    , 8     ,       ,  1.350E+002 ,  1.073E+002 ,  1.627E+002 ,  1.349E+002 , 19.1ch27@16 ,  1.349E+002 , 19.2ch27@16 ,  1.349E+002 ,  1.027E-002 ,  100.000 ,  100.000
080:030:01011 , uA    , 8     , OS    ,  1.349E+002 ,  1.072E+002 ,  1.626E+002 ,  1.227E+002 , 19.3ch27@16 ,  1.229E+002 , 19.1ch27@16 ,  1.228E+002 ,  5.003E-002 ,  100.000 ,  100.000
080:020:01012 , V     , 8     ,       ,  8.438E-001 ,  7.052E-001 ,  9.824E-001 ,  8.436E-001 , 19.4ch27@16 ,  8.436E-001 , 19.3ch27@16 ,  8.436E-001 ,  1.975E-005 ,  100.000 ,  100.000
080:025:01012 , uA    , 8     ,       ,  1.688E+002 ,  1.410E+002 ,  1.965E+002 ,  1.687E+002 , 19.4ch27@16 ,  1.687E+002 , 19.3ch27@16 ,  1.687E+002 ,  3.468E-003 ,  100.000 ,  100.000
080:030:01012 , uA    , 8     , OS    ,  1.687E+002 ,  1.410E+002 ,  1.964E+002 ,  1.535E+002 , 19.3ch27@16 ,  1.536E+002 , 19.1ch27@16 ,  1.535E+002 ,  5.175E-002 ,  100.000 ,  80.661 
080:020:01013 , V     , 8     ,       ,  1.000E+000 ,  8.614E-001 ,  1.139E+000 ,  1.000E+000 , 19.2ch27@16 ,  1.000E+000 , 19.1ch26@16 ,  1.000E+000 ,  2.574E-005 ,  100.000 ,  100.000
080:025:01013 , uA    , 8     ,       ,  2.000E+002 ,  1.723E+002 ,  2.277E+002 ,  2.000E+002 , 19.2ch27@16 ,  2.000E+002 , 19.1ch26@16 ,  2.000E+002 ,  4.631E-003 ,  100.000 ,  100.000
080:030:01013 , uA    , 8     , OS    ,  2.000E+002 ,  1.723E+002 ,  2.278E+002 ,  1.819E+002 , 19.3ch27@16 ,  1.821E+002 , 19.1ch27@16 ,  1.820E+002 ,  5.379E-002 ,  100.000 ,  59.893 
080:035:01000 ,       , 8     ,       ,  1.000E+000 ,  8.614E-001 ,  1.139E+000 ,  1.101E+000 , 19.2ch26@16 ,  1.101E+000 , 19.3ch26@16 ,  1.101E+000 ,  1.100E-004 ,  100.000 ,  100.000
080:040:01000 , uA    , 8     ,       ,  0.000E+000 , -2.772E+001 ,  2.772E+001 ,  3.709E-003 , 19.1ch27@16 ,  1.319E-001 , 19.4ch27@16 ,  7.243E-002 ,  3.734E-002 ,  100.000 ,  100.000
080:035:01001 ,       , 8     ,       ,  1.000E+000 ,  8.614E-001 ,  1.139E+000 ,  1.101E+000 , 19.2ch26@16 ,  1.101E+000 , 19.3ch26@16 ,  1.101E+000 ,  1.100E-004 ,  100.000 ,  100.000
080:040:01001 , uA    , 8     ,       ,  0.000E+000 , -2.772E+001 ,  2.772E+001 ,  3.709E-003 , 19.1ch27@16 ,  1.319E-001 , 19.4ch27@16 ,  7.243E-002 ,  3.734E-002 ,  100.000 ,  100.000
080:035:01002 ,       , 8     ,       ,  1.000E+000 ,  8.614E-001 ,  1.139E+000 ,  1.101E+000 , 19.2ch26@16 ,  1.101E+000 , 19.3ch26@16 ,  1.101E+000 ,  1.100E-004 ,  100.000 ,  100.000
080:040:01002 , uA    , 8     ,       ,  0.000E+000 , -2.772E+001 ,  2.772E+001 ,  3.709E-003 , 19.1ch27@16 ,  1.319E-001 , 19.4ch27@16 ,  7.243E-002 ,  3.734E-002 ,  100.000 ,  100.000
080:035:01003 ,       , 8     ,       ,  1.000E+000 ,  8.614E-001 ,  1.139E+000 ,  1.101E+000 , 19.4ch27@16 ,  1.101E+000 , 19.1ch27@16 ,  1.101E+000 ,  5.758E-005 ,  100.000 ,  100.000
080:040:01003 , uA    , 8     ,       ,  0.000E+000 , -2.772E+001 ,  2.772E+001 ,  1.021E-002 , 19.1ch27@16 ,  9.963E-002 , 19.4ch27@16 ,  6.469E-002 ,  3.054E-002 ,  100.000 ,  100.000
080:035:01004 ,       , 8     ,       ,  1.000E+000 ,  8.614E-001 ,  1.139E+000 ,  1.101E+000 , 19.2ch26@16 ,  1.101E+000 , 19.1ch27@16 ,  1.101E+000 ,  1.177E-004 ,  100.000 ,  100.000
080:040:01004 , uA    , 8     ,       ,  0.000E+000 , -2.772E+001 ,  2.772E+001 ,  1.259E-002 , 19.1ch27@16 ,  1.112E-001 , 19.4ch27@16 ,  6.731E-002 ,  3.067E-002 ,  100.000 ,  100.000
080:035:01005 ,       , 8     ,       ,  1.000E+000 ,  8.614E-001 ,  1.139E+000 ,  1.101E+000 , 19.1ch26@16 ,  1.101E+000 , 19.1ch27@16 ,  1.101E+000 ,  7.409E-005 ,  100.000 ,  100.000
080:040:01005 , uA    , 8     ,       ,  0.000E+000 , -2.772E+001 ,  2.772E+001 ,  2.174E-002 , 19.1ch27@16 ,  1.147E-001 , 19.4ch27@16 ,  7.480E-002 ,  2.992E-002 ,  100.000 ,  100.000
080:035:01006 ,       , 8     ,       ,  1.000E+000 ,  8.614E-001 ,  1.139E+000 ,  1.101E+000 , 19.2ch26@16 ,  1.101E+000 , 19.1ch27@16 ,  1.101E+000 ,  1.078E-004 ,  100.000 ,  100.000
080:040:01006 , uA    , 8     ,       ,  0.000E+000 , -2.772E+001 ,  2.772E+001 ,  1.744E-002 , 19.1ch27@16 ,  1.116E-001 , 19.4ch27@16 ,  6.878E-002 ,  2.927E-002 ,  100.000 ,  100.000
080:035:01007 ,       , 8     ,       ,  1.000E+000 ,  8.614E-001 ,  1.139E+000 ,  1.101E+000 , 19.2ch26@16 ,  1.101E+000 , 19.3ch27@16 ,  1.101E+000 ,  9.302E-005 ,  100.000 ,  100.000
080:040:01007 , uA    , 8     ,       ,  0.000E+000 , -2.772E+001 ,  2.772E+001 ,  1.715E-002 , 19.1ch27@16 ,  1.121E-001 , 19.4ch27@16 ,  7.094E-002 ,  2.957E-002 ,  100.000 ,  100.000
080:035:01008 ,       , 8     ,       ,  1.000E+000 ,  8.614E-001 ,  1.139E+000 ,  1.101E+000 , 19.2ch26@16 ,  1.101E+000 , 19.4ch26@16 ,  1.101E+000 ,  7.802E-005 ,  100.000 ,  100.000
080:040:01008 , uA    , 8     ,       ,  0.000E+000 , -2.772E+001 ,  2.772E+001 ,  1.712E-002 , 19.1ch27@16 ,  1.121E-001 , 19.4ch27@16 ,  7.092E-002 ,  2.957E-002 ,  100.000 ,  100.000
080:035:01009 ,       , 8     ,       ,  1.000E+000 ,  8.614E-001 ,  1.139E+000 ,  1.093E+000 , 19.1ch26@16 ,  1.096E+000 , 19.2ch27@16 ,  1.095E+000 ,  1.112E-003 ,  41.560  ,  13.154 
080:040:01009 , uA    , 8     ,       ,  0.000E+000 , -2.772E+001 ,  2.772E+001 ,  2.024E-001 , 19.2ch27@16 ,  3.313E-001 , 19.4ch27@16 ,  2.596E-001 ,  4.902E-002 ,  100.000 ,  100.000
080:035:01010 ,       , 8     ,       ,  1.000E+000 ,  8.614E-001 ,  1.139E+000 ,  1.097E+000 , 19.4ch27@16 ,  1.098E+000 , 19.2ch27@16 ,  1.098E+000 ,  4.503E-004 ,  100.000 ,  30.412 
080:040:01010 , uA    , 8     ,       ,  0.000E+000 , -2.772E+001 ,  2.772E+001 ,  1.396E-002 , 19.1ch27@16 ,  1.334E-001 , 19.4ch27@16 ,  8.852E-002 ,  3.755E-002 ,  100.000 ,  100.000
080:035:01011 ,       , 8     ,       ,  1.000E+000 ,  8.614E-001 ,  1.139E+000 ,  1.099E+000 , 19.4ch26@16 ,  1.100E+000 , 19.2ch27@16 ,  1.099E+000 ,  3.002E-004 ,  100.000 ,  43.602 
080:040:01011 , uA    , 8     ,       ,  0.000E+000 , -2.772E+001 ,  2.772E+001 , -1.662E-001 , 19.1ch27@16 , -4.190E-002 , 19.4ch26@16 , -7.801E-002 ,  3.962E-002 ,  100.000 ,  100.000
080:035:01012 ,       , 8     ,       ,  1.000E+000 ,  8.614E-001 ,  1.139E+000 ,  1.100E+000 , 19.4ch27@16 ,  1.100E+000 , 19.2ch27@16 ,  1.100E+000 ,  1.687E-004 ,  100.000 ,  76.008 
080:040:01012 , uA    , 8     ,       ,  0.000E+000 , -2.772E+001 ,  2.772E+001 , -2.777E-001 , 19.1ch27@16 , -1.304E-001 , 19.2ch26@16 , -1.759E-001 ,  4.847E-002 ,  100.000 ,  100.000
080:035:01013 ,       , 8     ,       ,  1.000E+000 ,  8.614E-001 ,  1.139E+000 ,  1.100E+000 , 19.4ch26@16 ,  1.101E+000 , 19.3ch27@16 ,  1.101E+000 ,  1.490E-004 ,  100.000 ,  85.181 
080:040:01013 , uA    , 8     ,       ,  0.000E+000 , -2.772E+001 ,  2.772E+001 , -3.305E-001 , 19.1ch27@16 , -1.944E-001 , 19.2ch27@16 , -2.381E-001 ,  4.576E-002 ,  100.000 ,  100.000
080:035:01014 ,       , 8     ,       ,  1.000E+000 ,  8.614E-001 ,  1.139E+000 ,  1.100E+000 , 19.4ch26@16 ,  1.101E+000 , 19.3ch27@16 ,  1.101E+000 ,  1.490E-004 ,  100.000 ,  85.181 
080:040:01014 , uA    , 8     ,       ,  0.000E+000 , -2.772E+001 ,  2.772E+001 , -3.305E-001 , 19.1ch27@16 , -1.944E-001 , 19.2ch27@16 , -2.381E-001 ,  4.576E-002 ,  100.000 ,  100.000
080:035:01015 ,       , 8     ,       ,  1.000E+000 ,  8.614E-001 ,  1.139E+000 ,  1.100E+000 , 19.4ch26@16 ,  1.101E+000 , 19.3ch27@16 ,  1.101E+000 ,  1.490E-004 ,  100.000 ,  85.181 
080:040:01015 , uA    , 8     ,       ,  0.000E+000 , -2.772E+001 ,  2.772E+001 , -3.305E-001 , 19.1ch27@16 , -1.944E-001 , 19.2ch27@16 , -2.381E-001 ,  4.576E-002 ,  100.000 ,  100.000
080:005:02000 , O     , 8     ,       ,  5.000E+002 ,  4.998E+002 ,  5.002E+002 ,  5.000E+002 , 19.3ch26@16 ,  5.000E+002 , 19.1ch26@16 ,  5.000E+002 ,  5.931E-003 ,  10.117  ,  9.142  
080:010:02000 , uA    , 8     ,       ,  0.000E+000 , -7.700E-001 ,  7.700E-001 , -2.528E-003 , 19.3ch26@16 , -1.816E-003 , 19.2ch27@16 , -2.097E-003 ,  2.106E-004 ,  100.000 ,  100.000
080:015:02000 , uA    , 8     ,       ,  0.000E+000 , -7.700E-001 ,  7.700E-001 ,  1.251E-004 , 19.1ch26@16 ,  6.667E-004 , 19.4ch26@16 ,  3.312E-004 ,  1.697E-004 ,  100.000 ,  100.000
080:020:02000 , V     , 8     ,       , -1.000E+000 , -1.139E+000 , -8.614E-001 , -1.000E+000 , 19.2ch26@16 , -9.999E-001 , 19.4ch26@16 , -1.000E+000 ,  1.285E-005 ,  100.000 ,  100.000
080:025:02000 , mA    , 8     ,       , -2.000E+000 , -2.277E+000 , -1.723E+000 , -2.000E+000 , 19.2ch26@16 , -2.000E+000 , 19.4ch26@16 , -2.000E+000 ,  2.632E-005 ,  100.000 ,  100.000
080:030:02000 , mA    , 8     , OS    , -2.000E+000 , -2.277E+000 , -1.723E+000 , -1.981E+000 , 19.1ch26@16 , -1.979E+000 , 19.1ch27@16 , -1.980E+000 ,  7.750E-004 ,  100.000 ,  100.000
080:020:02001 , V     , 8     ,       , -8.438E-001 , -9.824E-001 , -7.052E-001 , -8.437E-001 , 19.2ch26@16 , -8.437E-001 , 19.4ch27@16 , -8.437E-001 ,  1.266E-005 ,  100.000 ,  100.000
080:025:02001 , mA    , 8     ,       , -1.688E+000 , -1.965E+000 , -1.410E+000 , -1.687E+000 , 19.2ch26@16 , -1.687E+000 , 19.4ch27@16 , -1.687E+000 ,  2.793E-005 ,  100.000 ,  100.000
080:030:02001 , mA    , 8     , OS    , -1.687E+000 , -1.965E+000 , -1.410E+000 , -1.672E+000 , 19.1ch26@16 , -1.670E+000 , 19.1ch27@16 , -1.671E+000 ,  6.805E-004 ,  100.000 ,  100.000
080:020:02002 , V     , 8     ,       , -6.750E-001 , -8.136E-001 , -5.364E-001 , -6.750E-001 , 19.1ch26@16 , -6.749E-001 , 19.2ch26@16 , -6.749E-001 ,  1.302E-005 ,  100.000 ,  100.000
080:025:02002 , mA    , 8     ,       , -1.350E+000 , -1.627E+000 , -1.073E+000 , -1.350E+000 , 19.1ch26@16 , -1.350E+000 , 19.2ch26@16 , -1.350E+000 ,  2.631E-005 ,  100.000 ,  100.000
080:030:02002 , mA    , 8     , OS    , -1.350E+000 , -1.627E+000 , -1.073E+000 , -1.337E+000 , 19.1ch26@16 , -1.336E+000 , 19.1ch27@16 , -1.337E+000 ,  5.838E-004 ,  100.000 ,  100.000
080:020:02003 , V     , 8     ,       , -5.063E-001 , -6.449E-001 , -3.677E-001 , -5.062E-001 , 19.2ch27@16 , -5.062E-001 , 19.3ch26@16 , -5.062E-001 ,  1.747E-005 ,  100.000 ,  100.000
080:025:02003 , mA    , 8     ,       , -1.013E+000 , -1.290E+000 , -7.353E-001 , -1.012E+000 , 19.2ch27@16 , -1.012E+000 , 19.3ch26@16 , -1.012E+000 ,  3.023E-005 ,  100.000 ,  100.000
080:030:02003 , mA    , 8     , OS    , -1.012E+000 , -1.290E+000 , -7.353E-001 , -1.003E+000 , 19.1ch26@16 , -1.002E+000 , 19.1ch27@16 , -1.003E+000 ,  4.882E-004 ,  100.000 ,  100.000
080:020:02004 , V     , 8     ,       , -3.375E-001 , -4.761E-001 , -1.989E-001 , -3.375E-001 , 19.4ch26@16 , -3.375E-001 , 19.3ch26@16 , -3.375E-001 ,  1.249E-005 ,  100.000 ,  100.000
080:025:02004 , mA    , 8     ,       , -6.750E-001 , -9.522E-001 , -3.978E-001 , -6.750E-001 , 19.4ch26@16 , -6.749E-001 , 19.3ch26@16 , -6.750E-001 ,  2.353E-005 ,  100.000 ,  100.000
080:030:02004 , mA    , 8     , OS    , -6.750E-001 , -9.522E-001 , -3.978E-001 , -6.692E-001 , 19.1ch26@16 , -6.680E-001 , 19.1ch27@16 , -6.687E-001 ,  3.967E-004 ,  100.000 ,  100.000
080:020:02005 , V     , 8     ,       , -1.688E-001 , -3.074E-001 , -3.015E-002 , -1.687E-001 , 19.3ch27@16 , -1.687E-001 , 19.4ch27@16 , -1.687E-001 ,  1.486E-005 ,  100.000 ,  100.000
080:025:02005 , mA    , 8     ,       , -3.375E-001 , -6.147E-001 , -6.030E-002 , -3.375E-001 , 19.3ch27@16 , -3.374E-001 , 19.4ch27@16 , -3.374E-001 ,  3.099E-005 ,  100.000 ,  100.000
080:030:02005 , mA    , 8     , OS    , -3.374E-001 , -6.146E-001 , -6.020E-002 , -3.349E-001 , 19.1ch26@16 , -3.340E-001 , 19.1ch27@16 , -3.346E-001 ,  3.262E-004 ,  100.000 ,  100.000
080:020:02006 , V     , 8     ,       , -2.500E-003 , -1.411E-001 ,  1.361E-001 , -2.638E-003 , 19.2ch27@16 , -2.472E-003 , 19.3ch26@16 , -2.511E-003 ,  6.085E-005 ,  100.000 ,  100.000
080:025:02006 , mA    , 8     ,       , -5.000E-003 , -2.822E-001 ,  2.722E-001 , -5.275E-003 , 19.2ch27@16 , -4.941E-003 , 19.3ch26@16 , -5.020E-003 ,  1.218E-004 ,  100.000 ,  100.000
080:030:02006 , mA    , 8     , OS    , -4.952E-003 , -2.822E-001 ,  2.722E-001 , -5.906E-003 , 19.4ch27@16 , -5.020E-003 , 19.1ch27@16 , -5.519E-003 ,  2.742E-004 ,  100.000 ,  100.000
080:020:02007 , V     , 8     ,       ,  2.500E-003 , -1.361E-001 ,  1.411E-001 ,  2.525E-003 , 19.3ch26@16 ,  2.660E-003 , 19.1ch26@16 ,  2.577E-003 ,  4.301E-005 ,  100.000 ,  100.000
080:025:02007 , mA    , 8     ,       ,  5.000E-003 , -2.722E-001 ,  2.822E-001 ,  5.052E-003 , 19.3ch26@16 ,  5.323E-003 , 19.1ch26@16 ,  5.157E-003 ,  8.597E-005 ,  100.000 ,  100.000
080:030:02007 , mA    , 8     , OS    ,  5.323E-003 , -2.719E-001 ,  2.825E-001 ,  4.261E-003 , 19.4ch27@16 ,  5.140E-003 , 19.1ch27@16 ,  4.647E-003 ,  2.740E-004 ,  100.000 ,  100.000
080:020:02008 , V     , 8     ,       ,  1.688E-001 ,  3.015E-002 ,  3.074E-001 ,  1.690E-001 , 19.2ch27@16 ,  1.692E-001 , 19.1ch27@16 ,  1.691E-001 ,  6.780E-005 ,  100.000 ,  100.000
080:025:02008 , mA    , 8     ,       ,  3.375E-001 ,  6.030E-002 ,  6.147E-001 ,  3.381E-001 , 19.2ch27@16 ,  3.384E-001 , 19.1ch27@16 ,  3.383E-001 ,  1.339E-004 ,  100.000 ,  100.000
080:030:02008 , mA    , 8     , OS    ,  3.384E-001 ,  6.124E-002 ,  6.156E-001 ,  3.339E-001 , 19.4ch27@16 ,  3.348E-001 , 19.1ch27@16 ,  3.344E-001 ,  2.697E-004 ,  100.000 ,  100.000
080:020:02009 , V     , 8     ,       ,  3.375E-001 ,  1.989E-001 ,  4.761E-001 ,  3.371E-001 , 19.1ch26@16 ,  3.373E-001 , 19.3ch26@16 ,  3.372E-001 ,  5.629E-005 ,  100.000 ,  100.000
080:025:02009 , mA    , 8     ,       ,  6.750E-001 ,  3.978E-001 ,  9.522E-001 ,  6.743E-001 , 19.1ch26@16 ,  6.746E-001 , 19.3ch26@16 ,  6.745E-001 ,  1.178E-004 ,  100.000 ,  100.000
080:030:02009 , mA    , 8     , OS    ,  6.743E-001 ,  3.971E-001 ,  9.515E-001 ,  6.682E-001 , 19.3ch27@16 ,  6.695E-001 , 19.1ch27@16 ,  6.688E-001 ,  4.411E-004 ,  100.000 ,  100.000
080:020:02010 , V     , 8     ,       ,  5.063E-001 ,  3.677E-001 ,  6.449E-001 ,  5.058E-001 , 19.1ch27@16 ,  5.060E-001 , 19.2ch26@16 ,  5.059E-001 ,  6.232E-005 ,  100.000 ,  100.000
080:025:02010 , mA    , 8     ,       ,  1.013E+000 ,  7.353E-001 ,  1.290E+000 ,  1.012E+000 , 19.1ch27@16 ,  1.012E+000 , 19.2ch26@16 ,  1.012E+000 ,  1.297E-004 ,  100.000 ,  100.000
080:030:02010 , mA    , 8     , OS    ,  1.012E+000 ,  7.344E-001 ,  1.289E+000 ,  1.003E+000 , 19.3ch27@16 ,  1.004E+000 , 19.1ch27@16 ,  1.003E+000 ,  5.788E-004 ,  100.000 ,  100.000
080:020:02011 , V     , 8     ,       ,  6.750E-001 ,  5.364E-001 ,  8.136E-001 ,  6.747E-001 , 19.1ch27@16 ,  6.748E-001 , 19.2ch27@16 ,  6.747E-001 ,  3.507E-005 ,  100.000 ,  100.000
080:025:02011 , mA    , 8     ,       ,  1.350E+000 ,  1.073E+000 ,  1.627E+000 ,  1.349E+000 , 19.1ch27@16 ,  1.350E+000 , 19.2ch27@16 ,  1.349E+000 ,  7.720E-005 ,  100.000 ,  100.000
080:030:02011 , mA    , 8     , OS    ,  1.349E+000 ,  1.072E+000 ,  1.627E+000 ,  1.337E+000 , 19.3ch27@16 ,  1.339E+000 , 19.1ch26@16 ,  1.338E+000 ,  6.969E-004 ,  100.000 ,  100.000
080:020:02012 , V     , 8     ,       ,  8.438E-001 ,  7.052E-001 ,  9.824E-001 ,  8.437E-001 , 19.4ch27@16 ,  8.437E-001 , 19.2ch26@16 ,  8.437E-001 ,  1.544E-005 ,  100.000 ,  100.000
080:025:02012 , mA    , 8     ,       ,  1.688E+000 ,  1.410E+000 ,  1.965E+000 ,  1.687E+000 , 19.4ch27@16 ,  1.687E+000 , 19.2ch26@16 ,  1.687E+000 ,  2.754E-005 ,  100.000 ,  100.000
080:030:02012 , mA    , 8     , OS    ,  1.687E+000 ,  1.410E+000 ,  1.965E+000 ,  1.672E+000 , 19.3ch27@16 ,  1.674E+000 , 19.1ch26@16 ,  1.673E+000 ,  7.931E-004 ,  100.000 ,  100.000
080:020:02013 , V     , 8     ,       ,  1.000E+000 ,  8.614E-001 ,  1.139E+000 ,  1.000E+000 , 19.3ch27@16 ,  1.000E+000 , 19.1ch26@16 ,  1.000E+000 ,  5.076E-005 ,  100.000 ,  100.000
080:025:02013 , mA    , 8     ,       ,  2.000E+000 ,  1.723E+000 ,  2.277E+000 ,  2.000E+000 , 19.2ch27@16 ,  2.001E+000 , 19.1ch26@16 ,  2.001E+000 ,  8.936E-005 ,  100.000 ,  100.000
080:030:02013 , mA    , 8     , OS    ,  2.001E+000 ,  1.723E+000 ,  2.278E+000 ,  1.982E+000 , 19.3ch27@16 ,  1.984E+000 , 19.1ch26@16 ,  1.983E+000 ,  8.827E-004 ,  100.000 ,  98.040 
080:035:02000 ,       , 8     ,       ,  1.000E+000 ,  8.614E-001 ,  1.139E+000 ,  1.010E+000 , 19.2ch26@16 ,  1.011E+000 , 19.3ch27@16 ,  1.010E+000 ,  3.477E-004 ,  100.000 ,  100.000
080:040:02000 , mA    , 8     ,       ,  0.000E+000 , -2.772E-001 ,  2.772E-001 , -3.747E-005 , 19.1ch27@16 ,  1.011E-003 , 19.4ch27@16 ,  5.482E-004 ,  3.398E-004 ,  100.000 ,  100.000
080:035:02001 ,       , 8     ,       ,  1.000E+000 ,  8.614E-001 ,  1.139E+000 ,  1.010E+000 , 19.2ch26@16 ,  1.011E+000 , 19.3ch27@16 ,  1.010E+000 ,  3.477E-004 ,  100.000 ,  100.000
080:040:02001 , mA    , 8     ,       ,  0.000E+000 , -2.772E-001 ,  2.772E-001 , -3.747E-005 , 19.1ch27@16 ,  1.011E-003 , 19.4ch27@16 ,  5.482E-004 ,  3.398E-004 ,  100.000 ,  100.000
080:035:02002 ,       , 8     ,       ,  1.000E+000 ,  8.614E-001 ,  1.139E+000 ,  1.010E+000 , 19.2ch26@16 ,  1.011E+000 , 19.3ch27@16 ,  1.010E+000 ,  3.477E-004 ,  100.000 ,  100.000
080:040:02002 , mA    , 8     ,       ,  0.000E+000 , -2.772E-001 ,  2.772E-001 , -3.747E-005 , 19.1ch27@16 ,  1.011E-003 , 19.4ch27@16 ,  5.482E-004 ,  3.398E-004 ,  100.000 ,  100.000
080:035:02003 ,       , 8     ,       ,  1.000E+000 ,  8.614E-001 ,  1.139E+000 ,  1.010E+000 , 19.2ch26@16 ,  1.011E+000 , 19.2ch27@16 ,  1.010E+000 ,  3.255E-004 ,  100.000 ,  100.000
080:040:02003 , mA    , 8     ,       ,  0.000E+000 , -2.772E-001 ,  2.772E-001 ,  7.381E-005 , 19.1ch27@16 ,  9.647E-004 , 19.4ch27@16 ,  5.676E-004 ,  2.907E-004 ,  100.000 ,  100.000
080:035:02004 ,       , 8     ,       ,  1.000E+000 ,  8.614E-001 ,  1.139E+000 ,  1.010E+000 , 19.2ch26@16 ,  1.011E+000 , 19.3ch27@16 ,  1.010E+000 ,  3.473E-004 ,  100.000 ,  100.000
080:040:02004 , mA    , 8     ,       ,  0.000E+000 , -2.772E-001 ,  2.772E-001 ,  1.337E-004 , 19.1ch27@16 ,  1.059E-003 , 19.4ch27@16 ,  6.207E-004 ,  3.013E-004 ,  100.000 ,  100.000
080:035:02005 ,       , 8     ,       ,  1.000E+000 ,  8.614E-001 ,  1.139E+000 ,  1.010E+000 , 19.1ch26@16 ,  1.011E+000 , 19.2ch27@16 ,  1.010E+000 ,  3.305E-004 ,  100.000 ,  100.000
080:040:02005 , mA    , 8     ,       ,  0.000E+000 , -2.772E-001 ,  2.772E-001 ,  1.510E-004 , 19.1ch27@16 ,  9.888E-004 , 19.4ch27@16 ,  6.428E-004 ,  2.622E-004 ,  100.000 ,  100.000
080:035:02006 ,       , 8     ,       ,  1.000E+000 ,  8.614E-001 ,  1.139E+000 ,  1.010E+000 , 19.2ch26@16 ,  1.011E+000 , 19.2ch27@16 ,  1.010E+000 ,  3.376E-004 ,  100.000 ,  100.000
080:040:02006 , mA    , 8     ,       ,  0.000E+000 , -2.772E-001 ,  2.772E-001 ,  8.526E-005 , 19.1ch27@16 ,  1.018E-003 , 19.4ch27@16 ,  6.064E-004 ,  2.858E-004 ,  100.000 ,  100.000
080:035:02007 ,       , 8     ,       ,  1.000E+000 ,  8.614E-001 ,  1.139E+000 ,  1.010E+000 , 19.2ch26@16 ,  1.011E+000 , 19.3ch27@16 ,  1.010E+000 ,  3.483E-004 ,  100.000 ,  100.000
080:040:02007 , mA    , 8     ,       ,  0.000E+000 , -2.772E-001 ,  2.772E-001 ,  1.218E-004 , 19.1ch27@16 ,  1.016E-003 , 19.4ch27@16 ,  6.262E-004 ,  2.760E-004 ,  100.000 ,  100.000
080:035:02008 ,       , 8     ,       ,  1.000E+000 ,  8.614E-001 ,  1.139E+000 ,  1.010E+000 , 19.1ch26@16 ,  1.011E+000 , 19.2ch27@16 ,  1.010E+000 ,  3.514E-004 ,  100.000 ,  100.000
080:040:02008 , mA    , 8     ,       ,  0.000E+000 , -2.772E-001 ,  2.772E-001 ,  1.216E-004 , 19.1ch27@16 ,  1.017E-003 , 19.4ch27@16 ,  6.260E-004 ,  2.761E-004 ,  100.000 ,  100.000
080:035:02009 ,       , 8     ,       ,  1.000E+000 ,  8.614E-001 ,  1.139E+000 ,  1.003E+000 , 19.1ch26@16 ,  1.006E+000 , 19.2ch27@16 ,  1.004E+000 ,  1.104E-003 ,  41.835  ,  40.512 
080:040:02009 , mA    , 8     ,       ,  0.000E+000 , -2.772E-001 ,  2.772E-001 ,  2.042E-003 , 19.2ch27@16 ,  3.309E-003 , 19.4ch27@16 ,  2.605E-003 ,  4.727E-004 ,  100.000 ,  100.000
080:035:02010 ,       , 8     ,       ,  1.000E+000 ,  8.614E-001 ,  1.139E+000 ,  1.007E+000 , 19.4ch26@16 ,  1.009E+000 , 19.2ch27@16 ,  1.008E+000 ,  5.610E-004 ,  82.357  ,  77.762 
080:040:02010 , mA    , 8     ,       ,  0.000E+000 , -2.772E-001 ,  2.772E-001 , -3.606E-004 , 19.1ch27@16 ,  7.885E-004 , 19.4ch27@16 ,  3.641E-004 ,  3.520E-004 ,  100.000 ,  100.000
080:035:02011 ,       , 8     ,       ,  1.000E+000 ,  8.614E-001 ,  1.139E+000 ,  1.009E+000 , 19.4ch26@16 ,  1.010E+000 , 19.2ch27@16 ,  1.009E+000 ,  4.481E-004 ,  100.000 ,  96.300 
080:040:02011 , mA    , 8     ,       ,  0.000E+000 , -2.772E-001 ,  2.772E-001 , -1.895E-003 , 19.1ch27@16 , -6.637E-004 , 19.2ch26@16 , -1.062E-003 ,  3.854E-004 ,  100.000 ,  100.000
080:035:02012 ,       , 8     ,       ,  1.000E+000 ,  8.614E-001 ,  1.139E+000 ,  1.009E+000 , 19.4ch26@16 ,  1.010E+000 , 19.3ch27@16 ,  1.010E+000 ,  3.857E-004 ,  100.000 ,  100.000
080:040:02012 , mA    , 8     ,       ,  0.000E+000 , -2.772E-001 ,  2.772E-001 , -2.900E-003 , 19.1ch27@16 , -1.454E-003 , 19.2ch26@16 , -1.838E-003 ,  4.893E-004 ,  100.000 ,  100.000
080:035:02013 ,       , 8     ,       ,  1.000E+000 ,  8.614E-001 ,  1.139E+000 ,  1.010E+000 , 19.2ch26@16 ,  1.011E+000 , 19.2ch27@16 ,  1.010E+000 ,  3.639E-004 ,  100.000 ,  100.000
080:040:02013 , mA    , 8     ,       ,  0.000E+000 , -2.772E-001 ,  2.772E-001 , -3.362E-003 , 19.1ch27@16 , -1.855E-003 , 19.2ch26@16 , -2.446E-003 ,  4.985E-004 ,  100.000 ,  100.000
080:035:02014 ,       , 8     ,       ,  1.000E+000 ,  8.614E-001 ,  1.139E+000 ,  1.010E+000 , 19.2ch26@16 ,  1.011E+000 , 19.2ch27@16 ,  1.010E+000 ,  3.639E-004 ,  100.000 ,  100.000
080:040:02014 , mA    , 8     ,       ,  0.000E+000 , -2.772E-001 ,  2.772E-001 , -3.362E-003 , 19.1ch27@16 , -1.855E-003 , 19.2ch26@16 , -2.446E-003 ,  4.985E-004 ,  100.000 ,  100.000
080:035:02015 ,       , 8     ,       ,  1.000E+000 ,  8.614E-001 ,  1.139E+000 ,  1.010E+000 , 19.2ch26@16 ,  1.011E+000 , 19.2ch27@16 ,  1.010E+000 ,  3.639E-004 ,  100.000 ,  100.000
080:040:02015 , mA    , 8     ,       ,  0.000E+000 , -2.772E-001 ,  2.772E-001 , -3.362E-003 , 19.1ch27@16 , -1.855E-003 , 19.2ch26@16 , -2.446E-003 ,  4.985E-004 ,  100.000 ,  100.000
080:005:03000 , O     , 8     ,       ,  5.000E+001 ,  4.996E+001 ,  5.005E+001 ,  4.998E+001 , 19.3ch26@16 ,  4.999E+001 , 19.4ch26@16 ,  4.998E+001 ,  5.527E-003 ,  2.714   ,  1.640  
080:010:03000 , uA    , 8     ,       ,  0.000E+000 , -7.700E-001 ,  7.700E-001 , -2.528E-003 , 19.3ch26@16 , -1.816E-003 , 19.2ch27@16 , -2.097E-003 ,  2.106E-004 ,  100.000 ,  100.000
080:015:03000 , uA    , 8     ,       ,  0.000E+000 , -7.700E-001 ,  7.700E-001 ,  1.251E-004 , 19.1ch26@16 ,  6.667E-004 , 19.4ch26@16 ,  3.312E-004 ,  1.697E-004 ,  100.000 ,  100.000
080:020:03000 , V     , 8     ,       , -1.000E+000 , -1.139E+000 , -8.614E-001 , -9.998E-001 , 19.4ch26@16 , -9.995E-001 , 19.3ch26@16 , -9.996E-001 ,  1.123E-004 ,  100.000 ,  100.000
080:025:03000 , mA    , 8     ,       , -2.000E+001 , -2.277E+001 , -1.723E+001 , -2.000E+001 , 19.1ch27@16 , -2.000E+001 , 19.2ch26@16 , -2.000E+001 ,  1.772E-004 ,  100.000 ,  100.000
080:030:03000 , mA    , 8     , OS    , -2.000E+001 , -2.277E+001 , -1.723E+001 , -2.029E+001 , 19.2ch26@16 , -1.997E+001 , 19.1ch27@16 , -2.012E+001 ,  1.583E-001 ,  5.837   ,  5.574  
080:020:03001 , V     , 8     ,       , -8.438E-001 , -9.824E-001 , -7.052E-001 , -8.435E-001 , 19.4ch27@16 , -8.433E-001 , 19.3ch26@16 , -8.434E-001 ,  9.064E-005 ,  100.000 ,  100.000
080:025:03001 , mA    , 8     ,       , -1.688E+001 , -1.965E+001 , -1.410E+001 , -1.687E+001 , 19.3ch27@16 , -1.687E+001 , 19.3ch26@16 , -1.687E+001 ,  2.911E-004 ,  100.000 ,  100.000
080:030:03001 , mA    , 8     , OS    , -1.687E+001 , -1.965E+001 , -1.410E+001 , -1.712E+001 , 19.2ch26@16 , -1.685E+001 , 19.1ch27@16 , -1.698E+001 ,  1.337E-001 ,  6.910   ,  6.645  
080:020:03002 , V     , 8     ,       , -6.750E-001 , -8.136E-001 , -5.364E-001 , -6.748E-001 , 19.4ch26@16 , -6.746E-001 , 19.3ch26@16 , -6.747E-001 ,  7.315E-005 ,  100.000 ,  100.000
080:025:03002 , mA    , 8     ,       , -1.350E+001 , -1.627E+001 , -1.073E+001 , -1.350E+001 , 19.3ch27@16 , -1.350E+001 , 19.1ch27@16 , -1.350E+001 ,  2.642E-004 ,  100.000 ,  100.000
080:030:03002 , mA    , 8     , OS    , -1.350E+001 , -1.627E+001 , -1.073E+001 , -1.370E+001 , 19.2ch26@16 , -1.348E+001 , 19.1ch27@16 , -1.359E+001 ,  1.072E-001 ,  8.619   ,  8.351  
080:020:03003 , V     , 8     ,       , -5.063E-001 , -6.449E-001 , -3.677E-001 , -5.061E-001 , 19.4ch26@16 , -5.060E-001 , 19.3ch26@16 , -5.061E-001 ,  5.844E-005 ,  100.000 ,  100.000
080:025:03003 , mA    , 8     ,       , -1.013E+001 , -1.290E+001 , -7.353E+000 , -1.013E+001 , 19.3ch27@16 , -1.012E+001 , 19.3ch26@16 , -1.012E+001 ,  2.496E-004 ,  100.000 ,  100.000
080:030:03003 , mA    , 8     , OS    , -1.012E+001 , -1.290E+001 , -7.353E+000 , -1.027E+001 , 19.2ch26@16 , -1.011E+001 , 19.1ch27@16 , -1.019E+001 ,  8.056E-002 ,  11.470  ,  11.196 
080:020:03004 , V     , 8     ,       , -3.375E-001 , -4.761E-001 , -1.989E-001 , -3.374E-001 , 19.4ch26@16 , -3.373E-001 , 19.3ch26@16 , -3.374E-001 ,  3.737E-005 ,  100.000 ,  100.000
080:025:03004 , mA    , 8     ,       , -6.750E+000 , -9.522E+000 , -3.978E+000 , -6.750E+000 , 19.3ch27@16 , -6.749E+000 , 19.2ch26@16 , -6.750E+000 ,  2.377E-004 ,  100.000 ,  100.000
080:030:03004 , mA    , 8     , OS    , -6.750E+000 , -9.522E+000 , -3.978E+000 , -6.852E+000 , 19.1ch26@16 , -6.741E+000 , 19.1ch27@16 , -6.796E+000 ,  5.401E-002 ,  17.109  ,  16.824 
080:020:03005 , V     , 8     ,       , -1.688E-001 , -3.074E-001 , -3.015E-002 , -1.687E-001 , 19.4ch26@16 , -1.686E-001 , 19.1ch26@16 , -1.687E-001 ,  1.313E-005 ,  100.000 ,  100.000
080:025:03005 , mA    , 8     ,       , -3.375E+000 , -6.147E+000 , -6.030E-001 , -3.375E+000 , 19.3ch26@16 , -3.374E+000 , 19.4ch27@16 , -3.374E+000 ,  2.298E-004 ,  100.000 ,  100.000
080:030:03005 , mA    , 8     , OS    , -3.374E+000 , -6.146E+000 , -6.020E-001 , -3.429E+000 , 19.1ch26@16 , -3.370E+000 , 19.1ch27@16 , -3.400E+000 ,  2.739E-002 ,  33.730  ,  33.413 
080:020:03006 , V     , 8     ,       , -2.500E-003 , -1.411E-001 ,  1.361E-001 , -2.642E-003 , 19.2ch27@16 , -2.448E-003 , 19.4ch27@16 , -2.507E-003 ,  6.584E-005 ,  100.000 ,  100.000
080:025:03006 , mA    , 8     ,       , -5.000E-002 , -2.822E+000 ,  2.722E+000 , -5.286E-002 , 19.2ch27@16 , -4.897E-002 , 19.4ch27@16 , -5.015E-002 ,  1.320E-003 ,  100.000 ,  100.000
080:030:03006 , mA    , 8     , OS    , -4.977E-002 , -2.822E+000 ,  2.722E+000 , -5.982E-002 , 19.4ch27@16 , -5.088E-002 , 19.1ch27@16 , -5.621E-002 ,  2.864E-003 ,  100.000 ,  100.000
080:020:03007 , V     , 8     ,       ,  2.500E-003 , -1.361E-001 ,  1.411E-001 ,  2.520E-003 , 19.3ch26@16 ,  2.653E-003 , 19.1ch26@16 ,  2.576E-003 ,  4.948E-005 ,  100.000 ,  100.000
080:025:03007 , mA    , 8     ,       ,  5.000E-002 , -2.722E+000 ,  2.822E+000 ,  5.042E-002 , 19.3ch26@16 ,  5.309E-002 , 19.1ch26@16 ,  5.153E-002 ,  9.893E-004 ,  100.000 ,  100.000
080:030:03007 , mA    , 8     , OS    ,  5.309E-002 , -2.719E+000 ,  2.825E+000 ,  4.296E-002 , 19.4ch27@16 ,  5.171E-002 , 19.1ch27@16 ,  4.725E-002 ,  2.658E-003 ,  100.000 ,  100.000
080:020:03008 , V     , 8     ,       ,  1.688E-001 ,  3.015E-002 ,  3.074E-001 ,  1.690E-001 , 19.2ch26@16 ,  1.692E-001 , 19.1ch26@16 ,  1.691E-001 ,  8.407E-005 ,  100.000 ,  100.000
080:025:03008 , mA    , 8     ,       ,  3.375E+000 ,  6.030E-001 ,  6.147E+000 ,  3.381E+000 , 19.2ch26@16 ,  3.385E+000 , 19.1ch26@16 ,  3.383E+000 ,  1.480E-003 ,  100.000 ,  100.000
080:030:03008 , mA    , 8     , OS    ,  3.385E+000 ,  6.128E-001 ,  6.157E+000 ,  3.370E+000 , 19.4ch27@16 ,  3.427E+000 , 19.2ch26@16 ,  3.399E+000 ,  2.611E-002 ,  35.388  ,  35.211 
080:020:03009 , V     , 8     ,       ,  3.375E-001 ,  1.989E-001 ,  4.761E-001 ,  3.370E-001 , 19.1ch26@16 ,  3.372E-001 , 19.4ch26@16 ,  3.371E-001 ,  4.144E-005 ,  100.000 ,  100.000
080:025:03009 , mA    , 8     ,       ,  6.750E+000 ,  3.978E+000 ,  9.522E+000 ,  6.743E+000 , 19.1ch26@16 ,  6.746E+000 , 19.2ch26@16 ,  6.745E+000 ,  1.077E-003 ,  100.000 ,  100.000
080:030:03009 , mA    , 8     , OS    ,  6.743E+000 ,  3.971E+000 ,  9.515E+000 ,  6.742E+000 , 19.3ch27@16 ,  6.853E+000 , 19.1ch26@16 ,  6.797E+000 ,  5.288E-002 ,  17.473  ,  17.135 
080:020:03010 , V     , 8     ,       ,  5.063E-001 ,  3.677E-001 ,  6.449E-001 ,  5.057E-001 , 19.1ch26@16 ,  5.058E-001 , 19.2ch26@16 ,  5.057E-001 ,  4.671E-005 ,  100.000 ,  100.000
080:025:03010 , mA    , 8     ,       ,  1.013E+001 ,  7.353E+000 ,  1.290E+001 ,  1.012E+001 , 19.1ch26@16 ,  1.012E+001 , 19.2ch26@16 ,  1.012E+001 ,  1.114E-003 ,  100.000 ,  100.000
080:030:03010 , mA    , 8     , OS    ,  1.012E+001 ,  7.345E+000 ,  1.289E+001 ,  1.012E+001 , 19.3ch27@16 ,  1.028E+001 , 19.1ch26@16 ,  1.020E+001 ,  7.967E-002 ,  11.599  ,  11.255 
080:020:03011 , V     , 8     ,       ,  6.750E-001 ,  5.364E-001 ,  8.136E-001 ,  6.745E-001 , 19.3ch26@16 ,  6.746E-001 , 19.4ch27@16 ,  6.745E-001 ,  5.241E-005 ,  100.000 ,  100.000
080:025:03011 , mA    , 8     ,       ,  1.350E+001 ,  1.073E+001 ,  1.627E+001 ,  1.349E+001 , 19.4ch26@16 ,  1.350E+001 , 19.2ch26@16 ,  1.350E+001 ,  7.005E-004 ,  100.000 ,  100.000
080:030:03011 , mA    , 8     , OS    ,  1.349E+001 ,  1.072E+001 ,  1.627E+001 ,  1.349E+001 , 19.3ch27@16 ,  1.371E+001 , 19.1ch26@16 ,  1.360E+001 ,  1.064E-001 ,  8.688   ,  8.356  
080:020:03012 , V     , 8     ,       ,  8.438E-001 ,  7.052E-001 ,  9.824E-001 ,  8.433E-001 , 19.3ch27@16 ,  8.436E-001 , 19.4ch27@16 ,  8.434E-001 ,  8.228E-005 ,  100.000 ,  100.000
080:025:03012 , mA    , 8     ,       ,  1.688E+001 ,  1.410E+001 ,  1.965E+001 ,  1.687E+001 , 19.4ch26@16 ,  1.688E+001 , 19.3ch26@16 ,  1.687E+001 ,  3.665E-004 ,  100.000 ,  100.000
080:030:03012 , mA    , 8     , OS    ,  1.688E+001 ,  1.410E+001 ,  1.965E+001 ,  1.687E+001 , 19.3ch27@16 ,  1.714E+001 , 19.1ch26@16 ,  1.700E+001 ,  1.330E-001 ,  6.947   ,  6.627  
080:020:03013 , V     , 8     ,       ,  1.000E+000 ,  8.614E-001 ,  1.139E+000 ,  9.998E-001 , 19.3ch27@16 ,  1.000E+000 , 19.4ch26@16 ,  1.000E+000 ,  1.374E-004 ,  100.000 ,  100.000
080:025:03013 , mA    , 8     ,       ,  2.000E+001 ,  1.723E+001 ,  2.277E+001 ,  2.000E+001 , 19.2ch27@16 ,  2.001E+001 , 19.1ch26@16 ,  2.001E+001 ,  8.435E-004 ,  100.000 ,  100.000
080:030:03013 , mA    , 8     , OS    ,  2.001E+001 ,  1.724E+001 ,  2.278E+001 ,  2.000E+001 , 19.3ch27@16 ,  2.032E+001 , 19.1ch26@16 ,  2.015E+001 ,  1.577E-001 ,  5.859   ,  5.549  
080:035:03000 ,       , 8     ,       ,  1.000E+000 ,  8.614E-001 ,  1.139E+000 ,  9.859E-001 , 19.2ch26@16 ,  1.002E+000 , 19.3ch27@16 ,  9.941E-001 ,  7.777E-003 ,  5.940   ,  5.688  
080:040:03000 , mA    , 8     ,       ,  0.000E+000 , -2.772E+000 ,  2.772E+000 ,  3.702E-004 , 19.1ch27@16 ,  9.292E-003 , 19.4ch27@16 ,  5.496E-003 ,  2.855E-003 ,  100.000 ,  100.000
080:035:03001 ,       , 8     ,       ,  1.000E+000 ,  8.614E-001 ,  1.139E+000 ,  9.859E-001 , 19.2ch26@16 ,  1.002E+000 , 19.3ch27@16 ,  9.941E-001 ,  7.777E-003 ,  5.940   ,  5.688  
080:040:03001 , mA    , 8     ,       ,  0.000E+000 , -2.772E+000 ,  2.772E+000 ,  3.702E-004 , 19.1ch27@16 ,  9.292E-003 , 19.4ch27@16 ,  5.496E-003 ,  2.855E-003 ,  100.000 ,  100.000
080:035:03002 ,       , 8     ,       ,  1.000E+000 ,  8.614E-001 ,  1.139E+000 ,  9.859E-001 , 19.2ch26@16 ,  1.002E+000 , 19.3ch27@16 ,  9.941E-001 ,  7.777E-003 ,  5.940   ,  5.688  
080:040:03002 , mA    , 8     ,       ,  0.000E+000 , -2.772E+000 ,  2.772E+000 ,  3.702E-004 , 19.1ch27@16 ,  9.292E-003 , 19.4ch27@16 ,  5.496E-003 ,  2.855E-003 ,  100.000 ,  100.000
080:035:03003 ,       , 8     ,       ,  1.000E+000 ,  8.614E-001 ,  1.139E+000 ,  9.860E-001 , 19.2ch26@16 ,  1.002E+000 , 19.3ch27@16 ,  9.941E-001 ,  7.763E-003 ,  5.951   ,  5.698  
080:040:03003 , mA    , 8     ,       ,  0.000E+000 , -2.772E+000 ,  2.772E+000 ,  5.433E-004 , 19.1ch27@16 ,  9.098E-003 , 19.4ch27@16 ,  5.279E-003 ,  2.972E-003 ,  100.000 ,  100.000
080:035:03004 ,       , 8     ,       ,  1.000E+000 ,  8.614E-001 ,  1.139E+000 ,  9.859E-001 , 19.2ch26@16 ,  1.002E+000 , 19.3ch27@16 ,  9.942E-001 ,  7.806E-003 ,  5.919   ,  5.669  
080:040:03004 , mA    , 8     ,       ,  0.000E+000 , -2.772E+000 ,  2.772E+000 ,  9.976E-004 , 19.1ch27@16 ,  9.428E-003 , 19.4ch27@16 ,  5.930E-003 ,  2.448E-003 ,  100.000 ,  100.000
080:035:03005 ,       , 8     ,       ,  1.000E+000 ,  8.614E-001 ,  1.139E+000 ,  9.860E-001 , 19.2ch26@16 ,  1.002E+000 , 19.3ch27@16 ,  9.942E-001 ,  7.782E-003 ,  5.937   ,  5.687  
080:040:03005 , mA    , 8     ,       ,  0.000E+000 , -2.772E+000 ,  2.772E+000 ,  1.218E-003 , 19.1ch27@16 ,  1.046E-002 , 19.4ch27@16 ,  6.159E-003 ,  2.933E-003 ,  100.000 ,  100.000
080:035:03006 ,       , 8     ,       ,  1.000E+000 ,  8.614E-001 ,  1.139E+000 ,  9.860E-001 , 19.2ch26@16 ,  1.002E+000 , 19.3ch27@16 ,  9.942E-001 ,  7.810E-003 ,  5.916   ,  5.667  
080:040:03006 , mA    , 8     ,       ,  0.000E+000 , -2.772E+000 ,  2.772E+000 ,  1.298E-003 , 19.1ch27@16 ,  9.932E-003 , 19.4ch27@16 ,  6.049E-003 ,  2.657E-003 ,  100.000 ,  100.000
080:035:03007 ,       , 8     ,       ,  1.000E+000 ,  8.614E-001 ,  1.139E+000 ,  9.860E-001 , 19.2ch26@16 ,  1.002E+000 , 19.3ch27@16 ,  9.942E-001 ,  7.781E-003 ,  5.937   ,  5.688  
080:040:03007 , mA    , 8     ,       ,  0.000E+000 , -2.772E+000 ,  2.772E+000 ,  1.190E-003 , 19.1ch27@16 ,  1.013E-002 , 19.4ch27@16 ,  6.125E-003 ,  2.732E-003 ,  100.000 ,  100.000
080:035:03008 ,       , 8     ,       ,  1.000E+000 ,  8.614E-001 ,  1.139E+000 ,  9.860E-001 , 19.2ch26@16 ,  1.002E+000 , 19.3ch27@16 ,  9.942E-001 ,  7.795E-003 ,  5.927   ,  5.678  
080:040:03008 , mA    , 8     ,       ,  0.000E+000 , -2.772E+000 ,  2.772E+000 ,  1.191E-003 , 19.1ch27@16 ,  1.013E-002 , 19.4ch27@16 ,  6.124E-003 ,  2.731E-003 ,  100.000 ,  100.000
080:035:03009 ,       , 8     ,       ,  1.000E+000 ,  8.614E-001 ,  1.139E+000 ,  9.793E-001 , 19.1ch26@16 ,  9.968E-001 , 19.3ch27@16 ,  9.883E-001 ,  7.835E-003 ,  5.897   ,  5.401  
080:040:03009 , mA    , 8     ,       ,  0.000E+000 , -2.772E+000 ,  2.772E+000 ,  2.064E-002 , 19.2ch27@16 ,  3.273E-002 , 19.4ch27@16 ,  2.598E-002 ,  4.611E-003 ,  100.000 ,  100.000
080:035:03010 ,       , 8     ,       ,  1.000E+000 ,  8.614E-001 ,  1.139E+000 ,  9.838E-001 , 19.1ch26@16 ,  9.996E-001 , 19.3ch27@16 ,  9.917E-001 ,  7.820E-003 ,  5.908   ,  5.554  
080:040:03010 , mA    , 8     ,       ,  0.000E+000 , -2.772E+000 ,  2.772E+000 , -4.005E-003 , 19.1ch27@16 ,  6.805E-003 , 19.4ch27@16 ,  3.139E-003 ,  3.472E-003 ,  100.000 ,  100.000
080:035:03011 ,       , 8     ,       ,  1.000E+000 ,  8.614E-001 ,  1.139E+000 ,  9.852E-001 , 19.2ch26@16 ,  1.001E+000 , 19.3ch27@16 ,  9.931E-001 ,  7.799E-003 ,  5.924   ,  5.628  
080:040:03011 , mA    , 8     ,       ,  0.000E+000 , -2.772E+000 ,  2.772E+000 , -1.876E-002 , 19.1ch27@16 , -8.178E-003 , 19.3ch27@16 , -1.099E-002 ,  3.596E-003 ,  100.000 ,  100.000
080:035:03012 ,       , 8     ,       ,  1.000E+000 ,  8.614E-001 ,  1.139E+000 ,  9.856E-001 , 19.2ch26@16 ,  1.001E+000 , 19.3ch27@16 ,  9.937E-001 ,  7.791E-003 ,  5.930   ,  5.659  
080:040:03012 , mA    , 8     ,       ,  0.000E+000 , -2.772E+000 ,  2.772E+000 , -2.799E-002 , 19.1ch27@16 , -1.419E-002 , 19.2ch26@16 , -1.890E-002 ,  4.483E-003 ,  100.000 ,  100.000
080:035:03013 ,       , 8     ,       ,  1.000E+000 ,  8.614E-001 ,  1.139E+000 ,  9.859E-001 , 19.2ch26@16 ,  1.002E+000 , 19.3ch27@16 ,  9.940E-001 ,  7.796E-003 ,  5.926   ,  5.668  
080:040:03013 , mA    , 8     ,       ,  0.000E+000 , -2.772E+000 ,  2.772E+000 , -3.343E-002 , 19.1ch27@16 , -1.922E-002 , 19.2ch26@16 , -2.377E-002 ,  4.633E-003 ,  100.000 ,  100.000
080:035:03014 ,       , 8     ,       ,  1.000E+000 ,  8.614E-001 ,  1.139E+000 ,  9.859E-001 , 19.2ch26@16 ,  1.002E+000 , 19.3ch27@16 ,  9.940E-001 ,  7.796E-003 ,  5.926   ,  5.668  
080:040:03014 , mA    , 8     ,       ,  0.000E+000 , -2.772E+000 ,  2.772E+000 , -3.343E-002 , 19.1ch27@16 , -1.922E-002 , 19.2ch26@16 , -2.377E-002 ,  4.633E-003 ,  100.000 ,  100.000
080:035:03015 ,       , 8     ,       ,  1.000E+000 ,  8.614E-001 ,  1.139E+000 ,  9.859E-001 , 19.2ch26@16 ,  1.002E+000 , 19.3ch27@16 ,  9.940E-001 ,  7.796E-003 ,  5.926   ,  5.668  
080:040:03015 , mA    , 8     ,       ,  0.000E+000 , -2.772E+000 ,  2.772E+000 , -3.343E-002 , 19.1ch27@16 , -1.922E-002 , 19.2ch26@16 , -2.377E-002 ,  4.633E-003 ,  100.000 ,  100.000
080:005:04000 , O     , 8     ,       ,  5.000E+000 ,  4.910E+000 ,  5.090E+000 ,  4.982E+000 , 19.3ch26@16 ,  4.994E+000 , 19.4ch26@16 ,  4.989E+000 ,  4.793E-003 ,  6.259   ,  5.469  
080:010:04000 , uA    , 8     ,       ,  0.000E+000 , -7.700E-001 ,  7.700E-001 , -2.528E-003 , 19.3ch26@16 , -1.816E-003 , 19.2ch27@16 , -2.097E-003 ,  2.106E-004 ,  100.000 ,  100.000
080:015:04000 , uA    , 8     ,       ,  0.000E+000 , -7.700E-001 ,  7.700E-001 ,  1.251E-004 , 19.1ch26@16 ,  6.667E-004 , 19.4ch26@16 ,  3.312E-004 ,  1.697E-004 ,  100.000 ,  100.000
080:020:04000 , V     , 8     ,       , -1.000E+000 , -1.139E+000 , -8.614E-001 , -9.988E-001 , 19.4ch26@16 , -9.964E-001 , 19.3ch27@16 , -9.977E-001 ,  9.451E-004 ,  48.883  ,  48.080 
080:025:04000 , mA    , 8     ,       , -2.000E+002 , -2.277E+002 , -1.723E+002 , -2.000E+002 , 19.3ch26@16 , -2.000E+002 , 19.4ch27@16 , -2.000E+002 ,  3.618E-003 ,  100.000 ,  100.000
080:030:04000 , mA    , 8     , OS    , -2.000E+002 , -2.277E+002 , -1.723E+002 , -1.998E+002 , 19.3ch26@16 , -1.994E+002 , 19.4ch27@16 , -1.996E+002 ,  1.202E-001 ,  76.842  ,  75.852 
080:020:04001 , V     , 8     ,       , -8.438E-001 , -9.824E-001 , -7.052E-001 , -8.427E-001 , 19.4ch26@16 , -8.406E-001 , 19.3ch27@16 , -8.418E-001 ,  8.046E-004 ,  57.420  ,  56.608 
080:025:04001 , mA    , 8     ,       , -1.688E+002 , -1.965E+002 , -1.410E+002 , -1.687E+002 , 19.1ch26@16 , -1.687E+002 , 19.4ch27@16 , -1.687E+002 ,  3.821E-003 ,  100.000 ,  100.000
080:030:04001 , mA    , 8     , OS    , -1.687E+002 , -1.965E+002 , -1.410E+002 , -1.686E+002 , 19.3ch26@16 , -1.683E+002 , 19.4ch27@16 , -1.685E+002 ,  1.005E-001 ,  91.973  ,  91.002 
080:020:04002 , V     , 8     ,       , -6.750E-001 , -8.136E-001 , -5.364E-001 , -6.742E-001 , 19.4ch27@16 , -6.725E-001 , 19.3ch27@16 , -6.734E-001 ,  6.462E-004 ,  71.497  ,  70.688 
080:025:04002 , mA    , 8     ,       , -1.350E+002 , -1.627E+002 , -1.073E+002 , -1.350E+002 , 19.1ch27@16 , -1.350E+002 , 19.4ch26@16 , -1.350E+002 ,  2.896E-003 ,  100.000 ,  100.000
080:030:04002 , mA    , 8     , OS    , -1.350E+002 , -1.627E+002 , -1.073E+002 , -1.349E+002 , 19.3ch26@16 , -1.346E+002 , 19.4ch27@16 , -1.348E+002 ,  7.940E-002 ,  100.000 ,  100.000
080:020:04003 , V     , 8     ,       , -5.063E-001 , -6.449E-001 , -3.677E-001 , -5.056E-001 , 19.4ch27@16 , -5.044E-001 , 19.3ch26@16 , -5.051E-001 ,  4.816E-004 ,  95.934  ,  95.129 
080:025:04003 , mA    , 8     ,       , -1.013E+002 , -1.290E+002 , -7.353E+001 , -1.013E+002 , 19.2ch27@16 , -1.012E+002 , 19.4ch26@16 , -1.012E+002 ,  3.407E-003 ,  100.000 ,  100.000
080:030:04003 , mA    , 8     , OS    , -1.012E+002 , -1.290E+002 , -7.353E+001 , -1.012E+002 , 19.3ch26@16 , -1.010E+002 , 19.4ch27@16 , -1.011E+002 ,  5.894E-002 ,  100.000 ,  100.000
080:020:04004 , V     , 8     ,       , -3.375E-001 , -4.761E-001 , -1.989E-001 , -3.371E-001 , 19.4ch27@16 , -3.363E-001 , 19.3ch26@16 , -3.367E-001 ,  3.300E-004 ,  100.000 ,  100.000
080:025:04004 , mA    , 8     ,       , -6.750E+001 , -9.522E+001 , -3.978E+001 , -6.750E+001 , 19.2ch27@16 , -6.750E+001 , 19.2ch26@16 , -6.750E+001 ,  2.513E-003 ,  100.000 ,  100.000
080:030:04004 , mA    , 8     , OS    , -6.750E+001 , -9.522E+001 , -3.978E+001 , -6.747E+001 , 19.1ch26@16 , -6.736E+001 , 19.1ch27@16 , -6.742E+001 ,  3.985E-002 ,  100.000 ,  100.000
080:020:04005 , V     , 8     ,       , -1.688E-001 , -3.074E-001 , -3.015E-002 , -1.685E-001 , 19.4ch26@16 , -1.681E-001 , 19.3ch26@16 , -1.683E-001 ,  1.632E-004 ,  100.000 ,  100.000
080:025:04005 , mA    , 8     ,       , -3.375E+001 , -6.147E+001 , -6.030E+000 , -3.375E+001 , 19.1ch26@16 , -3.374E+001 , 19.3ch26@16 , -3.375E+001 ,  1.787E-003 ,  100.000 ,  100.000
080:030:04005 , mA    , 8     , OS    , -3.375E+001 , -6.147E+001 , -6.028E+000 , -3.377E+001 , 19.1ch26@16 , -3.369E+001 , 19.1ch27@16 , -3.374E+001 ,  2.512E-002 ,  100.000 ,  100.000
080:020:04006 , V     , 8     ,       , -2.500E-003 , -1.411E-001 ,  1.361E-001 , -2.646E-003 , 19.2ch27@16 , -2.461E-003 , 19.4ch27@16 , -2.514E-003 ,  6.347E-005 ,  100.000 ,  100.000
080:025:04006 , mA    , 8     ,       , -5.000E-001 , -2.822E+001 ,  2.722E+001 , -5.304E-001 , 19.2ch27@16 , -4.928E-001 , 19.4ch27@16 , -5.040E-001 ,  1.270E-002 ,  100.000 ,  100.000
080:030:04006 , mA    , 8     , OS    , -4.974E-001 , -2.822E+001 ,  2.722E+001 , -5.944E-001 , 19.4ch27@16 , -5.072E-001 , 19.1ch27@16 , -5.578E-001 ,  2.715E-002 ,  100.000 ,  100.000
080:020:04007 , V     , 8     ,       ,  2.500E-003 , -1.361E-001 ,  1.411E-001 ,  2.519E-003 , 19.2ch26@16 ,  2.640E-003 , 19.1ch26@16 ,  2.561E-003 ,  4.480E-005 ,  100.000 ,  100.000
080:025:04007 , mA    , 8     ,       ,  5.000E-001 , -2.722E+001 ,  2.822E+001 ,  5.050E-001 , 19.2ch26@16 ,  5.291E-001 , 19.1ch26@16 ,  5.133E-001 ,  8.830E-003 ,  100.000 ,  100.000
080:030:04007 , mA    , 8     , OS    ,  5.291E-001 , -2.719E+001 ,  2.825E+001 ,  4.269E-001 , 19.4ch27@16 ,  5.155E-001 , 19.1ch27@16 ,  4.656E-001 ,  2.735E-002 ,  100.000 ,  100.000
080:020:04008 , V     , 8     ,       ,  1.688E-001 ,  3.015E-002 ,  3.074E-001 ,  1.684E-001 , 19.3ch27@16 ,  1.690E-001 , 19.4ch27@16 ,  1.687E-001 ,  2.067E-004 ,  100.000 ,  100.000
080:025:04008 , mA    , 8     ,       ,  3.375E+001 ,  6.030E+000 ,  6.147E+001 ,  3.381E+001 , 19.2ch26@16 ,  3.384E+001 , 19.1ch26@16 ,  3.383E+001 ,  1.394E-002 ,  100.000 ,  100.000
080:030:04008 , mA    , 8     , OS    ,  3.384E+001 ,  6.124E+000 ,  6.156E+001 ,  3.363E+001 , 19.4ch27@16 ,  3.376E+001 , 19.1ch27@16 ,  3.371E+001 ,  4.256E-002 ,  100.000 ,  100.000
080:020:04009 , V     , 8     ,       ,  3.375E-001 ,  1.989E-001 ,  4.761E-001 ,  3.360E-001 , 19.3ch27@16 ,  3.369E-001 , 19.4ch26@16 ,  3.365E-001 ,  3.012E-004 ,  100.000 ,  100.000
080:025:04009 , mA    , 8     ,       ,  6.750E+001 ,  3.978E+001 ,  9.522E+001 ,  6.743E+001 , 19.1ch26@16 ,  6.746E+001 , 19.2ch27@16 ,  6.745E+001 ,  1.092E-002 ,  100.000 ,  100.000
080:030:04009 , mA    , 8     , OS    ,  6.743E+001 ,  3.971E+001 ,  9.515E+001 ,  6.733E+001 , 19.4ch27@16 ,  6.751E+001 , 19.1ch27@16 ,  6.743E+001 ,  5.967E-002 ,  100.000 ,  100.000
080:020:04010 , V     , 8     ,       ,  5.063E-001 ,  3.677E-001 ,  6.449E-001 ,  5.041E-001 , 19.3ch27@16 ,  5.053E-001 , 19.4ch26@16 ,  5.047E-001 ,  4.639E-004 ,  99.587  ,  98.498 
080:025:04010 , mA    , 8     ,       ,  1.013E+002 ,  7.353E+001 ,  1.290E+002 ,  1.012E+002 , 19.1ch27@16 ,  1.012E+002 , 19.2ch26@16 ,  1.012E+002 ,  1.251E-002 ,  100.000 ,  100.000
080:030:04010 , mA    , 8     , OS    ,  1.012E+002 ,  7.344E+001 ,  1.289E+002 ,  1.010E+002 , 19.4ch27@16 ,  1.013E+002 , 19.3ch26@16 ,  1.012E+002 ,  7.766E-002 ,  100.000 ,  100.000
080:020:04011 , V     , 8     ,       ,  6.750E-001 ,  5.364E-001 ,  8.136E-001 ,  6.723E-001 , 19.3ch26@16 ,  6.740E-001 , 19.4ch27@16 ,  6.732E-001 ,  6.334E-004 ,  72.936  ,  71.997 
080:025:04011 , mA    , 8     ,       ,  1.350E+002 ,  1.073E+002 ,  1.627E+002 ,  1.349E+002 , 19.1ch27@16 ,  1.350E+002 , 19.2ch27@16 ,  1.350E+002 ,  7.021E-003 ,  100.000 ,  100.000
080:030:04011 , mA    , 8     , OS    ,  1.349E+002 ,  1.072E+002 ,  1.627E+002 ,  1.347E+002 , 19.4ch27@16 ,  1.350E+002 , 19.3ch26@16 ,  1.349E+002 ,  9.530E-002 ,  96.956  ,  96.861 
080:020:04012 , V     , 8     ,       ,  8.438E-001 ,  7.052E-001 ,  9.824E-001 ,  8.406E-001 , 19.3ch27@16 ,  8.428E-001 , 19.4ch27@16 ,  8.418E-001 ,  8.129E-004 ,  56.834  ,  56.038 
080:025:04012 , mA    , 8     ,       ,  1.688E+002 ,  1.410E+002 ,  1.965E+002 ,  1.687E+002 , 19.3ch27@16 ,  1.687E+002 , 19.4ch27@16 ,  1.687E+002 ,  1.679E-003 ,  100.000 ,  100.000
080:030:04012 , mA    , 8     , OS    ,  1.687E+002 ,  1.410E+002 ,  1.965E+002 ,  1.685E+002 , 19.4ch27@16 ,  1.688E+002 , 19.3ch26@16 ,  1.687E+002 ,  1.140E-001 ,  81.028  ,  80.790 
080:020:04013 , V     , 8     ,       ,  1.000E+000 ,  8.614E-001 ,  1.139E+000 ,  9.966E-001 , 19.3ch27@16 ,  9.992E-001 , 19.4ch26@16 ,  9.980E-001 ,  9.733E-004 ,  47.467  ,  46.788 
080:025:04013 , mA    , 8     ,       ,  2.000E+002 ,  1.723E+002 ,  2.277E+002 ,  2.000E+002 , 19.2ch26@16 ,  2.001E+002 , 19.1ch26@16 ,  2.001E+002 ,  7.929E-003 ,  100.000 ,  100.000
080:030:04013 , mA    , 8     , OS    ,  2.001E+002 ,  1.723E+002 ,  2.278E+002 ,  1.997E+002 , 19.4ch27@16 ,  2.001E+002 , 19.3ch26@16 ,  1.999E+002 ,  1.312E-001 ,  70.413  ,  70.056 
080:035:04000 ,       , 8     ,       ,  1.000E+000 ,  8.614E-001 ,  1.139E+000 ,  1.001E+000 , 19.3ch26@16 ,  1.003E+000 , 19.4ch27@16 ,  1.002E+000 ,  6.563E-004 ,  70.399  ,  69.347 
080:040:04000 , mA    , 8     ,       ,  0.000E+000 , -2.772E+001 ,  2.772E+001 , -3.258E-003 , 19.1ch27@16 ,  8.993E-002 , 19.4ch27@16 ,  5.601E-002 ,  3.040E-002 ,  100.000 ,  100.000
080:035:04001 ,       , 8     ,       ,  1.000E+000 ,  8.614E-001 ,  1.139E+000 ,  1.001E+000 , 19.3ch26@16 ,  1.003E+000 , 19.4ch27@16 ,  1.002E+000 ,  6.563E-004 ,  70.399  ,  69.347 
080:040:04001 , mA    , 8     ,       ,  0.000E+000 , -2.772E+001 ,  2.772E+001 , -3.258E-003 , 19.1ch27@16 ,  8.993E-002 , 19.4ch27@16 ,  5.601E-002 ,  3.040E-002 ,  100.000 ,  100.000
080:035:04002 ,       , 8     ,       ,  1.000E+000 ,  8.614E-001 ,  1.139E+000 ,  1.001E+000 , 19.3ch26@16 ,  1.003E+000 , 19.4ch27@16 ,  1.002E+000 ,  6.563E-004 ,  70.399  ,  69.347 
080:040:04002 , mA    , 8     ,       ,  0.000E+000 , -2.772E+001 ,  2.772E+001 , -3.258E-003 , 19.1ch27@16 ,  8.993E-002 , 19.4ch27@16 ,  5.601E-002 ,  3.040E-002 ,  100.000 ,  100.000
080:035:04003 ,       , 8     ,       ,  1.000E+000 ,  8.614E-001 ,  1.139E+000 ,  1.001E+000 , 19.3ch26@16 ,  1.003E+000 , 19.4ch27@16 ,  1.002E+000 ,  6.535E-004 ,  70.700  ,  69.642 
080:040:04003 , mA    , 8     ,       ,  0.000E+000 , -2.772E+001 ,  2.772E+001 ,  8.301E-003 , 19.1ch27@16 ,  9.404E-002 , 19.4ch27@16 ,  5.651E-002 ,  2.796E-002 ,  100.000 ,  100.000
080:035:04004 ,       , 8     ,       ,  1.000E+000 ,  8.614E-001 ,  1.139E+000 ,  1.001E+000 , 19.3ch26@16 ,  1.003E+000 , 19.4ch27@16 ,  1.002E+000 ,  6.527E-004 ,  70.780  ,  69.713 
080:040:04004 , mA    , 8     ,       ,  0.000E+000 , -2.772E+001 ,  2.772E+001 ,  7.763E-003 , 19.1ch27@16 ,  9.272E-002 , 19.4ch27@16 ,  5.856E-002 ,  2.757E-002 ,  100.000 ,  100.000
080:035:04005 ,       , 8     ,       ,  1.000E+000 ,  8.614E-001 ,  1.139E+000 ,  1.001E+000 , 19.3ch26@16 ,  1.003E+000 , 19.4ch27@16 ,  1.002E+000 ,  6.513E-004 ,  70.933  ,  69.848 
080:040:04005 , mA    , 8     ,       ,  0.000E+000 , -2.772E+001 ,  2.772E+001 ,  1.452E-002 , 19.1ch27@16 ,  9.483E-002 , 19.4ch27@16 ,  6.157E-002 ,  2.626E-002 ,  100.000 ,  100.000
080:035:04006 ,       , 8     ,       ,  1.000E+000 ,  8.614E-001 ,  1.139E+000 ,  1.001E+000 , 19.3ch26@16 ,  1.003E+000 , 19.4ch27@16 ,  1.002E+000 ,  6.636E-004 ,  69.618  ,  68.550 
080:040:04006 , mA    , 8     ,       ,  0.000E+000 , -2.772E+001 ,  2.772E+001 ,  1.495E-002 , 19.1ch27@16 ,  9.769E-002 , 19.4ch27@16 ,  6.204E-002 ,  2.593E-002 ,  100.000 ,  100.000
080:035:04007 ,       , 8     ,       ,  1.000E+000 ,  8.614E-001 ,  1.139E+000 ,  1.001E+000 , 19.3ch26@16 ,  1.004E+000 , 19.4ch27@16 ,  1.002E+000 ,  6.567E-004 ,  70.348  ,  69.271 
080:040:04007 , mA    , 8     ,       ,  0.000E+000 , -2.772E+001 ,  2.772E+001 ,  1.090E-002 , 19.1ch27@16 ,  9.904E-002 , 19.4ch27@16 ,  6.195E-002 ,  2.713E-002 ,  100.000 ,  100.000
080:035:04008 ,       , 8     ,       ,  1.000E+000 ,  8.614E-001 ,  1.139E+000 ,  1.001E+000 , 19.3ch26@16 ,  1.003E+000 , 19.4ch27@16 ,  1.002E+000 ,  6.688E-004 ,  69.076  ,  68.002 
080:040:04008 , mA    , 8     ,       ,  0.000E+000 , -2.772E+001 ,  2.772E+001 ,  1.097E-002 , 19.1ch27@16 ,  9.903E-002 , 19.4ch27@16 ,  6.198E-002 ,  2.712E-002 ,  100.000 ,  100.000
080:035:04009 ,       , 8     ,       ,  1.000E+000 ,  8.614E-001 ,  1.139E+000 ,  9.947E-001 , 19.1ch26@16 ,  9.975E-001 , 19.2ch26@16 ,  9.963E-001 ,  9.720E-004 ,  47.529  ,  46.244 
080:040:04009 , mA    , 8     ,       ,  0.000E+000 , -2.772E+001 ,  2.772E+001 ,  2.031E-001 , 19.2ch27@16 ,  3.255E-001 , 19.4ch27@16 ,  2.609E-001 ,  4.705E-002 ,  100.000 ,  100.000
080:035:04010 ,       , 8     ,       ,  1.000E+000 ,  8.614E-001 ,  1.139E+000 ,  9.985E-001 , 19.3ch26@16 ,  1.001E+000 , 19.4ch27@16 ,  9.996E-001 ,  6.133E-004 ,  75.328  ,  75.105 
080:040:04010 , mA    , 8     ,       ,  0.000E+000 , -2.772E+001 ,  2.772E+001 , -3.621E-002 , 19.1ch27@16 ,  7.453E-002 , 19.4ch26@16 ,  3.570E-002 ,  3.450E-002 ,  100.000 ,  100.000
080:035:04011 ,       , 8     ,       ,  1.000E+000 ,  8.614E-001 ,  1.139E+000 ,  1.000E+000 , 19.3ch26@16 ,  1.002E+000 , 19.4ch27@16 ,  1.001E+000 ,  5.705E-004 ,  80.983  ,  80.412 
080:040:04011 , mA    , 8     ,       ,  0.000E+000 , -2.772E+001 ,  2.772E+001 , -1.849E-001 , 19.1ch27@16 , -7.438E-002 , 19.2ch26@16 , -1.045E-001 ,  3.628E-002 ,  100.000 ,  100.000
080:035:04012 ,       , 8     ,       ,  1.000E+000 ,  8.614E-001 ,  1.139E+000 ,  1.001E+000 , 19.3ch26@16 ,  1.003E+000 , 19.4ch27@16 ,  1.002E+000 ,  6.237E-004 ,  74.076  ,  73.219 
080:040:04012 , mA    , 8     ,       ,  0.000E+000 , -2.772E+001 ,  2.772E+001 , -2.873E-001 , 19.1ch27@16 , -1.372E-001 , 19.2ch26@16 , -1.889E-001 ,  4.721E-002 ,  100.000 ,  100.000
080:035:04013 ,       , 8     ,       ,  1.000E+000 ,  8.614E-001 ,  1.139E+000 ,  1.001E+000 , 19.3ch26@16 ,  1.003E+000 , 19.4ch27@16 ,  1.002E+000 ,  5.967E-004 ,  77.432  ,  76.373 
080:040:04013 , mA    , 8     ,       ,  0.000E+000 , -2.772E+001 ,  2.772E+001 , -3.370E-001 , 19.1ch27@16 , -1.917E-001 , 19.2ch26@16 , -2.383E-001 ,  4.694E-002 ,  100.000 ,  100.000
080:035:04014 ,       , 8     ,       ,  1.000E+000 ,  8.614E-001 ,  1.139E+000 ,  1.001E+000 , 19.3ch26@16 ,  1.003E+000 , 19.4ch27@16 ,  1.002E+000 ,  5.967E-004 ,  77.432  ,  76.373 
080:040:04014 , mA    , 8     ,       ,  0.000E+000 , -2.772E+001 ,  2.772E+001 , -3.370E-001 , 19.1ch27@16 , -1.917E-001 , 19.2ch26@16 , -2.383E-001 ,  4.694E-002 ,  100.000 ,  100.000
080:035:04015 ,       , 8     ,       ,  1.000E+000 ,  8.614E-001 ,  1.139E+000 ,  1.001E+000 , 19.3ch26@16 ,  1.003E+000 , 19.4ch27@16 ,  1.002E+000 ,  5.967E-004 ,  77.432  ,  76.373 
080:040:04015 , mA    , 8     ,       ,  0.000E+000 , -2.772E+001 ,  2.772E+001 , -3.370E-001 , 19.1ch27@16 , -1.917E-001 , 19.2ch26@16 , -2.383E-001 ,  4.694E-002 ,  100.000 ,  100.000
080:005:05000 , O     , 8     ,       ,  5.000E-001 ,  4.910E-001 ,  5.090E-001 ,  4.997E-001 , 19.1ch26@16 ,  5.001E-001 , 19.2ch26@16 ,  5.000E-001 ,  1.571E-004 ,  19.095  ,  19.079 
080:010:05000 , uA    , 8     ,       ,  0.000E+000 , -7.700E-001 ,  7.700E-001 , -2.528E-003 , 19.3ch26@16 , -1.816E-003 , 19.2ch27@16 , -2.097E-003 ,  2.106E-004 ,  100.000 ,  100.000
080:015:05000 , uA    , 8     ,       ,  0.000E+000 , -7.700E-001 ,  7.700E-001 ,  1.251E-004 , 19.1ch26@16 ,  6.667E-004 , 19.4ch26@16 ,  3.312E-004 ,  1.697E-004 ,  100.000 ,  100.000
080:020:05000 , V     , 8     ,       , -2.250E-001 , -3.636E-001 , -8.640E-002 , -2.251E-001 , 19.2ch26@16 , -2.249E-001 , 19.1ch26@16 , -2.250E-001 ,  7.107E-005 ,  100.000 ,  100.000
080:025:05000 , A     , 8     ,       , -4.500E-001 , -7.272E-001 , -1.728E-001 , -4.500E-001 , 19.4ch27@16 , -4.499E-001 , 19.2ch27@16 , -4.500E-001 ,  3.425E-005 ,  100.000 ,  100.000
080:030:05000 , A     , 8     , OS    , -4.500E-001 , -7.272E-001 , -1.728E-001 , -4.516E-001 , 19.4ch27@16 , -4.501E-001 , 19.1ch27@16 , -4.507E-001 ,  4.909E-004 ,  100.000 ,  100.000
080:020:05001 , V     , 8     ,       , -1.688E-001 , -3.074E-001 , -3.015E-002 , -1.688E-001 , 19.2ch26@16 , -1.686E-001 , 19.1ch27@16 , -1.687E-001 ,  4.627E-005 ,  100.000 ,  100.000
080:025:05001 , A     , 8     ,       , -3.375E-001 , -6.147E-001 , -6.030E-002 , -3.375E-001 , 19.1ch26@16 , -3.374E-001 , 19.2ch27@16 , -3.374E-001 ,  2.670E-005 ,  100.000 ,  100.000
080:030:05001 , A     , 8     , OS    , -3.375E-001 , -6.147E-001 , -6.028E-002 , -3.389E-001 , 19.4ch27@16 , -3.376E-001 , 19.1ch27@16 , -3.382E-001 ,  4.312E-004 ,  100.000 ,  100.000
080:020:05002 , V     , 8     ,       , -1.250E-001 , -2.636E-001 ,  1.360E-002 , -1.250E-001 , 19.2ch26@16 , -1.249E-001 , 19.1ch26@16 , -1.250E-001 ,  3.995E-005 ,  100.000 ,  100.000
080:025:05002 , A     , 8     ,       , -2.500E-001 , -5.272E-001 ,  2.720E-002 , -2.500E-001 , 19.2ch26@16 , -2.499E-001 , 19.3ch26@16 , -2.500E-001 ,  3.586E-005 ,  100.000 ,  100.000
080:030:05002 , A     , 8     , OS    , -2.500E-001 , -5.272E-001 ,  2.721E-002 , -2.513E-001 , 19.4ch27@16 , -2.501E-001 , 19.1ch27@16 , -2.507E-001 ,  3.897E-004 ,  100.000 ,  100.000
080:020:05003 , V     , 8     ,       , -2.500E-003 , -1.411E-001 ,  1.361E-001 , -2.512E-003 , 19.2ch26@16 , -2.479E-003 , 19.4ch26@16 , -2.489E-003 ,  1.124E-005 ,  100.000 ,  100.000
080:025:05003 , A     , 8     ,       , -5.000E-003 , -2.822E-001 ,  2.722E-001 , -5.022E-003 , 19.2ch26@16 , -4.957E-003 , 19.4ch26@16 , -4.978E-003 ,  2.239E-005 ,  100.000 ,  100.000
080:030:05003 , A     , 8     , OS    , -4.973E-003 , -2.822E-001 ,  2.722E-001 , -5.985E-003 , 19.4ch27@16 , -5.092E-003 , 19.1ch27@16 , -5.586E-003 ,  2.758E-004 ,  100.000 ,  100.000
080:020:05004 , V     , 8     ,       ,  2.500E-003 , -1.361E-001 ,  1.411E-001 ,  2.526E-003 , 19.4ch26@16 ,  2.648E-003 , 19.1ch26@16 ,  2.572E-003 ,  4.620E-005 ,  100.000 ,  100.000
080:025:05004 , A     , 8     ,       ,  5.000E-003 , -2.722E-001 ,  2.822E-001 ,  5.051E-003 , 19.4ch26@16 ,  5.298E-003 , 19.1ch26@16 ,  5.144E-003 ,  9.382E-005 ,  100.000 ,  100.000
080:030:05004 , A     , 8     , OS    ,  5.298E-003 , -2.719E-001 ,  2.825E-001 ,  4.311E-003 , 19.4ch27@16 ,  5.186E-003 , 19.1ch27@16 ,  4.683E-003 ,  2.727E-004 ,  100.000 ,  100.000
080:020:05005 , V     , 8     ,       ,  1.688E-001 ,  3.015E-002 ,  3.074E-001 ,  1.691E-001 , 19.3ch27@16 ,  1.692E-001 , 19.4ch27@16 ,  1.691E-001 ,  4.006E-005 ,  100.000 ,  100.000
080:025:05005 , A     , 8     ,       ,  3.375E-001 ,  6.030E-002 ,  6.147E-001 ,  3.381E-001 , 19.2ch26@16 ,  3.385E-001 , 19.1ch26@16 ,  3.383E-001 ,  1.536E-004 ,  100.000 ,  100.000
080:030:05005 , A     , 8     , OS    ,  3.385E-001 ,  6.128E-002 ,  6.157E-001 ,  3.378E-001 , 19.1ch26@16 ,  3.384E-001 , 19.1ch27@16 ,  3.380E-001 ,  1.840E-004 ,  100.000 ,  100.000
080:020:05006 , V     , 8     ,       ,  3.375E-001 ,  1.989E-001 ,  4.761E-001 ,  3.370E-001 , 19.1ch26@16 ,  3.374E-001 , 19.2ch27@16 ,  3.372E-001 ,  1.615E-004 ,  100.000 ,  100.000
080:025:05006 , A     , 8     ,       ,  6.750E-001 ,  3.978E-001 ,  9.522E-001 ,  6.743E-001 , 19.1ch26@16 ,  6.746E-001 , 19.2ch27@16 ,  6.745E-001 ,  1.212E-004 ,  100.000 ,  100.000
080:030:05006 , A     , 8     , OS    ,  6.743E-001 ,  3.971E-001 ,  9.515E-001 ,  6.752E-001 , 19.2ch27@16 ,  6.766E-001 , 19.1ch27@16 ,  6.759E-001 ,  5.173E-004 ,  100.000 ,  100.000
080:020:05007 , V     , 8     ,       ,  5.063E-001 ,  3.677E-001 ,  6.449E-001 ,  5.056E-001 , 19.1ch26@16 ,  5.061E-001 , 19.2ch26@16 ,  5.059E-001 ,  2.137E-004 ,  100.000 ,  100.000
080:025:05007 , A     , 8     ,       ,  1.013E+000 ,  7.353E-001 ,  1.290E+000 ,  1.012E+000 , 19.1ch26@16 ,  1.012E+000 , 19.2ch26@16 ,  1.012E+000 ,  1.233E-004 ,  100.000 ,  100.000
080:030:05007 , A     , 8     , OS    ,  1.012E+000 ,  7.344E-001 ,  1.289E+000 ,  1.013E+000 , 19.2ch27@16 ,  1.015E+000 , 19.4ch27@16 ,  1.014E+000 ,  7.619E-004 ,  100.000 ,  100.000
080:020:05008 , V     , 8     ,       ,  6.750E-001 ,  5.364E-001 ,  8.136E-001 ,  6.744E-001 , 19.1ch27@16 ,  6.750E-001 , 19.2ch27@16 ,  6.748E-001 ,  2.389E-004 ,  100.000 ,  100.000
080:025:05008 , A     , 8     ,       ,  1.350E+000 ,  1.073E+000 ,  1.627E+000 ,  1.349E+000 , 19.1ch27@16 ,  1.350E+000 , 19.2ch27@16 ,  1.350E+000 ,  6.242E-005 ,  100.000 ,  100.000
080:030:05008 , A     , 8     , OS    ,  1.349E+000 ,  1.072E+000 ,  1.627E+000 ,  1.351E+000 , 19.2ch27@16 ,  1.354E+000 , 19.4ch27@16 ,  1.353E+000 ,  9.730E-004 ,  94.968  ,  93.920 
080:020:05009 , V     , 8     ,       ,  8.438E-001 ,  7.052E-001 ,  9.824E-001 ,  8.433E-001 , 19.1ch26@16 ,  8.440E-001 , 19.2ch27@16 ,  8.437E-001 ,  2.559E-004 ,  100.000 ,  100.000
080:025:05009 , A     , 8     ,       ,  1.688E+000 ,  1.410E+000 ,  1.965E+000 ,  1.687E+000 , 19.4ch26@16 ,  1.688E+000 , 19.1ch27@16 ,  1.688E+000 ,  3.272E-005 ,  100.000 ,  100.000
080:030:05009 , A     , 8     , OS    ,  1.688E+000 ,  1.410E+000 ,  1.965E+000 ,  1.689E+000 , 19.2ch27@16 ,  1.693E+000 , 19.4ch27@16 ,  1.691E+000 ,  1.173E-003 ,  78.744  ,  77.792 
080:020:05010 , V     , 8     ,       ,  9.750E-001 ,  8.364E-001 ,  1.114E+000 ,  9.748E-001 , 19.1ch26@16 ,  9.754E-001 , 19.2ch27@16 ,  9.752E-001 ,  2.683E-004 ,  100.000 ,  100.000
080:025:05010 , A     , 8     ,       ,  1.950E+000 ,  1.673E+000 ,  2.227E+000 ,  1.950E+000 , 19.2ch26@16 ,  1.951E+000 , 19.1ch27@16 ,  1.950E+000 ,  9.957E-005 ,  100.000 ,  100.000
080:030:05010 , A     , 8     , OS    ,  1.951E+000 ,  1.673E+000 ,  2.228E+000 ,  1.952E+000 , 19.2ch27@16 ,  1.956E+000 , 19.4ch27@16 ,  1.954E+000 ,  1.309E-003 ,  70.568  ,  69.680 
080:035:05000 ,       , 8     ,       ,  1.000E+000 ,  8.614E-001 ,  1.139E+000 ,  9.986E-001 , 19.4ch27@16 ,  1.000E+000 , 19.2ch27@16 ,  9.997E-001 ,  5.737E-004 ,  80.524  ,  80.337 
080:040:05000 , A     , 8     ,       ,  0.000E+000 , -2.772E-001 ,  2.772E-001 ,  1.624E-004 , 19.1ch27@16 ,  9.942E-004 , 19.4ch27@16 ,  6.203E-004 ,  2.664E-004 ,  100.000 ,  100.000
080:035:05001 ,       , 8     ,       ,  1.000E+000 ,  8.614E-001 ,  1.139E+000 ,  9.986E-001 , 19.4ch27@16 ,  1.000E+000 , 19.2ch27@16 ,  9.997E-001 ,  5.737E-004 ,  80.524  ,  80.337 
080:040:05001 , A     , 8     ,       ,  0.000E+000 , -2.772E-001 ,  2.772E-001 ,  1.624E-004 , 19.1ch27@16 ,  9.942E-004 , 19.4ch27@16 ,  6.203E-004 ,  2.664E-004 ,  100.000 ,  100.000
080:035:05002 ,       , 8     ,       ,  1.000E+000 ,  8.614E-001 ,  1.139E+000 ,  9.986E-001 , 19.4ch27@16 ,  1.000E+000 , 19.2ch27@16 ,  9.997E-001 ,  5.737E-004 ,  80.524  ,  80.337 
080:040:05002 , A     , 8     ,       ,  0.000E+000 , -2.772E-001 ,  2.772E-001 ,  1.624E-004 , 19.1ch27@16 ,  9.942E-004 , 19.4ch27@16 ,  6.203E-004 ,  2.664E-004 ,  100.000 ,  100.000
080:035:05003 ,       , 8     ,       ,  1.000E+000 ,  8.614E-001 ,  1.139E+000 ,  9.986E-001 , 19.4ch27@16 ,  1.000E+000 , 19.2ch27@16 ,  9.997E-001 ,  5.737E-004 ,  80.524  ,  80.337 
080:040:05003 , A     , 8     ,       ,  0.000E+000 , -2.772E-001 ,  2.772E-001 ,  1.624E-004 , 19.1ch27@16 ,  9.942E-004 , 19.4ch27@16 ,  6.203E-004 ,  2.664E-004 ,  100.000 ,  100.000
080:035:05004 ,       , 8     ,       ,  1.000E+000 ,  8.614E-001 ,  1.139E+000 ,  9.986E-001 , 19.4ch27@16 ,  1.000E+000 , 19.2ch27@16 ,  9.997E-001 ,  5.737E-004 ,  80.524  ,  80.337 
080:040:05004 , A     , 8     ,       ,  0.000E+000 , -2.772E-001 ,  2.772E-001 ,  1.624E-004 , 19.1ch27@16 ,  9.942E-004 , 19.4ch27@16 ,  6.203E-004 ,  2.664E-004 ,  100.000 ,  100.000
080:035:05005 ,       , 8     ,       ,  1.000E+000 ,  8.614E-001 ,  1.139E+000 ,  9.986E-001 , 19.4ch27@16 ,  1.000E+000 , 19.2ch27@16 ,  9.997E-001 ,  5.737E-004 ,  80.524  ,  80.337 
080:040:05005 , A     , 8     ,       ,  0.000E+000 , -2.772E-001 ,  2.772E-001 ,  1.624E-004 , 19.1ch27@16 ,  9.942E-004 , 19.4ch27@16 ,  6.203E-004 ,  2.664E-004 ,  100.000 ,  100.000
080:035:05006 ,       , 8     ,       ,  1.000E+000 ,  8.614E-001 ,  1.139E+000 ,  9.986E-001 , 19.4ch27@16 ,  1.000E+000 , 19.2ch27@16 ,  9.997E-001 ,  5.737E-004 ,  80.524  ,  80.337 
080:040:05006 , A     , 8     ,       ,  0.000E+000 , -2.772E-001 ,  2.772E-001 ,  1.624E-004 , 19.1ch27@16 ,  9.942E-004 , 19.4ch27@16 ,  6.203E-004 ,  2.664E-004 ,  100.000 ,  100.000
080:035:05007 ,       , 8     ,       ,  1.000E+000 ,  8.614E-001 ,  1.139E+000 ,  9.987E-001 , 19.4ch27@16 ,  1.000E+000 , 19.2ch27@16 ,  9.997E-001 ,  5.484E-004 ,  84.240  ,  84.028 
080:040:05007 , A     , 8     ,       ,  0.000E+000 , -2.772E-001 ,  2.772E-001 ,  1.194E-004 , 19.1ch27@16 ,  1.004E-003 , 19.4ch27@16 ,  6.112E-004 ,  2.734E-004 ,  100.000 ,  100.000
080:035:05008 ,       , 8     ,       ,  1.000E+000 ,  8.614E-001 ,  1.139E+000 ,  9.986E-001 , 19.4ch27@16 ,  1.000E+000 , 19.2ch27@16 ,  9.997E-001 ,  5.891E-004 ,  78.430  ,  78.240 
080:040:05008 , A     , 8     ,       ,  0.000E+000 , -2.772E-001 ,  2.772E-001 ,  1.194E-004 , 19.1ch27@16 ,  1.004E-003 , 19.4ch27@16 ,  6.112E-004 ,  2.732E-004 ,  100.000 ,  100.000
080:035:05009 ,       , 8     ,       ,  1.000E+000 ,  8.614E-001 ,  1.139E+000 ,  9.919E-001 , 19.4ch27@16 ,  9.956E-001 , 19.2ch27@16 ,  9.938E-001 ,  1.349E-003 ,  34.248  ,  32.713 
080:040:05009 , A     , 8     ,       ,  0.000E+000 , -2.772E-001 ,  2.772E-001 ,  2.060E-003 , 19.2ch27@16 ,  3.260E-003 , 19.4ch27@16 ,  2.597E-003 ,  4.665E-004 ,  100.000 ,  100.000
080:035:05010 ,       , 8     ,       ,  1.000E+000 ,  8.614E-001 ,  1.139E+000 ,  9.956E-001 , 19.4ch27@16 ,  9.983E-001 , 19.2ch27@16 ,  9.972E-001 ,  8.332E-004 ,  55.452  ,  54.317 
080:040:05010 , A     , 8     ,       ,  0.000E+000 , -2.772E-001 ,  2.772E-001 , -3.957E-004 , 19.1ch27@16 ,  7.444E-004 , 19.4ch27@16 ,  3.123E-004 ,  3.475E-004 ,  100.000 ,  100.000
080:035:05011 ,       , 8     ,       ,  1.000E+000 ,  8.614E-001 ,  1.139E+000 ,  9.973E-001 , 19.4ch27@16 ,  9.995E-001 , 19.2ch27@16 ,  9.985E-001 ,  6.965E-004 ,  66.329  ,  65.627 
080:040:05011 , A     , 8     ,       ,  0.000E+000 , -2.772E-001 ,  2.772E-001 , -1.931E-003 , 19.1ch27@16 , -6.719E-004 , 19.2ch26@16 , -1.077E-003 ,  3.878E-004 ,  100.000 ,  100.000
080:035:05012 ,       , 8     ,       ,  1.000E+000 ,  8.614E-001 ,  1.139E+000 ,  9.979E-001 , 19.4ch27@16 ,  1.000E+000 , 19.2ch27@16 ,  9.991E-001 ,  6.523E-004 ,  70.821  ,  70.382 
080:040:05012 , A     , 8     ,       ,  0.000E+000 , -2.772E-001 ,  2.772E-001 , -2.875E-003 , 19.1ch27@16 , -1.451E-003 , 19.3ch27@16 , -1.896E-003 ,  4.493E-004 ,  100.000 ,  100.000
080:035:05013 ,       , 8     ,       ,  1.000E+000 ,  8.614E-001 ,  1.139E+000 ,  9.984E-001 , 19.4ch27@16 ,  1.000E+000 , 19.3ch27@16 ,  9.995E-001 ,  5.790E-004 ,  79.798  ,  79.497 
080:040:05013 , A     , 8     ,       ,  0.000E+000 , -2.772E-001 ,  2.772E-001 , -3.494E-003 , 19.1ch27@16 , -1.773E-003 , 19.2ch27@16 , -2.467E-003 ,  5.642E-004 ,  100.000 ,  100.000
080:035:05014 ,       , 8     ,       ,  1.000E+000 ,  8.614E-001 ,  1.139E+000 ,  9.984E-001 , 19.4ch27@16 ,  1.000E+000 , 19.3ch27@16 ,  9.995E-001 ,  5.790E-004 ,  79.798  ,  79.497 
080:040:05014 , A     , 8     ,       ,  0.000E+000 , -2.772E-001 ,  2.772E-001 , -3.494E-003 , 19.1ch27@16 , -1.773E-003 , 19.2ch27@16 , -2.467E-003 ,  5.642E-004 ,  100.000 ,  100.000
080:035:05015 ,       , 8     ,       ,  1.000E+000 ,  8.614E-001 ,  1.139E+000 ,  9.984E-001 , 19.4ch27@16 ,  1.000E+000 , 19.3ch27@16 ,  9.995E-001 ,  5.790E-004 ,  79.798  ,  79.497 
080:040:05015 , A     , 8     ,       ,  0.000E+000 , -2.772E-001 ,  2.772E-001 , -3.494E-003 , 19.1ch27@16 , -1.773E-003 , 19.2ch27@16 , -2.467E-003 ,  5.642E-004 ,  100.000 ,  100.000
085:005:01000 , V     , 8     ,       , -1.000E+000 , -1.116E+000 , -8.845E-001 , -1.005E+000 , 19.1ch29@1  , -9.964E-001 , 19.1ch28@1  , -1.002E+000 ,  3.143E-003 ,  12.248  ,  11.995 
085:010:01000 , V     , 8     ,       , -1.000E+000 , -1.116E+000 , -8.845E-001 , -1.005E+000 , 19.1ch29@1  , -9.965E-001 , 19.1ch28@1  , -1.002E+000 ,  3.122E-003 ,  12.330  ,  12.069 
085:005:01001 , V     , 8     ,       ,  0.000E+000 , -3.850E-002 ,  3.850E-002 , -4.462E-003 , 19.4ch29@1  ,  5.084E-003 , 19.1ch28@1  , -1.271E-003 ,  3.318E-003 ,  3.867   ,  3.740  
085:010:01001 , V     , 8     ,       ,  0.000E+000 , -3.850E-002 ,  3.850E-002 , -4.370E-003 , 19.4ch29@1  ,  4.954E-003 , 19.1ch28@1  , -1.315E-003 ,  3.282E-003 ,  3.911   ,  3.777  
085:005:01002 , V     , 8     ,       ,  6.000E+000 ,  5.500E+000 ,  6.501E+000 ,  6.004E+000 , 19.4ch29@1  ,  6.013E+000 , 19.1ch28@1  ,  6.007E+000 ,  3.364E-003 ,  49.593  ,  48.910 
085:010:01002 , V     , 8     ,       ,  6.000E+000 ,  5.500E+000 ,  6.501E+000 ,  6.003E+000 , 19.4ch29@1  ,  6.013E+000 , 19.1ch28@1  ,  6.007E+000 ,  3.385E-003 ,  49.292  ,  48.622 
085:015:01000 ,       , 8     ,       ,  1.000E+000 ,  8.460E-001 ,  1.154E+000 ,  9.985E-001 , 19.2ch28@1  ,  9.988E-001 , 19.3ch29@1  ,  9.987E-001 ,  8.462E-005 ,  100.000 ,  100.000
085:020:01000 , V     , 8     ,       ,  0.000E+000 , -7.700E-002 ,  7.700E-002 , -4.891E-003 , 19.1ch28@1  ,  4.065E-003 , 19.4ch29@1  ,  1.208E-003 ,  3.204E-003 ,  8.011   ,  7.886  
085:005:01010 , V     , 8     ,       , -1.000E+000 , -1.116E+000 , -8.845E-001 , -1.009E+000 , 19.3ch28@1  , -1.001E+000 , 19.1ch28@1  , -1.006E+000 ,  2.996E-003 ,  12.848  ,  12.150 
085:010:01010 , V     , 8     ,       , -1.000E+000 , -1.116E+000 , -8.845E-001 , -1.009E+000 , 19.3ch28@1  , -1.001E+000 , 19.1ch28@1  , -1.006E+000 ,  3.009E-003 ,  12.796  ,  12.113 
085:005:01011 , V     , 8     ,       ,  0.000E+000 , -3.850E-002 ,  3.850E-002 , -4.877E-003 , 19.4ch29@1  ,  4.877E-003 , 19.1ch28@1  , -1.582E-003 ,  3.403E-003 ,  3.771   ,  3.616  
085:010:01011 , V     , 8     ,       ,  0.000E+000 , -3.850E-002 ,  3.850E-002 , -4.870E-003 , 19.4ch29@1  ,  4.805E-003 , 19.1ch28@1  , -1.563E-003 ,  3.377E-003 ,  3.801   ,  3.646  
085:005:01012 , V     , 8     ,       ,  6.000E+000 ,  5.500E+000 ,  6.501E+000 ,  6.020E+000 , 19.4ch29@1  ,  6.037E+000 , 19.1ch28@1  ,  6.028E+000 ,  6.054E-003 ,  27.558  ,  26.006 
085:010:01012 , V     , 8     ,       ,  6.000E+000 ,  5.500E+000 ,  6.501E+000 ,  6.019E+000 , 19.4ch29@1  ,  6.037E+000 , 19.1ch28@1  ,  6.027E+000 ,  6.088E-003 ,  27.403  ,  25.910 
085:015:01010 ,       , 8     ,       ,  1.000E+000 ,  8.460E-001 ,  1.154E+000 ,  9.197E-001 , 19.3ch28@1  ,  9.241E-001 , 19.3ch29@1  ,  9.218E-001 ,  2.054E-003 ,  24.993  ,  12.308 
085:020:01010 , V     , 8     ,       ,  0.000E+000 , -7.700E-002 ,  7.700E-002 , -4.753E-003 , 19.1ch28@1  ,  4.632E-003 , 19.4ch29@1  ,  1.458E-003 ,  3.297E-003 ,  7.784   ,  7.636  
085:005:01020 , V     , 8     ,       , -4.000E+001 , -4.770E+001 , -3.230E+001 , -4.046E+001 , 19.3ch29@1  , -4.029E+001 , 19.1ch28@1  , -4.040E+001 ,  5.777E-002 ,  44.428  ,  42.111 
085:005:01021 , V     , 8     ,       ,  0.000E+000 , -1.540E+000 ,  1.540E+000 , -4.982E-001 , 19.3ch28@1  , -3.734E-001 , 19.1ch28@1  , -4.324E-001 ,  4.799E-002 ,  10.697  ,  7.693  
085:005:01022 , V     , 8     ,       ,  2.500E+001 ,  1.961E+001 ,  3.039E+001 ,  2.448E+001 , 19.1ch29@1  ,  2.462E+001 , 19.2ch28@1  ,  2.456E+001 ,  5.683E-002 ,  31.613  ,  29.032 
085:005:01023 , V     , 8     ,       ,  5.000E+001 ,  4.076E+001 ,  5.924E+001 ,  4.943E+001 , 19.1ch29@1  ,  4.964E+001 , 19.2ch28@1  ,  4.954E+001 ,  7.408E-002 ,  41.575  ,  39.503 
085:005:01024 , V     , 8     ,       ,  8.000E+001 ,  6.614E+001 ,  9.386E+001 ,  7.938E+001 , 19.1ch29@1  ,  7.966E+001 , 19.2ch28@1  ,  7.951E+001 ,  1.016E-001 ,  45.472  ,  43.863 
085:015:01020 ,       , 8     ,       ,  1.000E+000 ,  8.075E-001 ,  1.193E+000 ,  9.991E-001 , 19.2ch28@1  ,  1.002E+000 , 19.1ch28@1  ,  1.001E+000 ,  1.024E-003 ,  62.665  ,  62.433 
085:020:01020 , V     , 8     ,       ,  0.000E+000 , -1.540E+000 ,  1.540E+000 ,  3.717E-001 , 19.1ch28@1  ,  4.944E-001 , 19.3ch28@1  ,  4.290E-001 ,  4.787E-002 ,  10.723  ,  7.736  
085:005:02000 , V     , 8     ,       , -1.000E+000 , -1.116E+000 , -8.845E-001 , -1.009E+000 , 19.4ch28@1  , -1.001E+000 , 19.3ch29@1  , -1.004E+000 ,  2.742E-003 ,  14.042  ,  13.499 
085:010:02000 , V     , 8     ,       , -1.000E+000 , -1.116E+000 , -8.845E-001 , -1.009E+000 , 19.4ch28@1  , -1.001E+000 , 19.3ch29@1  , -1.005E+000 ,  2.767E-003 ,  13.915  ,  13.371 
085:005:02001 , V     , 8     ,       ,  0.000E+000 , -3.850E-002 ,  3.850E-002 , -7.990E-003 , 19.4ch28@1  ,  5.188E-004 , 19.3ch29@1  , -3.191E-003 ,  2.688E-003 ,  4.773   ,  4.378  
085:010:02001 , V     , 8     ,       ,  0.000E+000 , -3.850E-002 ,  3.850E-002 , -7.937E-003 , 19.4ch28@1  ,  4.061E-004 , 19.3ch29@1  , -3.197E-003 ,  2.615E-003 ,  4.908   ,  4.500  
085:005:02002 , V     , 8     ,       ,  6.000E+000 ,  5.500E+000 ,  6.501E+000 ,  6.001E+000 , 19.4ch28@1  ,  6.008E+000 , 19.1ch29@1  ,  6.005E+000 ,  2.402E-003 ,  69.450  ,  68.759 
085:010:02002 , V     , 8     ,       ,  6.000E+000 ,  5.500E+000 ,  6.501E+000 ,  6.000E+000 , 19.4ch28@1  ,  6.008E+000 , 19.1ch29@1  ,  6.005E+000 ,  2.465E-003 ,  67.688  ,  67.029 
085:015:02000 ,       , 8     ,       ,  1.000E+000 ,  8.460E-001 ,  1.154E+000 ,  9.986E-001 , 19.2ch28@1  ,  9.988E-001 , 19.3ch29@1  ,  9.987E-001 ,  8.219E-005 ,  100.000 ,  100.000
085:020:02000 , V     , 8     ,       ,  0.000E+000 , -7.700E-002 ,  7.700E-002 , -4.031E-004 , 19.3ch29@1  ,  8.004E-003 , 19.4ch28@1  ,  3.181E-003 ,  2.669E-003 ,  9.615   ,  9.218  
085:005:02010 , V     , 8     ,       , -1.000E+000 , -1.116E+000 , -8.845E-001 , -1.013E+000 , 19.4ch28@1  , -1.002E+000 , 19.3ch29@1  , -1.008E+000 ,  3.393E-003 ,  11.348  ,  10.601 
085:010:02010 , V     , 8     ,       , -1.000E+000 , -1.116E+000 , -8.845E-001 , -1.013E+000 , 19.4ch28@1  , -1.002E+000 , 19.3ch29@1  , -1.007E+000 ,  3.368E-003 ,  11.432  ,  10.691 
085:005:02011 , V     , 8     ,       ,  0.000E+000 , -3.850E-002 ,  3.850E-002 , -7.782E-003 , 19.4ch28@1  ,  1.349E-003 , 19.3ch29@1  , -2.879E-003 ,  2.926E-003 ,  4.386   ,  4.058  
085:010:02011 , V     , 8     ,       ,  0.000E+000 , -3.850E-002 ,  3.850E-002 , -7.736E-003 , 19.4ch28@1  ,  1.309E-003 , 19.3ch29@1  , -2.833E-003 ,  2.881E-003 ,  4.455   ,  4.127  
085:005:02012 , V     , 8     ,       ,  6.000E+000 ,  5.500E+000 ,  6.501E+000 ,  6.021E+000 , 19.4ch29@1  ,  6.032E+000 , 19.3ch28@1  ,  6.027E+000 ,  3.463E-003 ,  48.169  ,  45.590 
085:010:02012 , V     , 8     ,       ,  6.000E+000 ,  5.500E+000 ,  6.501E+000 ,  6.020E+000 , 19.4ch29@1  ,  6.031E+000 , 19.3ch28@1  ,  6.026E+000 ,  3.522E-003 ,  47.364  ,  44.916 
085:015:02010 ,       , 8     ,       ,  1.000E+000 ,  8.460E-001 ,  1.154E+000 ,  9.196E-001 , 19.3ch28@1  ,  9.242E-001 , 19.3ch29@1  ,  9.219E-001 ,  2.064E-003 ,  24.870  ,  12.250 
085:020:02010 , V     , 8     ,       ,  0.000E+000 , -7.700E-002 ,  7.700E-002 , -1.420E-003 , 19.3ch29@1  ,  7.793E-003 , 19.4ch28@1  ,  2.757E-003 ,  2.939E-003 ,  8.733   ,  8.420  
085:005:02020 , V     , 8     ,       , -4.000E+001 , -4.770E+001 , -3.230E+001 , -4.048E+001 , 19.2ch28@1  , -4.038E+001 , 19.1ch28@1  , -4.042E+001 ,  4.399E-002 ,  58.340  ,  55.134 
085:005:02021 , V     , 8     ,       ,  0.000E+000 , -1.540E+000 ,  1.540E+000 , -5.110E-001 , 19.4ch28@1  , -4.088E-001 , 19.4ch29@1  , -4.507E-001 ,  3.525E-002 ,  14.564  ,  10.302 
085:005:02022 , V     , 8     ,       ,  2.500E+001 ,  1.961E+001 ,  3.039E+001 ,  2.448E+001 , 19.4ch28@1  ,  2.460E+001 , 19.2ch29@1  ,  2.454E+001 ,  4.816E-002 ,  37.304  ,  34.108 
085:005:02023 , V     , 8     ,       ,  5.000E+001 ,  4.076E+001 ,  5.924E+001 ,  4.943E+001 , 19.1ch28@1  ,  4.960E+001 , 19.2ch28@1  ,  4.952E+001 ,  6.961E-002 ,  44.244  ,  41.948 
085:005:02024 , V     , 8     ,       ,  8.000E+001 ,  6.614E+001 ,  9.386E+001 ,  7.936E+001 , 19.1ch28@1  ,  7.963E+001 , 19.2ch28@1  ,  7.949E+001 ,  9.782E-002 ,  47.228  ,  45.493 
085:015:02020 ,       , 8     ,       ,  1.000E+000 ,  8.075E-001 ,  1.193E+000 ,  9.990E-001 , 19.2ch28@1  ,  1.002E+000 , 19.1ch28@1  ,  1.001E+000 ,  1.009E-003 ,  63.568  ,  63.339 
085:020:02020 , V     , 8     ,       ,  0.000E+000 , -1.540E+000 ,  1.540E+000 ,  4.089E-001 , 19.4ch29@1  ,  5.094E-001 , 19.4ch28@1  ,  4.493E-001 ,  3.471E-002 ,  14.791  ,  10.476 
090:005:01100 , V     , 8     ,       ,  0.000E+000 , -4.620E-001 ,  4.620E-001 ,  9.764E-002 , 19.4ch29@1  ,  1.140E-001 , 19.1ch28@1  ,  1.038E-001 ,  5.559E-003 ,  27.700  ,  21.479 
090:010:01100 , V     , 8     ,       ,  0.000E+000 , -4.620E-001 ,  4.620E-001 ,  9.755E-002 , 19.4ch29@1  ,  1.140E-001 , 19.1ch28@1  ,  1.037E-001 ,  5.546E-003 ,  27.769  ,  21.535 
090:015:01100 ,       , 8     ,       ,  1.000E+000 ,  8.460E-001 ,  1.154E+000 ,  9.985E-001 , 19.2ch28@1  ,  9.988E-001 , 19.3ch29@1  ,  9.987E-001 ,  8.775E-005 ,  100.000 ,  100.000
090:020:01100 , V     , 8     ,       ,  0.000E+000 , -1.540E-001 ,  1.540E-001 , -1.140E-001 , 19.1ch28@1  , -9.755E-002 , 19.4ch29@1  , -1.037E-001 ,  5.546E-003 ,  9.256   ,  3.022  
090:005:01200 , V     , 8     ,       ,  0.000E+000 , -4.620E-001 ,  4.620E-001 , -1.142E-001 , 19.2ch28@1  , -1.032E-001 , 19.4ch28@1  , -1.093E-001 ,  3.546E-003 ,  43.433  ,  33.157 
090:010:01200 , V     , 8     ,       ,  0.000E+000 , -4.620E-001 ,  4.620E-001 , -1.142E-001 , 19.2ch28@1  , -1.033E-001 , 19.4ch28@1  , -1.093E-001 ,  3.503E-003 ,  43.966  ,  33.562 
090:015:01200 ,       , 8     ,       ,  1.000E+000 ,  8.460E-001 ,  1.154E+000 ,  9.985E-001 , 19.2ch28@1  ,  9.988E-001 , 19.3ch29@1  ,  9.987E-001 ,  8.775E-005 ,  100.000 ,  100.000
090:020:01200 , V     , 8     ,       ,  0.000E+000 , -1.540E-001 ,  1.540E-001 ,  1.033E-001 , 19.4ch28@1  ,  1.142E-001 , 19.2ch28@1  ,  1.093E-001 ,  3.503E-003 ,  14.655  ,  4.251  
090:015:01300 ,       , 8     ,       ,  1.000E+000 ,  8.460E-001 ,  1.154E+000 ,  9.985E-001 , 19.2ch28@1  ,  9.988E-001 , 19.3ch29@1  ,  9.987E-001 ,  8.775E-005 ,  100.000 ,  100.000
090:020:01300 , V     , 8     ,       ,  0.000E+000 , -1.540E-001 ,  1.540E-001 , -3.930E-003 , 19.1ch28@1  ,  5.779E-003 , 19.4ch29@1  ,  2.832E-003 ,  3.395E-003 ,  15.119  ,  14.841 
090:005:01110 , V     , 8     ,       ,  0.000E+000 , -4.620E-001 ,  4.620E-001 ,  9.702E-002 , 19.4ch29@1  ,  1.140E-001 , 19.1ch28@1  ,  1.037E-001 ,  5.672E-003 ,  27.149  ,  21.058 
090:010:01110 , V     , 8     ,       ,  0.000E+000 , -4.620E-001 ,  4.620E-001 ,  9.687E-002 , 19.4ch29@1  ,  1.140E-001 , 19.1ch28@1  ,  1.036E-001 ,  5.672E-003 ,  27.151  ,  21.062 
090:015:01110 ,       , 8     ,       ,  1.000E+000 ,  8.460E-001 ,  1.154E+000 ,  9.196E-001 , 19.3ch28@1  ,  9.241E-001 , 19.3ch29@1  ,  9.218E-001 ,  2.063E-003 ,  24.884  ,  12.254 
090:020:01110 , V     , 8     ,       ,  0.000E+000 , -1.540E-001 ,  1.540E-001 , -1.140E-001 , 19.1ch28@1  , -9.687E-002 , 19.4ch29@1  , -1.036E-001 ,  5.672E-003 ,  9.050   ,  2.962  
090:005:01210 , V     , 8     ,       ,  0.000E+000 , -4.620E-001 ,  4.620E-001 , -1.144E-001 , 19.2ch28@1  , -1.034E-001 , 19.4ch28@1  , -1.095E-001 ,  3.469E-003 ,  44.396  ,  33.869 
090:010:01210 , V     , 8     ,       ,  0.000E+000 , -4.620E-001 ,  4.620E-001 , -1.143E-001 , 19.2ch28@1  , -1.034E-001 , 19.4ch28@1  , -1.095E-001 ,  3.408E-003 ,  45.183  ,  34.475 
090:015:01210 ,       , 8     ,       ,  1.000E+000 ,  8.460E-001 ,  1.154E+000 ,  9.196E-001 , 19.3ch28@1  ,  9.241E-001 , 19.3ch29@1  ,  9.218E-001 ,  2.063E-003 ,  24.884  ,  12.254 
090:020:01210 , V     , 8     ,       ,  0.000E+000 , -1.540E-001 ,  1.540E-001 ,  1.034E-001 , 19.4ch28@1  ,  1.143E-001 , 19.2ch28@1  ,  1.095E-001 ,  3.408E-003 ,  15.061  ,  4.352  
090:015:01310 ,       , 8     ,       ,  1.000E+000 ,  8.460E-001 ,  1.154E+000 ,  9.196E-001 , 19.3ch28@1  ,  9.241E-001 , 19.3ch29@1  ,  9.218E-001 ,  2.063E-003 ,  24.884  ,  12.254 
090:020:01310 , V     , 8     ,       ,  0.000E+000 , -1.540E-001 ,  1.540E-001 , -3.699E-003 , 19.1ch28@1  ,  6.126E-003 , 19.4ch29@1  ,  2.919E-003 ,  3.401E-003 ,  15.095  ,  14.809 
090:005:01120 , V     , 8     ,       ,  0.000E+000 , -3.080E+000 ,  3.080E+000 ,  6.264E-001 , 19.1ch29@1  ,  8.223E-001 , 19.1ch28@1  ,  7.227E-001 ,  7.108E-002 ,  14.443  ,  11.054 
090:015:01120 ,       , 8     ,       ,  1.000E+000 ,  6.920E-001 ,  1.308E+000 ,  9.991E-001 , 19.2ch28@1  ,  1.002E+000 , 19.1ch28@1  ,  1.001E+000 ,  1.025E-003 ,  100.000 ,  99.946 
090:020:01120 , V     , 8     ,       ,  0.000E+000 , -2.695E+000 ,  2.695E+000 , -8.223E-001 , 19.1ch28@1  , -6.264E-001 , 19.1ch29@1  , -7.227E-001 ,  7.108E-002 ,  12.638  ,  9.249  
090:005:01220 , V     , 8     ,       ,  0.000E+000 , -3.080E+000 ,  3.080E+000 , -1.652E+000 , 19.3ch28@1  , -1.553E+000 , 19.4ch29@1  , -1.613E+000 ,  4.142E-002 ,  24.784  ,  11.809 
090:015:01220 ,       , 8     ,       ,  1.000E+000 ,  6.920E-001 ,  1.308E+000 ,  9.991E-001 , 19.2ch28@1  ,  1.002E+000 , 19.1ch28@1  ,  1.001E+000 ,  1.025E-003 ,  100.000 ,  99.946 
090:020:01220 , V     , 8     ,       ,  0.000E+000 , -2.695E+000 ,  2.695E+000 ,  1.553E+000 , 19.4ch29@1  ,  1.652E+000 , 19.3ch28@1  ,  1.613E+000 ,  4.142E-002 ,  21.686  ,  8.711  
090:015:01320 ,       , 8     ,       ,  1.000E+000 ,  6.920E-001 ,  1.308E+000 ,  9.991E-001 , 19.2ch28@1  ,  1.002E+000 , 19.1ch28@1  ,  1.001E+000 ,  1.025E-003 ,  100.000 ,  99.946 
090:020:01320 , V     , 8     ,       ,  0.000E+000 , -2.695E+000 ,  2.695E+000 ,  3.827E-001 , 19.1ch28@1  ,  5.073E-001 , 19.3ch28@1  ,  4.450E-001 ,  4.539E-002 ,  19.792  ,  16.524 
090:005:02100 , V     , 8     ,       ,  0.000E+000 , -4.620E-001 ,  4.620E-001 ,  9.598E-002 , 19.4ch28@1  ,  1.082E-001 , 19.3ch29@1  ,  1.033E-001 ,  4.035E-003 ,  38.163  ,  29.633 
090:010:02100 , V     , 8     ,       ,  0.000E+000 , -4.620E-001 ,  4.620E-001 ,  9.589E-002 , 19.4ch28@1  ,  1.081E-001 , 19.3ch29@1  ,  1.032E-001 ,  4.020E-003 ,  38.310  ,  29.753 
090:015:02100 ,       , 8     ,       ,  1.000E+000 ,  8.460E-001 ,  1.154E+000 ,  9.986E-001 , 19.2ch28@1  ,  9.988E-001 , 19.3ch29@1  ,  9.987E-001 ,  8.227E-005 ,  100.000 ,  100.000
090:020:02100 , V     , 8     ,       ,  0.000E+000 , -1.540E-001 ,  1.540E-001 , -1.081E-001 , 19.3ch29@1  , -9.589E-002 , 19.4ch28@1  , -1.032E-001 ,  4.020E-003 ,  12.770  ,  4.213  
090:005:02200 , V     , 8     ,       ,  0.000E+000 , -4.620E-001 ,  4.620E-001 , -1.151E-001 , 19.2ch28@1  , -1.037E-001 , 19.1ch29@1  , -1.098E-001 ,  4.089E-003 ,  37.661  ,  28.710 
090:010:02200 , V     , 8     ,       ,  0.000E+000 , -4.620E-001 ,  4.620E-001 , -1.150E-001 , 19.2ch28@1  , -1.037E-001 , 19.1ch29@1  , -1.098E-001 ,  4.089E-003 ,  37.661  ,  28.711 
090:015:02200 ,       , 8     ,       ,  1.000E+000 ,  8.460E-001 ,  1.154E+000 ,  9.986E-001 , 19.2ch28@1  ,  9.988E-001 , 19.3ch29@1  ,  9.987E-001 ,  8.227E-005 ,  100.000 ,  100.000
090:020:02200 , V     , 8     ,       ,  0.000E+000 , -1.540E-001 ,  1.540E-001 ,  1.037E-001 , 19.1ch29@1  ,  1.150E-001 , 19.2ch28@1  ,  1.098E-001 ,  4.089E-003 ,  12.554  ,  3.604  
090:015:02300 ,       , 8     ,       ,  1.000E+000 ,  8.460E-001 ,  1.154E+000 ,  9.986E-001 , 19.2ch28@1  ,  9.988E-001 , 19.3ch29@1  ,  9.987E-001 ,  8.227E-005 ,  100.000 ,  100.000
090:020:02300 , V     , 8     ,       ,  0.000E+000 , -1.540E-001 ,  1.540E-001 , -5.779E-004 , 19.1ch29@1  ,  8.553E-003 , 19.4ch28@1  ,  3.309E-003 ,  2.964E-003 ,  17.317  ,  16.945 
090:005:02110 , V     , 8     ,       ,  0.000E+000 , -4.620E-001 ,  4.620E-001 ,  9.660E-002 , 19.4ch28@1  ,  1.084E-001 , 19.3ch29@1  ,  1.036E-001 ,  4.066E-003 ,  37.878  ,  29.382 
090:010:02110 , V     , 8     ,       ,  0.000E+000 , -4.620E-001 ,  4.620E-001 ,  9.662E-002 , 19.4ch28@1  ,  1.083E-001 , 19.3ch29@1  ,  1.036E-001 ,  4.066E-003 ,  37.877  ,  29.385 
090:015:02110 ,       , 8     ,       ,  1.000E+000 ,  8.460E-001 ,  1.154E+000 ,  9.196E-001 , 19.3ch28@1  ,  9.242E-001 , 19.3ch29@1  ,  9.219E-001 ,  2.063E-003 ,  24.880  ,  12.256 
090:020:02110 , V     , 8     ,       ,  0.000E+000 , -1.540E-001 ,  1.540E-001 , -1.083E-001 , 19.3ch29@1  , -9.662E-002 , 19.4ch28@1  , -1.036E-001 ,  4.066E-003 ,  12.626  ,  4.134  
090:005:02210 , V     , 8     ,       ,  0.000E+000 , -4.620E-001 ,  4.620E-001 , -1.157E-001 , 19.2ch28@1  , -1.045E-001 , 19.1ch29@1  , -1.105E-001 ,  4.048E-003 ,  38.044  ,  28.949 
090:010:02210 , V     , 8     ,       ,  0.000E+000 , -4.620E-001 ,  4.620E-001 , -1.157E-001 , 19.2ch28@1  , -1.045E-001 , 19.1ch29@1  , -1.104E-001 ,  4.035E-003 ,  38.166  ,  29.042 
090:015:02210 ,       , 8     ,       ,  1.000E+000 ,  8.460E-001 ,  1.154E+000 ,  9.196E-001 , 19.3ch28@1  ,  9.242E-001 , 19.3ch29@1  ,  9.219E-001 ,  2.063E-003 ,  24.880  ,  12.256 
090:020:02210 , V     , 8     ,       ,  0.000E+000 , -1.540E-001 ,  1.540E-001 ,  1.045E-001 , 19.1ch29@1  ,  1.157E-001 , 19.2ch28@1  ,  1.104E-001 ,  4.035E-003 ,  12.722  ,  3.598  
090:015:02310 ,       , 8     ,       ,  1.000E+000 ,  8.460E-001 ,  1.154E+000 ,  9.196E-001 , 19.3ch28@1  ,  9.242E-001 , 19.3ch29@1  ,  9.219E-001 ,  2.063E-003 ,  24.880  ,  12.256 
090:020:02310 , V     , 8     ,       ,  0.000E+000 , -1.540E-001 ,  1.540E-001 , -3.468E-004 , 19.3ch29@1  ,  8.553E-003 , 19.4ch28@1  ,  3.424E-003 ,  2.859E-003 ,  17.953  ,  17.553 
090:005:02120 , V     , 8     ,       ,  0.000E+000 , -3.080E+000 ,  3.080E+000 ,  6.361E-001 , 19.4ch28@1  ,  7.701E-001 , 19.2ch29@1  ,  7.175E-001 ,  4.942E-002 ,  20.775  ,  15.936 
090:015:02120 ,       , 8     ,       ,  1.000E+000 ,  6.920E-001 ,  1.308E+000 ,  9.991E-001 , 19.2ch28@1  ,  1.002E+000 , 19.1ch28@1  ,  1.001E+000 ,  1.009E-003 ,  100.000 ,  100.000
090:020:02120 , V     , 8     ,       ,  0.000E+000 , -2.695E+000 ,  2.695E+000 , -7.701E-001 , 19.2ch29@1  , -6.361E-001 , 19.4ch28@1  , -7.175E-001 ,  4.942E-002 ,  18.178  ,  13.339 
090:005:02220 , V     , 8     ,       ,  0.000E+000 , -3.080E+000 ,  3.080E+000 , -1.661E+000 , 19.1ch28@1  , -1.536E+000 , 19.4ch29@1  , -1.618E+000 ,  4.349E-002 ,  23.606  ,  11.206 
090:015:02220 ,       , 8     ,       ,  1.000E+000 ,  6.920E-001 ,  1.308E+000 ,  9.991E-001 , 19.2ch28@1  ,  1.002E+000 , 19.1ch28@1  ,  1.001E+000 ,  1.009E-003 ,  100.000 ,  100.000
090:020:02220 , V     , 8     ,       ,  0.000E+000 , -2.695E+000 ,  2.695E+000 ,  1.536E+000 , 19.4ch29@1  ,  1.661E+000 , 19.1ch28@1  ,  1.618E+000 ,  4.349E-002 ,  20.655  ,  8.256  
090:015:02320 ,       , 8     ,       ,  1.000E+000 ,  6.920E-001 ,  1.308E+000 ,  9.991E-001 , 19.2ch28@1  ,  1.002E+000 , 19.1ch28@1  ,  1.001E+000 ,  1.009E-003 ,  100.000 ,  100.000
090:020:02320 , V     , 8     ,       ,  0.000E+000 , -2.695E+000 ,  2.695E+000 ,  4.069E-001 , 19.4ch29@1  ,  5.111E-001 , 19.4ch28@1  ,  4.504E-001 ,  3.378E-002 ,  26.597  ,  22.152 
095:025:01000 ,       , 8     , I     ,             ,             ,             ,  4.000E+000 , 19.1ch28@1  ,  4.000E+000 , 19.1ch28@1  ,  4.000E+000 ,  0.000E+000 ,  0.000   ,  0.000  
095:030:01000 ,       , 8     , I     ,             ,             ,             ,  5.200E+001 , 19.3ch28@1  ,  5.800E+001 , 19.2ch28@1  ,  5.463E+001 ,  2.875E+000 ,  0.000   ,  0.000  
095:035:01000 , ps    , 8     ,       ,  5.000E+001 ,  3.075E+001 ,  6.925E+001 ,  4.545E+001 , 19.2ch28@1  ,  5.102E+001 , 19.3ch28@1  ,  4.856E+001 ,  2.688E+000 ,  2.388   ,  2.209  
095:025:02000 ,       , 8     , I     ,             ,             ,             ,  4.000E+000 , 19.1ch28@1  ,  4.000E+000 , 19.1ch28@1  ,  4.000E+000 ,  0.000E+000 ,  0.000   ,  0.000  
095:030:02000 ,       , 8     , I     ,             ,             ,             ,  5.200E+001 , 19.3ch29@1  ,  5.800E+001 , 19.1ch28@1  ,  5.488E+001 ,  2.900E+000 ,  0.000   ,  0.000  
095:035:02000 , ps    , 8     ,       ,  5.000E+001 ,  3.075E+001 ,  6.925E+001 ,  4.545E+001 , 19.1ch28@1  ,  5.102E+001 , 19.3ch29@1  ,  4.832E+001 ,  2.690E+000 ,  2.385   ,  2.178  
100:010:00010 ,       , 4     , I     ,             ,             ,             ,  4.000E+000 , 19.1ch28@1  ,  4.000E+000 , 19.1ch28@1  ,  4.000E+000 ,  0.000E+000 ,  0.000   ,  0.000  
100:015:00010 , ps    , 4     ,       ,  5.000E+001 ,  3.075E+001 ,  6.925E+001 ,  4.545E+001 , 19.2ch28@1  ,  5.102E+001 , 19.3ch28@1  ,  4.867E+001 ,  2.807E+000 ,  2.286   ,  2.128  
100:010:00020 ,       , 4     , I     ,             ,             ,             ,  4.000E+000 , 19.1ch28@1  ,  4.000E+000 , 19.1ch28@1  ,  4.000E+000 ,  0.000E+000 ,  0.000   ,  0.000  
100:015:00020 , ps    , 4     ,       ,  5.000E+001 ,  3.075E+001 ,  6.925E+001 ,  4.545E+001 , 19.1ch28@1  ,  5.102E+001 , 19.4ch28@1  ,  4.798E+001 ,  2.948E+000 ,  2.176   ,  1.948  
100:020:01100 , ns    , 4     ,       ,  0.000E+000 , -2.310E+000 ,  2.310E+000 , -1.751E-003 , 19.1ch28@1  ,  1.005E-001 , 19.4ch28@1  ,  5.034E-002 ,  4.789E-002 ,  16.078  ,  15.728 
100:020:01200 , ns    , 4     ,       ,  0.000E+000 , -2.310E+000 ,  2.310E+000 ,  2.630E-001 , 19.1ch28@1  ,  3.482E-001 , 19.2ch28@1  ,  3.071E-001 ,  3.526E-002 ,  21.836  ,  18.933 
100:020:02100 , ns    , 4     ,       ,  0.000E+000 , -2.310E+000 ,  2.310E+000 , -5.608E-001 , 19.3ch28@1  , -3.923E-001 , 19.2ch28@1  , -4.615E-001 ,  7.754E-002 ,  9.931   ,  7.947  
100:020:02200 , ns    , 4     ,       ,  0.000E+000 , -2.310E+000 ,  2.310E+000 , -2.723E-001 , 19.3ch28@1  , -1.218E-001 , 19.2ch28@1  , -1.990E-001 ,  6.258E-002 ,  12.305  ,  11.244 
100:025:00000 , ns    , 4     ,       ,  0.000E+000 , -2.310E+000 ,  2.310E+000 ,  0.000E+000 , 19.1ch28@1  ,  0.000E+000 , 19.1ch28@1  ,  0.000E+000 ,  0.000E+000 ,  0.000   ,  0.000  
100:030:00000 , ns    , 4     ,       ,  0.000E+000 , -2.310E+000 ,  2.310E+000 , -5.742E-001 , 19.3ch28@1  , -4.700E-001 , 19.2ch28@1  , -5.061E-001 ,  4.735E-002 ,  16.263  ,  12.700 
100:035:00000 , ns    , 4     ,       ,  0.000E+000 , -2.310E+000 ,  2.310E+000 , -1.005E-001 , 19.4ch28@1  ,  1.751E-003 , 19.1ch28@1  , -5.034E-002 ,  4.789E-002 ,  16.078  ,  15.728 
100:040:00000 , ns    , 4     ,       ,  0.000E+000 , -2.310E+000 ,  2.310E+000 , -3.482E-001 , 19.2ch28@1  , -2.630E-001 , 19.1ch28@1  , -3.071E-001 ,  3.526E-002 ,  21.836  ,  18.933 
100:010:10010 ,       , 4     , I     ,             ,             ,             ,  4.000E+000 , 19.1ch28@1  ,  4.000E+000 , 19.1ch28@1  ,  4.000E+000 ,  0.000E+000 ,  0.000   ,  0.000  
100:015:10010 , ps    , 4     ,       ,  5.000E+001 ,  3.075E+001 ,  6.925E+001 ,  4.545E+001 , 19.2ch28@1  ,  5.102E+001 , 19.3ch28@1  ,  4.867E+001 ,  2.807E+000 ,  2.286   ,  2.128  
100:010:10020 ,       , 4     , I     ,             ,             ,             ,  4.000E+000 , 19.1ch28@1  ,  4.000E+000 , 19.1ch28@1  ,  4.000E+000 ,  0.000E+000 ,  0.000   ,  0.000  
100:015:10020 , ps    , 4     ,       ,  5.000E+001 ,  3.075E+001 ,  6.925E+001 ,  4.545E+001 , 19.1ch28@1  ,  5.102E+001 , 19.4ch28@1  ,  4.798E+001 ,  2.948E+000 ,  2.176   ,  1.948  
100:020:11100 , ns    , 4     ,       ,  0.000E+000 , -2.310E+000 ,  2.310E+000 , -2.220E-002 , 19.3ch28@1  ,  1.311E-001 , 19.4ch28@1  ,  4.000E-002 ,  7.220E-002 ,  10.665  ,  10.481 
100:020:11200 , ns    , 4     ,       ,  0.000E+000 , -2.310E+000 ,  2.310E+000 ,  1.904E-001 , 19.3ch28@1  ,  3.954E-001 , 19.4ch28@1  ,  3.036E-001 ,  8.460E-002 ,  9.102   ,  7.906  
100:020:12100 , ns    , 4     ,       ,  0.000E+000 , -2.310E+000 ,  2.310E+000 , -5.366E-001 , 19.1ch28@1  , -4.225E-001 , 19.4ch28@1  , -4.537E-001 ,  5.537E-002 ,  13.906  ,  11.174 
100:020:12200 , ns    , 4     ,       ,  0.000E+000 , -2.310E+000 ,  2.310E+000 , -2.223E-001 , 19.3ch28@1  , -1.607E-001 , 19.4ch28@1  , -1.919E-001 ,  2.817E-002 ,  27.333  ,  25.062 
100:025:10000 , ns    , 4     ,       ,  0.000E+000 , -2.310E+000 ,  2.310E+000 ,  0.000E+000 , 19.1ch28@1  ,  0.000E+000 , 19.1ch28@1  ,  0.000E+000 ,  0.000E+000 ,  0.000   ,  0.000  
100:030:10000 , ns    , 4     ,       ,  0.000E+000 , -2.310E+000 ,  2.310E+000 , -5.561E-001 , 19.4ch28@1  , -4.128E-001 , 19.3ch28@1  , -4.956E-001 ,  6.099E-002 ,  12.625  ,  9.916  
100:035:10000 , ns    , 4     ,       ,  0.000E+000 , -2.310E+000 ,  2.310E+000 , -1.311E-001 , 19.4ch28@1  ,  2.220E-002 , 19.3ch28@1  , -4.000E-002 ,  7.220E-002 ,  10.665  ,  10.481 
100:040:10000 , ns    , 4     ,       ,  0.000E+000 , -2.310E+000 ,  2.310E+000 , -3.954E-001 , 19.4ch28@1  , -1.904E-001 , 19.3ch28@1  , -3.036E-001 ,  8.460E-002 ,  9.102   ,  7.906  
100:010:00011 ,       , 4     , I     ,             ,             ,             ,  4.000E+000 , 19.1ch29@1  ,  4.000E+000 , 19.1ch29@1  ,  4.000E+000 ,  0.000E+000 ,  0.000   ,  0.000  
100:015:00011 , ps    , 4     ,       ,  5.000E+001 ,  3.075E+001 ,  6.925E+001 ,  4.545E+001 , 19.2ch29@1  ,  5.102E+001 , 19.3ch29@1  ,  4.845E+001 ,  2.990E+000 ,  2.146   ,  1.973  
100:010:00021 ,       , 4     , I     ,             ,             ,             ,  4.000E+000 , 19.1ch29@1  ,  4.000E+000 , 19.1ch29@1  ,  4.000E+000 ,  0.000E+000 ,  0.000   ,  0.000  
100:015:00021 , ps    , 4     ,       ,  5.000E+001 ,  3.075E+001 ,  6.925E+001 ,  4.545E+001 , 19.2ch29@1  ,  5.102E+001 , 19.3ch29@1  ,  4.867E+001 ,  2.807E+000 ,  2.286   ,  2.128  
100:020:01101 , ns    , 4     ,       ,  0.000E+000 , -2.310E+000 ,  2.310E+000 , -3.786E-001 , 19.4ch29@1  , -2.919E-001 , 19.1ch29@1  , -3.233E-001 ,  3.851E-002 ,  19.996  ,  17.198 
100:020:01201 , ns    , 4     ,       ,  0.000E+000 , -2.310E+000 ,  2.310E+000 , -2.847E-001 , 19.4ch29@1  , -2.199E-001 , 19.3ch29@1  , -2.626E-001 ,  2.900E-002 ,  26.551  ,  23.533 
100:020:02101 , ns    , 4     ,       ,  0.000E+000 , -2.310E+000 ,  2.310E+000 , -5.182E-002 , 19.2ch29@1  , -5.098E-004 , 19.4ch29@1  , -2.787E-002 ,  2.296E-002 ,  33.543  ,  33.139 
100:020:02201 , ns    , 4     ,       ,  0.000E+000 , -2.310E+000 ,  2.310E+000 , -8.473E-004 , 19.1ch29@1  ,  8.674E-002 , 19.4ch29@1  ,  2.996E-002 ,  4.070E-002 ,  18.919  ,  18.674 
100:025:00001 , ns    , 4     ,       ,  0.000E+000 , -2.310E+000 ,  2.310E+000 ,  0.000E+000 , 19.1ch29@1  ,  0.000E+000 , 19.1ch29@1  ,  0.000E+000 ,  0.000E+000 ,  0.000   ,  0.000  
100:030:00001 , ns    , 4     ,       ,  0.000E+000 , -2.310E+000 ,  2.310E+000 ,  2.520E-001 , 19.3ch29@1  ,  3.714E-001 , 19.4ch29@1  ,  2.926E-001 ,  5.355E-002 ,  14.380  ,  12.559 
100:035:00001 , ns    , 4     ,       ,  0.000E+000 , -2.310E+000 ,  2.310E+000 ,  2.919E-001 , 19.1ch29@1  ,  3.786E-001 , 19.4ch29@1  ,  3.233E-001 ,  3.851E-002 ,  19.996  ,  17.198 
100:040:00001 , ns    , 4     ,       ,  0.000E+000 , -2.310E+000 ,  2.310E+000 ,  2.199E-001 , 19.3ch29@1  ,  2.847E-001 , 19.4ch29@1  ,  2.626E-001 ,  2.900E-002 ,  26.551  ,  23.533 
100:010:10011 ,       , 4     , I     ,             ,             ,             ,  4.000E+000 , 19.1ch29@1  ,  4.000E+000 , 19.1ch29@1  ,  4.000E+000 ,  0.000E+000 ,  0.000   ,  0.000  
100:015:10011 , ps    , 4     ,       ,  5.000E+001 ,  3.075E+001 ,  6.925E+001 ,  4.545E+001 , 19.2ch29@1  ,  5.102E+001 , 19.3ch29@1  ,  4.845E+001 ,  2.990E+000 ,  2.146   ,  1.973  
100:010:10021 ,       , 4     , I     ,             ,             ,             ,  4.000E+000 , 19.1ch29@1  ,  4.000E+000 , 19.1ch29@1  ,  4.000E+000 ,  0.000E+000 ,  0.000   ,  0.000  
100:015:10021 , ps    , 4     ,       ,  5.000E+001 ,  3.075E+001 ,  6.925E+001 ,  4.545E+001 , 19.2ch29@1  ,  5.102E+001 , 19.3ch29@1  ,  4.867E+001 ,  2.807E+000 ,  2.286   ,  2.128  
100:020:11101 , ns    , 4     ,       ,  0.000E+000 , -2.310E+000 ,  2.310E+000 , -3.036E-001 , 19.4ch29@1  , -1.525E-001 , 19.3ch29@1  , -2.421E-001 ,  6.393E-002 ,  12.045  ,  10.782 
100:020:11201 , ns    , 4     ,       ,  0.000E+000 , -2.310E+000 ,  2.310E+000 , -2.421E-001 , 19.1ch29@1  , -6.837E-002 , 19.3ch29@1  , -1.775E-001 ,  7.631E-002 ,  10.091  ,  9.315  
100:020:12101 , ns    , 4     ,       ,  0.000E+000 , -2.310E+000 ,  2.310E+000 , -3.545E-002 , 19.2ch29@1  ,  1.130E-002 , 19.1ch29@1  , -1.114E-002 ,  2.197E-002 ,  35.041  ,  34.872 
100:020:12201 , ns    , 4     ,       ,  0.000E+000 , -2.310E+000 ,  2.310E+000 ,  2.685E-002 , 19.1ch29@1  ,  9.388E-002 , 19.4ch29@1  ,  5.582E-002 ,  2.891E-002 ,  26.633  ,  25.990 
100:025:10001 , ns    , 4     ,       ,  0.000E+000 , -2.310E+000 ,  2.310E+000 ,  0.000E+000 , 19.1ch29@1  ,  0.000E+000 , 19.1ch29@1  ,  0.000E+000 ,  0.000E+000 ,  0.000   ,  0.000  
100:030:10001 , ns    , 4     ,       ,  0.000E+000 , -2.310E+000 ,  2.310E+000 ,  1.291E-001 , 19.3ch29@1  ,  3.076E-001 , 19.4ch29@1  ,  2.334E-001 ,  7.679E-002 ,  10.027  ,  9.014  
100:035:10001 , ns    , 4     ,       ,  0.000E+000 , -2.310E+000 ,  2.310E+000 ,  1.525E-001 , 19.3ch29@1  ,  3.036E-001 , 19.4ch29@1  ,  2.421E-001 ,  6.393E-002 ,  12.045  ,  10.782 
100:040:10001 , ns    , 4     ,       ,  0.000E+000 , -2.310E+000 ,  2.310E+000 ,  6.837E-002 , 19.3ch29@1  ,  2.421E-001 , 19.1ch29@1  ,  1.775E-001 ,  7.631E-002 ,  10.091  ,  9.315  
